{
"type": "FeatureCollection",
"name": "indicadores",
"crs": { "type": "name", "properties": { "name": "urn:ogc:def:crs:OGC:1.3:CRS84" } },
"xy_coordinate_resolution": 1e-06,
"features": [
{ "type": "Feature", "properties": { "zona_id": 1, "nombre": "Zona Franca", "area_m2": 3204861.12, "area_valida_m2": 3204889.92, "cobertura_pct": 100.0, "ndvi_medio": 0.193, "pct_vegetacion": 27.34, "pct_vegetacion_densa": 4.69, "pct_vegetacion_rala": 22.64, "pct_impermeable": 60.34, "pct_agua": 12.32, "pct_sombra": null, "temp_superficie_c": 42.98, "m2_vegetacion": 876071.3, "m2_impermeable": 1933891.64, "rank_menos_vegetacion": 47, "rank_mas_impermeable": 116 }, "geometry": { "type": "Polygon", "coordinates": [ [ [ -74.759789, 10.977307 ], [ -74.761963, 10.977724 ], [ -74.763075, 10.977954 ], [ -74.763455, 10.977972 ], [ -74.763835, 10.977913 ], [ -74.764189, 10.977824 ], [ -74.764883, 10.977754 ], [ -74.766452, 10.977631 ], [ -74.767798, 10.977642 ], [ -74.768665, 10.977689 ], [ -74.769278, 10.977608 ], [ -74.769973, 10.977487 ], [ -74.769918, 10.975379 ], [ -74.769965, 10.974738 ], [ -74.770092, 10.974219 ], [ -74.770103, 10.973859 ], [ -74.769985, 10.973323 ], [ -74.769923, 10.972689 ], [ -74.769972, 10.972469 ], [ -74.770053, 10.972254 ], [ -74.770119, 10.97159 ], [ -74.770108, 10.971029 ], [ -74.770122, 10.970304 ], [ -74.770521, 10.969139 ], [ -74.770549, 10.968811 ], [ -74.770537, 10.968483 ], [ -74.770557, 10.968204 ], [ -74.770529, 10.967843 ], [ -74.7705, 10.967728 ], [ -74.770492, 10.967175 ], [ -74.770417, 10.966892 ], [ -74.770348, 10.966734 ], [ -74.769843, 10.965899 ], [ -74.769651, 10.965539 ], [ -74.769497, 10.965214 ], [ -74.769447, 10.965066 ], [ -74.769374, 10.964676 ], [ -74.769017, 10.963364 ], [ -74.768792, 10.962752 ], [ -74.768139, 10.961256 ], [ -74.767708, 10.960064 ], [ -74.767176, 10.95866 ], [ -74.766965, 10.957921 ], [ -74.766078, 10.955513 ], [ -74.765637, 10.954252 ], [ -74.765475, 10.953827 ], [ -74.765284, 10.953415 ], [ -74.766357, 10.953026 ], [ -74.769055, 10.952118 ], [ -74.767564, 10.950508 ], [ -74.767162, 10.950645 ], [ -74.766643, 10.950778 ], [ -74.76612, 10.95085 ], [ -74.765684, 10.950877 ], [ -74.765373, 10.950868 ], [ -74.765029, 10.950838 ], [ -74.763629, 10.950651 ], [ -74.762943, 10.95059 ], [ -74.76237, 10.95059 ], [ -74.760942, 10.950628 ], [ -74.758807, 10.950644 ], [ -74.75882, 10.95072 ], [ -74.75881, 10.950816 ], [ -74.758839, 10.950902 ], [ -74.758892, 10.950978 ], [ -74.759028, 10.951103 ], [ -74.758982, 10.951346 ], [ -74.758902, 10.951457 ], [ -74.758873, 10.951543 ], [ -74.758858, 10.951729 ], [ -74.758834, 10.95182 ], [ -74.758698, 10.951949 ], [ -74.75865, 10.952031 ], [ -74.758645, 10.952122 ], [ -74.758568, 10.952289 ], [ -74.758538, 10.952844 ], [ -74.758655, 10.952854 ], [ -74.758659, 10.952777 ], [ -74.758708, 10.952777 ], [ -74.758747, 10.952811 ], [ -74.758766, 10.952978 ], [ -74.758761, 10.95316 ], [ -74.758843, 10.953423 ], [ -74.758853, 10.953514 ], [ -74.758843, 10.954155 ], [ -74.758838, 10.954246 ], [ -74.758814, 10.954337 ], [ -74.758853, 10.954609 ], [ -74.758799, 10.954686 ], [ -74.758804, 10.955049 ], [ -74.758785, 10.95514 ], [ -74.758828, 10.955226 ], [ -74.758838, 10.955317 ], [ -74.758785, 10.95559 ], [ -74.758809, 10.955681 ], [ -74.758804, 10.955772 ], [ -74.75878, 10.955863 ], [ -74.758789, 10.956044 ], [ -74.758777, 10.956089 ], [ -74.758791, 10.956089 ], [ -74.758767, 10.956271 ], [ -74.758796, 10.956735 ], [ -74.758796, 10.957099 ], [ -74.758782, 10.95719 ], [ -74.758743, 10.957281 ], [ -74.758733, 10.957735 ], [ -74.758689, 10.957816 ], [ -74.758665, 10.957907 ], [ -74.758665, 10.958089 ], [ -74.75867, 10.958185 ], [ -74.758796, 10.958371 ], [ -74.758781, 10.959017 ], [ -74.758849, 10.959472 ], [ -74.758858, 10.959653 ], [ -74.758869, 10.959662 ], [ -74.758509, 10.961299 ], [ -74.758764, 10.967862 ], [ -74.758851, 10.970407 ], [ -74.758851, 10.970776 ], [ -74.758909, 10.970847 ], [ -74.75903, 10.970848 ], [ -74.759049, 10.970929 ], [ -74.759039, 10.971206 ], [ -74.759064, 10.971297 ], [ -74.759064, 10.971388 ], [ -74.759054, 10.971479 ], [ -74.758996, 10.971656 ], [ -74.758996, 10.971747 ], [ -74.75902, 10.971838 ], [ -74.759015, 10.971929 ], [ -74.758923, 10.971953 ], [ -74.758923, 10.972034 ], [ -74.759059, 10.972015 ], [ -74.759073, 10.97234 ], [ -74.759102, 10.972527 ], [ -74.759112, 10.973 ], [ -74.759136, 10.973168 ], [ -74.759203, 10.973436 ], [ -74.759237, 10.973713 ], [ -74.759208, 10.973799 ], [ -74.759213, 10.97389 ], [ -74.759286, 10.973947 ], [ -74.759378, 10.973976 ], [ -74.75945, 10.974034 ], [ -74.759499, 10.974211 ], [ -74.759581, 10.974378 ], [ -74.759581, 10.974469 ], [ -74.759678, 10.974703 ], [ -74.759678, 10.974756 ], [ -74.75945, 10.974775 ], [ -74.75948, 10.975314 ], [ -74.759514, 10.9754 ], [ -74.759659, 10.97564 ], [ -74.759683, 10.97573 ], [ -74.759678, 10.975821 ], [ -74.759499, 10.976037 ], [ -74.759446, 10.976218 ], [ -74.759446, 10.976309 ], [ -74.75947, 10.9764 ], [ -74.759562, 10.976424 ], [ -74.759731, 10.976505 ], [ -74.759809, 10.976558 ], [ -74.759877, 10.976625 ], [ -74.75992, 10.976711 ], [ -74.759833, 10.976979 ], [ -74.759789, 10.977307 ] ] ] } },
{ "type": "Feature", "properties": { "zona_id": 2, "nombre": "Barlovento", "area_m2": 104016.4, "area_valida_m2": 103916.16, "cobertura_pct": 99.9, "ndvi_medio": 0.239, "pct_vegetacion": 26.61, "pct_vegetacion_densa": 3.22, "pct_vegetacion_rala": 23.39, "pct_impermeable": 72.89, "pct_agua": 0.5, "pct_sombra": null, "temp_superficie_c": 42.8, "m2_vegetacion": 27650.39, "m2_impermeable": 75748.33, "rank_menos_vegetacion": 45, "rank_mas_impermeable": 44 }, "geometry": { "type": "Polygon", "coordinates": [ [ [ -74.77511, 10.986326 ], [ -74.775261, 10.986519 ], [ -74.775372, 10.986737 ], [ -74.775394, 10.986974 ], [ -74.775469, 10.987223 ], [ -74.777199, 10.990697 ], [ -74.777234, 10.990716 ], [ -74.777278, 10.990716 ], [ -74.777882, 10.990423 ], [ -74.777947, 10.990547 ], [ -74.77823, 10.990403 ], [ -74.778246, 10.990377 ], [ -74.778242, 10.990352 ], [ -74.778577, 10.99019 ], [ -74.778591, 10.990137 ], [ -74.778536, 10.990021 ], [ -74.779229, 10.989751 ], [ -74.778896, 10.98939 ], [ -74.77807, 10.988607 ], [ -74.777939, 10.988465 ], [ -74.777802, 10.988281 ], [ -74.777572, 10.987925 ], [ -74.777032, 10.987016 ], [ -74.776504, 10.986034 ], [ -74.776178, 10.98556 ], [ -74.775501, 10.985471 ], [ -74.77511, 10.986326 ] ] ] } },
{ "type": "Feature", "properties": { "zona_id": 3, "nombre": "Villanueva", "area_m2": 2009736.74, "area_valida_m2": 2009766.24, "cobertura_pct": 100.0, "ndvi_medio": 0.304, "pct_vegetacion": 43.53, "pct_vegetacion_densa": 13.04, "pct_vegetacion_rala": 30.5, "pct_impermeable": 55.38, "pct_agua": 1.08, "pct_sombra": null, "temp_superficie_c": 42.58, "m2_vegetacion": 874942.95, "m2_impermeable": 1113094.65, "rank_menos_vegetacion": 133, "rank_mas_impermeable": 137 }, "geometry": { "type": "Polygon", "coordinates": [ [ [ -74.759789, 10.977307 ], [ -74.759721, 10.97784 ], [ -74.759745, 10.978022 ], [ -74.759794, 10.978209 ], [ -74.759876, 10.978376 ], [ -74.759891, 10.978649 ], [ -74.759939, 10.978812 ], [ -74.759947, 10.978907 ], [ -74.760031, 10.978993 ], [ -74.760142, 10.97906 ], [ -74.760225, 10.97917 ], [ -74.76022, 10.979352 ], [ -74.760239, 10.979443 ], [ -74.760316, 10.979615 ], [ -74.760302, 10.979706 ], [ -74.760307, 10.979888 ], [ -74.760379, 10.980256 ], [ -74.760457, 10.980424 ], [ -74.760573, 10.980873 ], [ -74.760607, 10.980931 ], [ -74.760553, 10.980955 ], [ -74.760732, 10.981342 ], [ -74.760766, 10.981524 ], [ -74.760805, 10.981591 ], [ -74.760859, 10.981642 ], [ -74.760892, 10.981824 ], [ -74.760976, 10.981991 ], [ -74.761045, 10.982052 ], [ -74.761078, 10.982231 ], [ -74.761129, 10.982407 ], [ -74.761245, 10.982655 ], [ -74.761455, 10.983267 ], [ -74.761504, 10.983442 ], [ -74.761529, 10.983624 ], [ -74.76159, 10.983693 ], [ -74.761704, 10.983991 ], [ -74.761766, 10.98406 ], [ -74.761755, 10.984165 ], [ -74.761783, 10.984257 ], [ -74.761783, 10.984353 ], [ -74.761841, 10.984535 ], [ -74.761914, 10.984707 ], [ -74.762016, 10.984865 ], [ -74.762054, 10.984951 ], [ -74.761938, 10.985095 ], [ -74.762011, 10.985152 ], [ -74.762069, 10.98508 ], [ -74.762156, 10.985119 ], [ -74.762277, 10.985372 ], [ -74.762345, 10.985439 ], [ -74.762388, 10.985616 ], [ -74.762504, 10.98587 ], [ -74.762659, 10.986104 ], [ -74.762713, 10.986281 ], [ -74.762756, 10.986362 ], [ -74.762935, 10.986578 ], [ -74.763022, 10.98674 ], [ -74.763061, 10.986827 ], [ -74.76309, 10.987008 ], [ -74.763119, 10.987094 ], [ -74.763182, 10.987171 ], [ -74.763259, 10.987214 ], [ -74.763351, 10.987472 ], [ -74.763448, 10.98764 ], [ -74.763472, 10.987731 ], [ -74.763588, 10.987879 ], [ -74.763792, 10.9883 ], [ -74.763898, 10.988463 ], [ -74.763913, 10.988554 ], [ -74.763976, 10.988621 ], [ -74.764024, 10.988702 ], [ -74.764169, 10.98886 ], [ -74.764252, 10.988908 ], [ -74.764314, 10.988975 ], [ -74.764397, 10.989027 ], [ -74.764489, 10.989042 ], [ -74.764561, 10.989099 ], [ -74.764707, 10.989338 ], [ -74.764794, 10.989602 ], [ -74.764827, 10.989783 ], [ -74.764939, 10.990042 ], [ -74.76504, 10.990195 ], [ -74.765069, 10.990286 ], [ -74.765195, 10.990434 ], [ -74.765282, 10.990602 ], [ -74.765447, 10.990831 ], [ -74.765505, 10.991008 ], [ -74.765539, 10.99119 ], [ -74.765573, 10.991276 ], [ -74.765626, 10.991353 ], [ -74.765708, 10.99152 ], [ -74.765839, 10.991649 ], [ -74.765883, 10.991735 ], [ -74.765892, 10.991826 ], [ -74.766062, 10.992051 ], [ -74.766105, 10.992228 ], [ -74.766183, 10.992396 ], [ -74.766187, 10.992487 ], [ -74.766212, 10.992577 ], [ -74.76625, 10.992668 ], [ -74.766429, 10.992888 ], [ -74.766473, 10.992975 ], [ -74.766516, 10.993156 ], [ -74.766594, 10.993214 ], [ -74.766657, 10.993286 ], [ -74.766676, 10.993376 ], [ -74.766773, 10.993544 ], [ -74.766846, 10.993601 ], [ -74.766904, 10.993673 ], [ -74.766938, 10.993759 ], [ -74.767025, 10.993793 ], [ -74.767063, 10.993879 ], [ -74.767073, 10.99397 ], [ -74.767228, 10.99408 ], [ -74.767272, 10.994161 ], [ -74.767368, 10.994424 ], [ -74.767572, 10.994616 ], [ -74.767654, 10.994659 ], [ -74.767863, 10.994871 ], [ -74.771024, 10.989667 ], [ -74.771083, 10.989102 ], [ -74.773045, 10.98636 ], [ -74.773267, 10.986122 ], [ -74.773403, 10.986051 ], [ -74.77362, 10.985995 ], [ -74.773955, 10.985959 ], [ -74.77429, 10.985983 ], [ -74.774509, 10.986032 ], [ -74.774823, 10.986152 ], [ -74.77511, 10.986326 ], [ -74.775535, 10.985403 ], [ -74.775681, 10.985002 ], [ -74.77579, 10.984621 ], [ -74.77579, 10.9844 ], [ -74.775566, 10.98361 ], [ -74.775499, 10.983432 ], [ -74.774754, 10.980414 ], [ -74.774756, 10.980119 ], [ -74.775031, 10.978969 ], [ -74.775029, 10.978882 ], [ -74.775068, 10.97863 ], [ -74.775058, 10.978484 ], [ -74.77501, 10.978346 ], [ -74.774929, 10.978227 ], [ -74.774758, 10.978111 ], [ -74.77423, 10.977957 ], [ -74.773381, 10.977779 ], [ -74.770588, 10.977381 ], [ -74.769278, 10.977608 ], [ -74.768665, 10.977689 ], [ -74.767798, 10.977642 ], [ -74.766452, 10.977631 ], [ -74.764883, 10.977754 ], [ -74.764189, 10.977824 ], [ -74.763835, 10.977913 ], [ -74.763455, 10.977972 ], [ -74.763075, 10.977954 ], [ -74.761963, 10.977724 ], [ -74.759789, 10.977307 ] ] ] } },
{ "type": "Feature", "properties": { "zona_id": 4, "nombre": "San Salvador", "area_m2": 208029.88, "area_valida_m2": 208010.88, "cobertura_pct": 99.99, "ndvi_medio": 0.232, "pct_vegetacion": 24.3, "pct_vegetacion_densa": 2.52, "pct_vegetacion_rala": 21.78, "pct_impermeable": 75.43, "pct_agua": 0.27, "pct_sombra": null, "temp_superficie_c": 42.48, "m2_vegetacion": 50546.75, "m2_impermeable": 156903.66, "rank_menos_vegetacion": 31, "rank_mas_impermeable": 30 }, "geometry": { "type": "Polygon", "coordinates": [ [ [ -74.802044, 11.024387 ], [ -74.802819, 11.025225 ], [ -74.803925, 11.026456 ], [ -74.804072, 11.026327 ], [ -74.804541, 11.026158 ], [ -74.804913, 11.026063 ], [ -74.805421, 11.025996 ], [ -74.80581, 11.025911 ], [ -74.806334, 11.02573 ], [ -74.806775, 11.025503 ], [ -74.806622, 11.025252 ], [ -74.807216, 11.02336 ], [ -74.806757, 11.022822 ], [ -74.806735, 11.022774 ], [ -74.806713, 11.022624 ], [ -74.806633, 11.022485 ], [ -74.806152, 11.022017 ], [ -74.806107, 11.022001 ], [ -74.805571, 11.021513 ], [ -74.805066, 11.020964 ], [ -74.80287, 11.022914 ], [ -74.802696, 11.023127 ], [ -74.802417, 11.023739 ], [ -74.802245, 11.024079 ], [ -74.802044, 11.024387 ] ] ] } },
{ "type": "Feature", "properties": { "zona_id": 5, "nombre": "Industrial Vía 40", "area_m2": 2294295.77, "area_valida_m2": 2294367.84, "cobertura_pct": 100.0, "ndvi_medio": 0.338, "pct_vegetacion": 44.68, "pct_vegetacion_densa": 25.57, "pct_vegetacion_rala": 19.11, "pct_impermeable": 52.94, "pct_agua": 2.38, "pct_sombra": null, "temp_superficie_c": 40.47, "m2_vegetacion": 1025117.82, "m2_impermeable": 1214660.68, "rank_menos_vegetacion": 139, "rank_mas_impermeable": 144 }, "geometry": { "type": "Polygon", "coordinates": [ [ [ -74.779165, 11.008051 ], [ -74.779455, 11.008097 ], [ -74.779499, 11.008179 ], [ -74.779562, 11.008246 ], [ -74.77961, 11.008327 ], [ -74.779862, 11.0086 ], [ -74.780007, 11.008734 ], [ -74.780055, 11.008815 ], [ -74.780065, 11.008906 ], [ -74.780109, 11.008987 ], [ -74.780443, 11.009174 ], [ -74.780786, 11.009322 ], [ -74.780869, 11.00937 ], [ -74.780937, 11.009466 ], [ -74.781532, 11.009753 ], [ -74.781614, 11.009805 ], [ -74.781677, 11.009877 ], [ -74.781919, 11.010035 ], [ -74.782263, 11.010471 ], [ -74.78236, 11.010628 ], [ -74.782447, 11.010681 ], [ -74.782515, 11.010743 ], [ -74.782646, 11.010892 ], [ -74.782689, 11.010973 ], [ -74.782757, 11.011035 ], [ -74.782917, 11.011136 ], [ -74.783057, 11.011265 ], [ -74.783173, 11.011408 ], [ -74.78326, 11.011461 ], [ -74.783391, 11.0116 ], [ -74.783556, 11.011695 ], [ -74.783774, 11.011877 ], [ -74.783938, 11.011968 ], [ -74.784006, 11.01203 ], [ -74.784103, 11.012188 ], [ -74.784345, 11.012346 ], [ -74.784432, 11.01238 ], [ -74.784742, 11.01259 ], [ -74.784805, 11.012657 ], [ -74.784887, 11.012705 ], [ -74.785163, 11.012954 ], [ -74.785638, 11.01326 ], [ -74.785928, 11.013499 ], [ -74.785991, 11.013571 ], [ -74.786131, 11.013691 ], [ -74.786286, 11.013801 ], [ -74.786349, 11.013868 ], [ -74.786446, 11.01403 ], [ -74.786601, 11.014107 ], [ -74.786727, 11.01427 ], [ -74.786809, 11.014317 ], [ -74.78695, 11.014456 ], [ -74.787027, 11.014643 ], [ -74.787085, 11.014719 ], [ -74.787177, 11.014805 ], [ -74.787521, 11.015054 ], [ -74.787642, 11.015193 ], [ -74.787845, 11.01538 ], [ -74.788, 11.01548 ], [ -74.788533, 11.015987 ], [ -74.788722, 11.016193 ], [ -74.788828, 11.016346 ], [ -74.788886, 11.016437 ], [ -74.78891, 11.016533 ], [ -74.788997, 11.016695 ], [ -74.789264, 11.016968 ], [ -74.789341, 11.01703 ], [ -74.789462, 11.017174 ], [ -74.789617, 11.017289 ], [ -74.789704, 11.017327 ], [ -74.789777, 11.017384 ], [ -74.789946, 11.01748 ], [ -74.790038, 11.017514 ], [ -74.790193, 11.017619 ], [ -74.790334, 11.017743 ], [ -74.79045, 11.017887 ], [ -74.790527, 11.017939 ], [ -74.79059, 11.018006 ], [ -74.790963, 11.018298 ], [ -74.791045, 11.018341 ], [ -74.791118, 11.018403 ], [ -74.791152, 11.018466 ], [ -74.791176, 11.018468 ], [ -74.791239, 11.01854 ], [ -74.791553, 11.01876 ], [ -74.791737, 11.018975 ], [ -74.791878, 11.0191 ], [ -74.792038, 11.0192 ], [ -74.792188, 11.01932 ], [ -74.792328, 11.019564 ], [ -74.792352, 11.019655 ], [ -74.792468, 11.019798 ], [ -74.792614, 11.019913 ], [ -74.792667, 11.01999 ], [ -74.792841, 11.020052 ], [ -74.792919, 11.020109 ], [ -74.793011, 11.020128 ], [ -74.793185, 11.020195 ], [ -74.793229, 11.020387 ], [ -74.793296, 11.020449 ], [ -74.793379, 11.020497 ], [ -74.793505, 11.02064 ], [ -74.793655, 11.02075 ], [ -74.793945, 11.021119 ], [ -74.794081, 11.021257 ], [ -74.794182, 11.021415 ], [ -74.794352, 11.021635 ], [ -74.794439, 11.021669 ], [ -74.794628, 11.021879 ], [ -74.794671, 11.021961 ], [ -74.794744, 11.022018 ], [ -74.794923, 11.022229 ], [ -74.795001, 11.022281 ], [ -74.795204, 11.022482 ], [ -74.795349, 11.022602 ], [ -74.795461, 11.022755 ], [ -74.795538, 11.022812 ], [ -74.795625, 11.022851 ], [ -74.795732, 11.023009 ], [ -74.795853, 11.023147 ], [ -74.796109, 11.023267 ], [ -74.796177, 11.023329 ], [ -74.796274, 11.023592 ], [ -74.796347, 11.02365 ], [ -74.796434, 11.023678 ], [ -74.796593, 11.023788 ], [ -74.796719, 11.023932 ], [ -74.796802, 11.023975 ], [ -74.796855, 11.024056 ], [ -74.796928, 11.024114 ], [ -74.797092, 11.024224 ], [ -74.797179, 11.024257 ], [ -74.797262, 11.02431 ], [ -74.797363, 11.024468 ], [ -74.797538, 11.02454 ], [ -74.797581, 11.024621 ], [ -74.797644, 11.024693 ], [ -74.797872, 11.024851 ], [ -74.798046, 11.025071 ], [ -74.798114, 11.025133 ], [ -74.798135, 11.025186 ], [ -74.798213, 11.025206 ], [ -74.798276, 11.025278 ], [ -74.798363, 11.025321 ], [ -74.798431, 11.025383 ], [ -74.798653, 11.025689 ], [ -74.798862, 11.02611 ], [ -74.799046, 11.026134 ], [ -74.79966, 11.026704 ], [ -74.799898, 11.026995 ], [ -74.800149, 11.027273 ], [ -74.800261, 11.027426 ], [ -74.800295, 11.027512 ], [ -74.800304, 11.027603 ], [ -74.800348, 11.027699 ], [ -74.800824, 11.026295 ], [ -74.800988, 11.025966 ], [ -74.801081, 11.025728 ], [ -74.801268, 11.02513 ], [ -74.801331, 11.025019 ], [ -74.801452, 11.024871 ], [ -74.802044, 11.024387 ], [ -74.800163, 11.022241 ], [ -74.798765, 11.020507 ], [ -74.796654, 11.017644 ], [ -74.797179, 11.017113 ], [ -74.797738, 11.015965 ], [ -74.797889, 11.01575 ], [ -74.797588, 11.015604 ], [ -74.797574, 11.015625 ], [ -74.797298, 11.015424 ], [ -74.797661, 11.014934 ], [ -74.797863, 11.014627 ], [ -74.793924, 11.011741 ], [ -74.794395, 11.010987 ], [ -74.793791, 11.010567 ], [ -74.793729, 11.010446 ], [ -74.793678, 11.010083 ], [ -74.793669, 11.01005 ], [ -74.79364, 11.010019 ], [ -74.792882, 11.009471 ], [ -74.792856, 11.009409 ], [ -74.792758, 11.00834 ], [ -74.792734, 11.008281 ], [ -74.792653, 11.008186 ], [ -74.792172, 11.007891 ], [ -74.791136, 11.007216 ], [ -74.790991, 11.007269 ], [ -74.790878, 11.007353 ], [ -74.790581, 11.007703 ], [ -74.790462, 11.007895 ], [ -74.789505, 11.006125 ], [ -74.789128, 11.005596 ], [ -74.788624, 11.005081 ], [ -74.788174, 11.004656 ], [ -74.785891, 11.003048 ], [ -74.785397, 11.002647 ], [ -74.785056, 11.002311 ], [ -74.784779, 11.001994 ], [ -74.784505, 11.001613 ], [ -74.78428, 11.001227 ], [ -74.783364, 11.00176 ], [ -74.783021, 11.001835 ], [ -74.782657, 11.001857 ], [ -74.78258, 11.00233 ], [ -74.782155, 11.00318 ], [ -74.781454, 11.004347 ], [ -74.781072, 11.00513 ], [ -74.779823, 11.006205 ], [ -74.779386, 11.007296 ], [ -74.77924, 11.007925 ], [ -74.779165, 11.008051 ] ] ] } },
{ "type": "Feature", "properties": { "zona_id": 6, "nombre": "Siape", "area_m2": 125888.67, "area_valida_m2": 125824.32, "cobertura_pct": 99.95, "ndvi_medio": 0.249, "pct_vegetacion": 30.87, "pct_vegetacion_densa": 3.93, "pct_vegetacion_rala": 26.93, "pct_impermeable": 68.07, "pct_agua": 1.06, "pct_sombra": null, "temp_superficie_c": 40.99, "m2_vegetacion": 38837.58, "m2_impermeable": 85650.65, "rank_menos_vegetacion": 63, "rank_mas_impermeable": 64 }, "geometry": { "type": "Polygon", "coordinates": [ [ [ -74.800348, 11.027699 ], [ -74.800517, 11.028024 ], [ -74.800421, 11.028148 ], [ -74.801026, 11.028832 ], [ -74.801064, 11.028799 ], [ -74.801113, 11.028832 ], [ -74.801055, 11.028885 ], [ -74.801307, 11.029186 ], [ -74.801432, 11.029105 ], [ -74.801394, 11.029053 ], [ -74.801423, 11.029033 ], [ -74.80151, 11.029091 ], [ -74.801442, 11.029196 ], [ -74.802052, 11.029703 ], [ -74.802598, 11.029135 ], [ -74.80284, 11.028918 ], [ -74.80216, 11.028319 ], [ -74.803326, 11.027401 ], [ -74.804129, 11.026684 ], [ -74.802819, 11.025225 ], [ -74.802044, 11.024387 ], [ -74.801452, 11.024871 ], [ -74.801331, 11.025019 ], [ -74.801268, 11.02513 ], [ -74.801081, 11.025728 ], [ -74.800988, 11.025966 ], [ -74.800824, 11.026295 ], [ -74.800348, 11.027699 ] ] ] } },
{ "type": "Feature", "properties": { "zona_id": 7, "nombre": "Industrial Norte", "area_m2": 2808095.39, "area_valida_m2": 2807933.76, "cobertura_pct": 99.99, "ndvi_medio": 0.251, "pct_vegetacion": 32.92, "pct_vegetacion_densa": 10.82, "pct_vegetacion_rala": 22.1, "pct_impermeable": 66.78, "pct_agua": 0.3, "pct_sombra": null, "temp_superficie_c": 41.01, "m2_vegetacion": 924238.24, "m2_impermeable": 1875158.06, "rank_menos_vegetacion": 74, "rank_mas_impermeable": 74 }, "geometry": { "type": "Polygon", "coordinates": [ [ [ -74.820945, 11.041199 ], [ -74.821216, 11.041271 ], [ -74.821284, 11.041338 ], [ -74.821371, 11.041367 ], [ -74.821463, 11.041377 ], [ -74.82173, 11.041472 ], [ -74.821914, 11.041506 ], [ -74.822088, 11.041582 ], [ -74.822538, 11.041731 ], [ -74.822587, 11.041769 ], [ -74.822621, 11.041774 ], [ -74.822756, 11.041903 ], [ -74.823124, 11.041989 ], [ -74.823192, 11.042051 ], [ -74.823439, 11.04219 ], [ -74.823531, 11.042199 ], [ -74.823618, 11.042233 ], [ -74.82373, 11.042391 ], [ -74.823792, 11.042515 ], [ -74.823825, 11.042436 ], [ -74.823784, 11.04242 ], [ -74.823834, 11.042314 ], [ -74.823736, 11.042269 ], [ -74.824098, 11.041478 ], [ -74.824236, 11.041457 ], [ -74.82414, 11.041177 ], [ -74.824249, 11.04109 ], [ -74.82412, 11.040684 ], [ -74.824128, 11.040623 ], [ -74.824039, 11.040289 ], [ -74.824082, 11.040209 ], [ -74.823853, 11.03932 ], [ -74.823881, 11.039246 ], [ -74.824066, 11.039199 ], [ -74.82404, 11.039172 ], [ -74.823808, 11.039121 ], [ -74.823837, 11.038973 ], [ -74.825409, 11.036948 ], [ -74.825477, 11.037 ], [ -74.825761, 11.037363 ], [ -74.826279, 11.038314 ], [ -74.826365, 11.038534 ], [ -74.826654, 11.039019 ], [ -74.827181, 11.038846 ], [ -74.827125, 11.038848 ], [ -74.827086, 11.038832 ], [ -74.826987, 11.038755 ], [ -74.826928, 11.038646 ], [ -74.82692, 11.038561 ], [ -74.826946, 11.038252 ], [ -74.827036, 11.037606 ], [ -74.827108, 11.037368 ], [ -74.82718, 11.03723 ], [ -74.827271, 11.037103 ], [ -74.827461, 11.036906 ], [ -74.828975, 11.03542 ], [ -74.82974, 11.034591 ], [ -74.830387, 11.033816 ], [ -74.831164, 11.032673 ], [ -74.829786, 11.031916 ], [ -74.829015, 11.031441 ], [ -74.828619, 11.031173 ], [ -74.828057, 11.030822 ], [ -74.827762, 11.030709 ], [ -74.827423, 11.030655 ], [ -74.822991, 11.030128 ], [ -74.820108, 11.029635 ], [ -74.819041, 11.0294 ], [ -74.818678, 11.02929 ], [ -74.81788, 11.02898 ], [ -74.816186, 11.028179 ], [ -74.815107, 11.026809 ], [ -74.814655, 11.026291 ], [ -74.813283, 11.024523 ], [ -74.812731, 11.024648 ], [ -74.811928, 11.02487 ], [ -74.811433, 11.024584 ], [ -74.810898, 11.024509 ], [ -74.810797, 11.025902 ], [ -74.8093, 11.024274 ], [ -74.809075, 11.025427 ], [ -74.808267, 11.025262 ], [ -74.807883, 11.025238 ], [ -74.807627, 11.025253 ], [ -74.807179, 11.02536 ], [ -74.806789, 11.025496 ], [ -74.806334, 11.02573 ], [ -74.80581, 11.025911 ], [ -74.805421, 11.025996 ], [ -74.805038, 11.02604 ], [ -74.804789, 11.026091 ], [ -74.804541, 11.026158 ], [ -74.804072, 11.026327 ], [ -74.803925, 11.026456 ], [ -74.804129, 11.026684 ], [ -74.803326, 11.027401 ], [ -74.80216, 11.028319 ], [ -74.80284, 11.028918 ], [ -74.802598, 11.029135 ], [ -74.802149, 11.029608 ], [ -74.802275, 11.029742 ], [ -74.802444, 11.029823 ], [ -74.802619, 11.02988 ], [ -74.802691, 11.029938 ], [ -74.802745, 11.030014 ], [ -74.802885, 11.030139 ], [ -74.803132, 11.030277 ], [ -74.803277, 11.030397 ], [ -74.80336, 11.03044 ], [ -74.803636, 11.030521 ], [ -74.803694, 11.030593 ], [ -74.803771, 11.030646 ], [ -74.803863, 11.030679 ], [ -74.80397, 11.030742 ], [ -74.804037, 11.030804 ], [ -74.804207, 11.03089 ], [ -74.804352, 11.031005 ], [ -74.804522, 11.031091 ], [ -74.804681, 11.031191 ], [ -74.804754, 11.031253 ], [ -74.804938, 11.03132 ], [ -74.805175, 11.031474 ], [ -74.805437, 11.031579 ], [ -74.805679, 11.031722 ], [ -74.805752, 11.03178 ], [ -74.806338, 11.032076 ], [ -74.80643, 11.032105 ], [ -74.806618, 11.032119 ], [ -74.806701, 11.032167 ], [ -74.806773, 11.032225 ], [ -74.806817, 11.032311 ], [ -74.80704, 11.032478 ], [ -74.807374, 11.032665 ], [ -74.807466, 11.032684 ], [ -74.80749, 11.032775 ], [ -74.807519, 11.032811 ], [ -74.807553, 11.032785 ], [ -74.807645, 11.032804 ], [ -74.807805, 11.032914 ], [ -74.807897, 11.032942 ], [ -74.808144, 11.033076 ], [ -74.808207, 11.033143 ], [ -74.808289, 11.033186 ], [ -74.808633, 11.033335 ], [ -74.808725, 11.033354 ], [ -74.808793, 11.033416 ], [ -74.808957, 11.033507 ], [ -74.809049, 11.033507 ], [ -74.809223, 11.033569 ], [ -74.809291, 11.033636 ], [ -74.809475, 11.033689 ], [ -74.809543, 11.033751 ], [ -74.809635, 11.03377 ], [ -74.80965, 11.033861 ], [ -74.809703, 11.033938 ], [ -74.810473, 11.034296 ], [ -74.810831, 11.034483 ], [ -74.810941, 11.034573 ], [ -74.810947, 11.03456 ], [ -74.811034, 11.034588 ], [ -74.811185, 11.034703 ], [ -74.811267, 11.034746 ], [ -74.811359, 11.034756 ], [ -74.811407, 11.034837 ], [ -74.811659, 11.034966 ], [ -74.811892, 11.035124 ], [ -74.812061, 11.035205 ], [ -74.812211, 11.03533 ], [ -74.812376, 11.035421 ], [ -74.812812, 11.035593 ], [ -74.812981, 11.035679 ], [ -74.813247, 11.035775 ], [ -74.813567, 11.035971 ], [ -74.813916, 11.036119 ], [ -74.813993, 11.036177 ], [ -74.814182, 11.036249 ], [ -74.81439, 11.036502 ], [ -74.815112, 11.037052 ], [ -74.815722, 11.037579 ], [ -74.816463, 11.038105 ], [ -74.81654, 11.038019 ], [ -74.816845, 11.038258 ], [ -74.816918, 11.038177 ], [ -74.817082, 11.038263 ], [ -74.817053, 11.038325 ], [ -74.817257, 11.038468 ], [ -74.817412, 11.038373 ], [ -74.817451, 11.038468 ], [ -74.817397, 11.038569 ], [ -74.8183, 11.0391 ], [ -74.81835, 11.039018 ], [ -74.818422, 11.039075 ], [ -74.818567, 11.0392 ], [ -74.81881, 11.039487 ], [ -74.818853, 11.039568 ], [ -74.818926, 11.03963 ], [ -74.819163, 11.039788 ], [ -74.819333, 11.039879 ], [ -74.81957, 11.040042 ], [ -74.819589, 11.040133 ], [ -74.819705, 11.040391 ], [ -74.819662, 11.040472 ], [ -74.819589, 11.04053 ], [ -74.819584, 11.040621 ], [ -74.819638, 11.040702 ], [ -74.81972, 11.04075 ], [ -74.819807, 11.040721 ], [ -74.819948, 11.040845 ], [ -74.820035, 11.040817 ], [ -74.820132, 11.040812 ], [ -74.820272, 11.040936 ], [ -74.82033, 11.041008 ], [ -74.820417, 11.041176 ], [ -74.820509, 11.041156 ], [ -74.820592, 11.041113 ], [ -74.820684, 11.041118 ], [ -74.820848, 11.041214 ], [ -74.820945, 11.041199 ] ] ] } },
{ "type": "Feature", "properties": { "zona_id": 8, "nombre": "Las Flores", "area_m2": 388465.37, "area_valida_m2": 388504.8, "cobertura_pct": 100.0, "ndvi_medio": 0.238, "pct_vegetacion": 24.99, "pct_vegetacion_densa": 3.14, "pct_vegetacion_rala": 21.85, "pct_impermeable": 74.75, "pct_agua": 0.26, "pct_sombra": null, "temp_superficie_c": 41.22, "m2_vegetacion": 97075.8, "m2_impermeable": 290407.55, "rank_menos_vegetacion": 37, "rank_mas_impermeable": 34 }, "geometry": { "type": "Polygon", "coordinates": [ [ [ -74.823792, 11.042515 ], [ -74.823851, 11.042649 ], [ -74.823918, 11.042721 ], [ -74.823986, 11.042893 ], [ -74.824054, 11.042955 ], [ -74.824146, 11.042931 ], [ -74.824185, 11.042845 ], [ -74.824315, 11.042716 ], [ -74.824349, 11.04263 ], [ -74.824446, 11.042635 ], [ -74.825114, 11.042946 ], [ -74.825081, 11.042994 ], [ -74.825144, 11.043027 ], [ -74.825168, 11.042955 ], [ -74.825381, 11.043051 ], [ -74.825429, 11.043132 ], [ -74.825473, 11.043166 ], [ -74.825521, 11.043118 ], [ -74.825589, 11.04318 ], [ -74.825637, 11.043261 ], [ -74.825662, 11.043352 ], [ -74.825831, 11.043438 ], [ -74.825899, 11.043505 ], [ -74.826131, 11.043663 ], [ -74.826219, 11.043692 ], [ -74.826296, 11.043745 ], [ -74.826422, 11.043879 ], [ -74.826504, 11.043931 ], [ -74.826572, 11.043998 ], [ -74.826742, 11.044233 ], [ -74.826998, 11.044371 ], [ -74.827071, 11.044429 ], [ -74.827124, 11.044505 ], [ -74.827545, 11.044864 ], [ -74.827788, 11.045012 ], [ -74.827962, 11.045084 ], [ -74.828192, 11.045232 ], [ -74.828429, 11.04497 ], [ -74.828165, 11.044685 ], [ -74.829118, 11.04394 ], [ -74.829403, 11.044108 ], [ -74.82948, 11.044171 ], [ -74.829568, 11.044204 ], [ -74.829752, 11.044195 ], [ -74.829839, 11.044166 ], [ -74.829907, 11.044104 ], [ -74.829931, 11.044013 ], [ -74.829815, 11.04386 ], [ -74.829902, 11.043888 ], [ -74.829974, 11.043946 ], [ -74.830115, 11.043817 ], [ -74.830149, 11.043731 ], [ -74.830125, 11.04364 ], [ -74.830057, 11.043577 ], [ -74.830013, 11.043391 ], [ -74.830028, 11.043295 ], [ -74.830003, 11.042932 ], [ -74.830125, 11.042764 ], [ -74.830187, 11.042831 ], [ -74.830202, 11.04274 ], [ -74.830134, 11.042678 ], [ -74.830023, 11.042515 ], [ -74.829873, 11.042405 ], [ -74.829829, 11.042319 ], [ -74.829824, 11.042228 ], [ -74.82979, 11.042138 ], [ -74.829684, 11.041975 ], [ -74.829611, 11.041913 ], [ -74.829524, 11.041879 ], [ -74.82949, 11.041793 ], [ -74.829524, 11.041707 ], [ -74.829514, 11.04152 ], [ -74.829534, 11.04143 ], [ -74.829587, 11.041353 ], [ -74.829727, 11.041219 ], [ -74.829824, 11.041052 ], [ -74.829892, 11.040989 ], [ -74.829984, 11.04097 ], [ -74.830076, 11.04097 ], [ -74.830357, 11.040989 ], [ -74.830546, 11.040961 ], [ -74.83074, 11.040951 ], [ -74.830778, 11.040925 ], [ -74.830831, 11.040725 ], [ -74.83082, 11.040689 ], [ -74.830767, 11.040623 ], [ -74.830197, 11.040542 ], [ -74.830113, 11.040509 ], [ -74.829732, 11.040206 ], [ -74.829367, 11.039682 ], [ -74.828972, 11.039308 ], [ -74.828747, 11.038854 ], [ -74.828569, 11.038565 ], [ -74.828404, 11.038254 ], [ -74.827705, 11.038621 ], [ -74.827531, 11.038699 ], [ -74.827219, 11.038834 ], [ -74.826654, 11.039019 ], [ -74.826365, 11.038534 ], [ -74.826279, 11.038314 ], [ -74.825761, 11.037363 ], [ -74.825477, 11.037 ], [ -74.825409, 11.036948 ], [ -74.823837, 11.038973 ], [ -74.823808, 11.039121 ], [ -74.82404, 11.039172 ], [ -74.824066, 11.039199 ], [ -74.823881, 11.039246 ], [ -74.823853, 11.03932 ], [ -74.824082, 11.040209 ], [ -74.824039, 11.040289 ], [ -74.824128, 11.040623 ], [ -74.82412, 11.040684 ], [ -74.824249, 11.04109 ], [ -74.82414, 11.041177 ], [ -74.824236, 11.041457 ], [ -74.824098, 11.041478 ], [ -74.823736, 11.042269 ], [ -74.823834, 11.042314 ], [ -74.823784, 11.04242 ], [ -74.823825, 11.042436 ], [ -74.823792, 11.042515 ] ] ] } },
{ "type": "Feature", "properties": { "zona_id": 9, "nombre": "El Castillo", "area_m2": 330127.88, "area_valida_m2": 330176.16, "cobertura_pct": 100.0, "ndvi_medio": 0.183, "pct_vegetacion": 17.19, "pct_vegetacion_densa": 1.49, "pct_vegetacion_rala": 15.71, "pct_impermeable": 81.72, "pct_agua": 1.08, "pct_sombra": null, "temp_superficie_c": 42.54, "m2_vegetacion": 56765.6, "m2_impermeable": 269830.97, "rank_menos_vegetacion": 11, "rank_mas_impermeable": 12 }, "geometry": { "type": "Polygon", "coordinates": [ [ [ -74.798765, 11.020507 ], [ -74.800163, 11.022241 ], [ -74.802044, 11.024387 ], [ -74.802245, 11.024079 ], [ -74.802417, 11.023739 ], [ -74.802696, 11.023127 ], [ -74.80287, 11.022914 ], [ -74.805066, 11.020964 ], [ -74.80525, 11.020782 ], [ -74.805842, 11.019894 ], [ -74.805777, 11.019775 ], [ -74.805723, 11.019726 ], [ -74.805148, 11.019304 ], [ -74.804538, 11.019109 ], [ -74.804926, 11.017533 ], [ -74.803149, 11.01709 ], [ -74.802809, 11.016731 ], [ -74.798765, 11.020507 ] ] ] } },
{ "type": "Feature", "properties": { "zona_id": 10, "nombre": "La Loma", "area_m2": 2158716.61, "area_valida_m2": 2158866.72, "cobertura_pct": 100.0, "ndvi_medio": 0.39, "pct_vegetacion": 61.56, "pct_vegetacion_densa": 24.73, "pct_vegetacion_rala": 36.83, "pct_impermeable": 33.73, "pct_agua": 4.71, "pct_sombra": null, "temp_superficie_c": 40.25, "m2_vegetacion": 1329010.73, "m2_impermeable": 728146.92, "rank_menos_vegetacion": 175, "rank_mas_impermeable": 179 }, "geometry": { "type": "Polygon", "coordinates": [ [ [ -74.767863, 10.994871 ], [ -74.767915, 10.994927 ], [ -74.768003, 10.994979 ], [ -74.768094, 10.995003 ], [ -74.768269, 10.995085 ], [ -74.76839, 10.995223 ], [ -74.768564, 10.995286 ], [ -74.768646, 10.995338 ], [ -74.768709, 10.995405 ], [ -74.768724, 10.995496 ], [ -74.768685, 10.995582 ], [ -74.768709, 10.995673 ], [ -74.768763, 10.99575 ], [ -74.76883, 10.995927 ], [ -74.768893, 10.995994 ], [ -74.769072, 10.996056 ], [ -74.769164, 10.996051 ], [ -74.76929, 10.996185 ], [ -74.769319, 10.996271 ], [ -74.769377, 10.996348 ], [ -74.76946, 10.996396 ], [ -74.769639, 10.996444 ], [ -74.769711, 10.996501 ], [ -74.769808, 10.996668 ], [ -74.769876, 10.996731 ], [ -74.770123, 10.996879 ], [ -74.770287, 10.997104 ], [ -74.770321, 10.99719 ], [ -74.770592, 10.997444 ], [ -74.770791, 10.997759 ], [ -74.770936, 10.997874 ], [ -74.771047, 10.998022 ], [ -74.771188, 10.998142 ], [ -74.771318, 10.998396 ], [ -74.771454, 10.99852 ], [ -74.771507, 10.998601 ], [ -74.771531, 10.998692 ], [ -74.771599, 10.998759 ], [ -74.771773, 10.998841 ], [ -74.77189, 10.998989 ], [ -74.77202, 10.999118 ], [ -74.772114, 10.999284 ], [ -74.772127, 10.999276 ], [ -74.772267, 10.999396 ], [ -74.77235, 10.999444 ], [ -74.772437, 10.999477 ], [ -74.772519, 10.99953 ], [ -74.772644, 10.999563 ], [ -74.772955, 10.999855 ], [ -74.772969, 10.999893 ], [ -74.772964, 11.000094 ], [ -74.773008, 11.000176 ], [ -74.773056, 11.000257 ], [ -74.773192, 11.000386 ], [ -74.773376, 11.000601 ], [ -74.773632, 11.000994 ], [ -74.773753, 11.001132 ], [ -74.774024, 11.001525 ], [ -74.774131, 11.001783 ], [ -74.774208, 11.002046 ], [ -74.774334, 11.00218 ], [ -74.774528, 11.002501 ], [ -74.774915, 11.002898 ], [ -74.775031, 11.003041 ], [ -74.775264, 11.003338 ], [ -74.775307, 11.003419 ], [ -74.77537, 11.003486 ], [ -74.775506, 11.003735 ], [ -74.775767, 11.004013 ], [ -74.77598, 11.004319 ], [ -74.776329, 11.00463 ], [ -74.776445, 11.004778 ], [ -74.776488, 11.00486 ], [ -74.776508, 11.00495 ], [ -74.776764, 11.005233 ], [ -74.7769, 11.005357 ], [ -74.777001, 11.00551 ], [ -74.777088, 11.005596 ], [ -74.777098, 11.005585 ], [ -74.777441, 11.00615 ], [ -74.77762, 11.00636 ], [ -74.777722, 11.006523 ], [ -74.77778, 11.006695 ], [ -74.777824, 11.006777 ], [ -74.777954, 11.006906 ], [ -74.778201, 11.007308 ], [ -74.778327, 11.007442 ], [ -74.778482, 11.007547 ], [ -74.778569, 11.007576 ], [ -74.778627, 11.007647 ], [ -74.778714, 11.00781 ], [ -74.778889, 11.008025 ], [ -74.778981, 11.008021 ], [ -74.779165, 11.008051 ], [ -74.77924, 11.007925 ], [ -74.779386, 11.007296 ], [ -74.779823, 11.006205 ], [ -74.781072, 11.00513 ], [ -74.781454, 11.004347 ], [ -74.782155, 11.00318 ], [ -74.78258, 11.00233 ], [ -74.782657, 11.001857 ], [ -74.783021, 11.001835 ], [ -74.783364, 11.00176 ], [ -74.78428, 11.001227 ], [ -74.784131, 11.000896 ], [ -74.784028, 11.000585 ], [ -74.783958, 11.000322 ], [ -74.783879, 10.999907 ], [ -74.783808, 10.999304 ], [ -74.783744, 10.998941 ], [ -74.783689, 10.998776 ], [ -74.783336, 10.997998 ], [ -74.78291, 10.997151 ], [ -74.782609, 10.996586 ], [ -74.782234, 10.996046 ], [ -74.782092, 10.995878 ], [ -74.781927, 10.995711 ], [ -74.781713, 10.995379 ], [ -74.780924, 10.994121 ], [ -74.780142, 10.992782 ], [ -74.780069, 10.992615 ], [ -74.780011, 10.992479 ], [ -74.779941, 10.992218 ], [ -74.779794, 10.990673 ], [ -74.779595, 10.99026 ], [ -74.779389, 10.989953 ], [ -74.779229, 10.989751 ], [ -74.778536, 10.990021 ], [ -74.778591, 10.990137 ], [ -74.778577, 10.99019 ], [ -74.778242, 10.990352 ], [ -74.778246, 10.990377 ], [ -74.77823, 10.990403 ], [ -74.777947, 10.990547 ], [ -74.777882, 10.990423 ], [ -74.777278, 10.990716 ], [ -74.777234, 10.990716 ], [ -74.777199, 10.990697 ], [ -74.775469, 10.987223 ], [ -74.775394, 10.986974 ], [ -74.775372, 10.986737 ], [ -74.775303, 10.986589 ], [ -74.775215, 10.986451 ], [ -74.77511, 10.986326 ], [ -74.774922, 10.986204 ], [ -74.774721, 10.986106 ], [ -74.774509, 10.986032 ], [ -74.77429, 10.985983 ], [ -74.774067, 10.985961 ], [ -74.773731, 10.985977 ], [ -74.773403, 10.986051 ], [ -74.773267, 10.986122 ], [ -74.773045, 10.98636 ], [ -74.771083, 10.989102 ], [ -74.771024, 10.989667 ], [ -74.767863, 10.994871 ] ] ] } },
{ "type": "Feature", "properties": { "zona_id": 11, "nombre": "Primero de Mayo", "area_m2": 261533.04, "area_valida_m2": 261538.56, "cobertura_pct": 100.0, "ndvi_medio": 0.236, "pct_vegetacion": 22.93, "pct_vegetacion_densa": 2.44, "pct_vegetacion_rala": 20.49, "pct_impermeable": 76.91, "pct_agua": 0.16, "pct_sombra": null, "temp_superficie_c": 45.34, "m2_vegetacion": 59975.24, "m2_impermeable": 201147.01, "rank_menos_vegetacion": 24, "rank_mas_impermeable": 23 }, "geometry": { "type": "Polygon", "coordinates": [ [ [ -74.759042, 10.945577 ], [ -74.760075, 10.945454 ], [ -74.760582, 10.945535 ], [ -74.760918, 10.94543 ], [ -74.761264, 10.945447 ], [ -74.761763, 10.946022 ], [ -74.761863, 10.946222 ], [ -74.761926, 10.946303 ], [ -74.762698, 10.947073 ], [ -74.764069, 10.946467 ], [ -74.764049, 10.94642 ], [ -74.764766, 10.946155 ], [ -74.764845, 10.946357 ], [ -74.765323, 10.947291 ], [ -74.76597, 10.948784 ], [ -74.766264, 10.948745 ], [ -74.768753, 10.948614 ], [ -74.768572, 10.945989 ], [ -74.768507, 10.945285 ], [ -74.768392, 10.945338 ], [ -74.76826, 10.945347 ], [ -74.767653, 10.945254 ], [ -74.767528, 10.945207 ], [ -74.767371, 10.945099 ], [ -74.766817, 10.944325 ], [ -74.766666, 10.94425 ], [ -74.766509, 10.944263 ], [ -74.766264, 10.944496 ], [ -74.766189, 10.944511 ], [ -74.766066, 10.944508 ], [ -74.765872, 10.944441 ], [ -74.765844, 10.944402 ], [ -74.765814, 10.944316 ], [ -74.765803, 10.944239 ], [ -74.765835, 10.94407 ], [ -74.765829, 10.943981 ], [ -74.765799, 10.943941 ], [ -74.765724, 10.943921 ], [ -74.765537, 10.943927 ], [ -74.765512, 10.943912 ], [ -74.76543, 10.943679 ], [ -74.765389, 10.943609 ], [ -74.765303, 10.943641 ], [ -74.765088, 10.943967 ], [ -74.7649, 10.944196 ], [ -74.764632, 10.944345 ], [ -74.764494, 10.94454 ], [ -74.764211, 10.944793 ], [ -74.764025, 10.945039 ], [ -74.763874, 10.94516 ], [ -74.763661, 10.94521 ], [ -74.763145, 10.945275 ], [ -74.762758, 10.945346 ], [ -74.762416, 10.945374 ], [ -74.762218, 10.945312 ], [ -74.761781, 10.945122 ], [ -74.761344, 10.944668 ], [ -74.761085, 10.944428 ], [ -74.760845, 10.944249 ], [ -74.760543, 10.944172 ], [ -74.760357, 10.944153 ], [ -74.760191, 10.944178 ], [ -74.75951, 10.94448 ], [ -74.75939, 10.944739 ], [ -74.759279, 10.944892 ], [ -74.759255, 10.944983 ], [ -74.759167, 10.945146 ], [ -74.759042, 10.945577 ] ] ] } },
{ "type": "Feature", "properties": { "zona_id": 12, "nombre": "El Ferry", "area_m2": 395141.38, "area_valida_m2": 395085.6, "cobertura_pct": 99.99, "ndvi_medio": 0.294, "pct_vegetacion": 46.52, "pct_vegetacion_densa": 7.21, "pct_vegetacion_rala": 39.31, "pct_impermeable": 50.07, "pct_agua": 3.42, "pct_sombra": null, "temp_superficie_c": 42.53, "m2_vegetacion": 183789.28, "m2_impermeable": 197802.13, "rank_menos_vegetacion": 145, "rank_mas_impermeable": 153 }, "geometry": { "type": "Polygon", "coordinates": [ [ [ -74.758807, 10.950644 ], [ -74.760942, 10.950628 ], [ -74.76237, 10.95059 ], [ -74.762943, 10.95059 ], [ -74.763629, 10.950651 ], [ -74.765029, 10.950838 ], [ -74.765373, 10.950868 ], [ -74.765684, 10.950877 ], [ -74.76612, 10.95085 ], [ -74.766643, 10.950778 ], [ -74.767162, 10.950645 ], [ -74.767564, 10.950508 ], [ -74.767263, 10.950209 ], [ -74.766123, 10.948972 ], [ -74.76597, 10.948784 ], [ -74.765323, 10.947291 ], [ -74.764845, 10.946357 ], [ -74.764766, 10.946155 ], [ -74.764049, 10.94642 ], [ -74.764069, 10.946467 ], [ -74.762698, 10.947073 ], [ -74.761926, 10.946303 ], [ -74.761863, 10.946222 ], [ -74.761763, 10.946022 ], [ -74.761264, 10.945447 ], [ -74.760918, 10.94543 ], [ -74.760582, 10.945535 ], [ -74.760075, 10.945454 ], [ -74.759042, 10.945577 ], [ -74.758993, 10.945863 ], [ -74.758993, 10.945954 ], [ -74.759027, 10.94604 ], [ -74.759026, 10.94647 ], [ -74.758968, 10.946643 ], [ -74.758934, 10.947006 ], [ -74.758905, 10.947834 ], [ -74.758866, 10.94792 ], [ -74.758842, 10.94858 ], [ -74.75873, 10.94914 ], [ -74.75873, 10.949321 ], [ -74.758759, 10.949503 ], [ -74.758696, 10.949675 ], [ -74.758725, 10.949857 ], [ -74.758725, 10.950039 ], [ -74.758779, 10.950312 ], [ -74.758807, 10.950644 ] ] ] } },
{ "type": "Feature", "properties": { "zona_id": 13, "nombre": "Villa del Carmen", "area_m2": 28509.6, "area_valida_m2": 28539.36, "cobertura_pct": 100.0, "ndvi_medio": 0.256, "pct_vegetacion": 20.89, "pct_vegetacion_densa": 1.87, "pct_vegetacion_rala": 19.02, "pct_impermeable": 79.04, "pct_agua": 0.07, "pct_sombra": null, "temp_superficie_c": 47.93, "m2_vegetacion": 5962.64, "m2_impermeable": 22558.0, "rank_menos_vegetacion": 20, "rank_mas_impermeable": 19 }, "geometry": { "type": "Polygon", "coordinates": [ [ [ -74.792112, 10.931689 ], [ -74.794344, 10.932102 ], [ -74.79457, 10.931523 ], [ -74.794755, 10.930997 ], [ -74.794822, 10.931011 ], [ -74.794764, 10.930793 ], [ -74.794738, 10.930747 ], [ -74.794699, 10.930714 ], [ -74.794462, 10.930618 ], [ -74.794321, 10.930619 ], [ -74.794237, 10.930642 ], [ -74.794133, 10.930697 ], [ -74.793944, 10.930849 ], [ -74.793856, 10.93089 ], [ -74.793533, 10.930969 ], [ -74.793181, 10.93118 ], [ -74.793072, 10.93118 ], [ -74.792858, 10.93108 ], [ -74.792728, 10.931056 ], [ -74.792443, 10.93108 ], [ -74.792301, 10.93113 ], [ -74.792172, 10.931225 ], [ -74.792112, 10.931689 ] ] ] } },
{ "type": "Feature", "properties": { "zona_id": 14, "nombre": "Bella Arena", "area_m2": 104184.1, "area_valida_m2": 104258.88, "cobertura_pct": 100.0, "ndvi_medio": 0.267, "pct_vegetacion": 27.36, "pct_vegetacion_densa": 2.26, "pct_vegetacion_rala": 25.1, "pct_impermeable": 72.59, "pct_agua": 0.05, "pct_sombra": null, "temp_superficie_c": 47.85, "m2_vegetacion": 28526.74, "m2_impermeable": 75676.74, "rank_menos_vegetacion": 48, "rank_mas_impermeable": 46 }, "geometry": { "type": "Polygon", "coordinates": [ [ [ -74.794344, 10.932102 ], [ -74.794744, 10.932196 ], [ -74.794503, 10.932896 ], [ -74.794305, 10.933244 ], [ -74.79415, 10.933551 ], [ -74.793679, 10.934891 ], [ -74.794381, 10.93488 ], [ -74.794898, 10.934774 ], [ -74.794698, 10.9339 ], [ -74.794693, 10.933709 ], [ -74.795606, 10.933498 ], [ -74.796346, 10.933302 ], [ -74.796852, 10.933221 ], [ -74.797947, 10.932912 ], [ -74.797898, 10.9325 ], [ -74.797816, 10.932111 ], [ -74.797788, 10.931607 ], [ -74.797802, 10.931086 ], [ -74.797504, 10.931045 ], [ -74.797164, 10.930967 ], [ -74.79654, 10.931227 ], [ -74.795126, 10.93107 ], [ -74.794755, 10.930997 ], [ -74.79457, 10.931523 ], [ -74.794344, 10.932102 ] ] ] } },
{ "type": "Feature", "properties": { "zona_id": 15, "nombre": "El Milagro", "area_m2": 73097.38, "area_valida_m2": 73019.52, "cobertura_pct": 99.89, "ndvi_medio": 0.227, "pct_vegetacion": 12.59, "pct_vegetacion_densa": 0.37, "pct_vegetacion_rala": 12.22, "pct_impermeable": 87.33, "pct_agua": 0.08, "pct_sombra": null, "temp_superficie_c": 48.47, "m2_vegetacion": 9191.29, "m2_impermeable": 63768.3, "rank_menos_vegetacion": 2, "rank_mas_impermeable": 1 }, "geometry": { "type": "Polygon", "coordinates": [ [ [ -74.791648, 10.934858 ], [ -74.792355, 10.934847 ], [ -74.793679, 10.934891 ], [ -74.79415, 10.933551 ], [ -74.794305, 10.933244 ], [ -74.794503, 10.932896 ], [ -74.794744, 10.932196 ], [ -74.794344, 10.932102 ], [ -74.792692, 10.931798 ], [ -74.792395, 10.932641 ], [ -74.7919, 10.93416 ], [ -74.791648, 10.934858 ] ] ] } },
{ "type": "Feature", "properties": { "zona_id": 16, "nombre": "Los Laureles", "area_m2": 44983.18, "area_valida_m2": 44991.36, "cobertura_pct": 100.0, "ndvi_medio": 0.258, "pct_vegetacion": 24.53, "pct_vegetacion_densa": 2.57, "pct_vegetacion_rala": 21.97, "pct_impermeable": 75.27, "pct_agua": 0.19, "pct_sombra": null, "temp_superficie_c": 47.14, "m2_vegetacion": 11037.92, "m2_impermeable": 33866.63, "rank_menos_vegetacion": 33, "rank_mas_impermeable": 33 }, "geometry": { "type": "Polygon", "coordinates": [ [ [ -74.7905, 10.933649 ], [ -74.790653, 10.933774 ], [ -74.790723, 10.933873 ], [ -74.791017, 10.934751 ], [ -74.791115, 10.934941 ], [ -74.791404, 10.93488 ], [ -74.791648, 10.934858 ], [ -74.7919, 10.93416 ], [ -74.792395, 10.932641 ], [ -74.792692, 10.931798 ], [ -74.792112, 10.931689 ], [ -74.792172, 10.931225 ], [ -74.791517, 10.93171 ], [ -74.791336, 10.93246 ], [ -74.791198, 10.932816 ], [ -74.790766, 10.933491 ], [ -74.790661, 10.933578 ], [ -74.790544, 10.93364 ], [ -74.7905, 10.933649 ] ] ] } },
{ "type": "Feature", "properties": { "zona_id": 17, "nombre": "Villa Blanca", "area_m2": 197180.71, "area_valida_m2": 197160.48, "cobertura_pct": 99.99, "ndvi_medio": 0.264, "pct_vegetacion": 26.28, "pct_vegetacion_densa": 2.8, "pct_vegetacion_rala": 23.49, "pct_impermeable": 73.59, "pct_agua": 0.12, "pct_sombra": null, "temp_superficie_c": 47.57, "m2_vegetacion": 51820.69, "m2_impermeable": 145096.59, "rank_menos_vegetacion": 44, "rank_mas_impermeable": 41 }, "geometry": { "type": "Polygon", "coordinates": [ [ [ -74.797695, 10.937855 ], [ -74.798283, 10.938006 ], [ -74.798688, 10.938156 ], [ -74.798754, 10.938214 ], [ -74.798912, 10.938264 ], [ -74.799224, 10.938306 ], [ -74.799203, 10.934314 ], [ -74.79923, 10.93378 ], [ -74.799219, 10.932281 ], [ -74.799192, 10.931747 ], [ -74.799185, 10.930056 ], [ -74.797549, 10.929901 ], [ -74.797451, 10.930847 ], [ -74.797164, 10.930967 ], [ -74.797504, 10.931045 ], [ -74.797802, 10.931086 ], [ -74.797788, 10.931607 ], [ -74.797816, 10.932111 ], [ -74.797898, 10.9325 ], [ -74.797947, 10.932912 ], [ -74.796852, 10.933221 ], [ -74.796346, 10.933302 ], [ -74.795606, 10.933498 ], [ -74.794693, 10.933709 ], [ -74.794698, 10.9339 ], [ -74.79475, 10.934157 ], [ -74.794992, 10.935153 ], [ -74.79506, 10.935484 ], [ -74.795118, 10.935663 ], [ -74.796787, 10.935117 ], [ -74.796898, 10.935125 ], [ -74.797012, 10.93517 ], [ -74.797428, 10.93526 ], [ -74.797609, 10.93534 ], [ -74.797855, 10.935416 ], [ -74.798061, 10.935442 ], [ -74.798337, 10.935417 ], [ -74.798503, 10.935428 ], [ -74.798784, 10.935504 ], [ -74.798851, 10.935547 ], [ -74.798858, 10.935668 ], [ -74.798804, 10.935901 ], [ -74.798075, 10.937255 ], [ -74.797984, 10.937319 ], [ -74.797893, 10.937533 ], [ -74.79777, 10.937756 ], [ -74.797695, 10.937855 ] ] ] } },
{ "type": "Feature", "properties": { "zona_id": 18, "nombre": "San Nicolás", "area_m2": 169917.22, "area_valida_m2": 169891.2, "cobertura_pct": 99.98, "ndvi_medio": 0.338, "pct_vegetacion": 51.36, "pct_vegetacion_densa": 8.09, "pct_vegetacion_rala": 43.26, "pct_impermeable": 48.2, "pct_agua": 0.45, "pct_sombra": null, "temp_superficie_c": 46.34, "m2_vegetacion": 87249.16, "m2_impermeable": 81885.01, "rank_menos_vegetacion": 157, "rank_mas_impermeable": 157 }, "geometry": { "type": "Polygon", "coordinates": [ [ [ -74.792932, 10.93631 ], [ -74.793245, 10.938621 ], [ -74.796712, 10.938136 ], [ -74.797562, 10.938029 ], [ -74.79777, 10.937756 ], [ -74.797893, 10.937533 ], [ -74.797984, 10.937319 ], [ -74.798075, 10.937255 ], [ -74.798804, 10.935901 ], [ -74.798858, 10.935668 ], [ -74.798859, 10.935569 ], [ -74.798832, 10.935525 ], [ -74.798784, 10.935504 ], [ -74.798503, 10.935428 ], [ -74.798337, 10.935417 ], [ -74.798061, 10.935442 ], [ -74.797855, 10.935416 ], [ -74.797609, 10.93534 ], [ -74.797428, 10.93526 ], [ -74.797012, 10.93517 ], [ -74.796898, 10.935125 ], [ -74.796787, 10.935117 ], [ -74.795072, 10.935678 ], [ -74.79377, 10.936079 ], [ -74.793425, 10.936302 ], [ -74.793309, 10.936326 ], [ -74.792932, 10.93631 ] ] ] } },
{ "type": "Feature", "properties": { "zona_id": 19, "nombre": "Las Dunas", "area_m2": 39612.26, "area_valida_m2": 39624.48, "cobertura_pct": 100.0, "ndvi_medio": 0.264, "pct_vegetacion": 24.02, "pct_vegetacion_densa": 3.11, "pct_vegetacion_rala": 20.91, "pct_impermeable": 75.88, "pct_agua": 0.1, "pct_sombra": null, "temp_superficie_c": 46.32, "m2_vegetacion": 9518.77, "m2_impermeable": 30067.24, "rank_menos_vegetacion": 29, "rank_mas_impermeable": 29 }, "geometry": { "type": "Polygon", "coordinates": [ [ [ -74.792954, 10.936464 ], [ -74.792563, 10.937119 ], [ -74.792327, 10.937564 ], [ -74.792258, 10.93779 ], [ -74.792243, 10.938026 ], [ -74.7917, 10.938098 ], [ -74.791647, 10.937808 ], [ -74.791487, 10.937754 ], [ -74.791155, 10.937612 ], [ -74.791061, 10.937592 ], [ -74.790995, 10.937633 ], [ -74.790821, 10.937894 ], [ -74.790386, 10.938612 ], [ -74.790256, 10.938874 ], [ -74.7902, 10.939046 ], [ -74.793245, 10.938621 ], [ -74.792954, 10.936464 ] ] ] } },
{ "type": "Feature", "properties": { "zona_id": 20, "nombre": "Buenos Aires", "area_m2": 269707.75, "area_valida_m2": 269772.48, "cobertura_pct": 100.0, "ndvi_medio": 0.263, "pct_vegetacion": 27.77, "pct_vegetacion_densa": 1.72, "pct_vegetacion_rala": 26.05, "pct_impermeable": 72.02, "pct_agua": 0.21, "pct_sombra": null, "temp_superficie_c": 47.22, "m2_vegetacion": 74924.31, "m2_impermeable": 194279.02, "rank_menos_vegetacion": 52, "rank_mas_impermeable": 49 }, "geometry": { "type": "Polygon", "coordinates": [ [ [ -74.797416, 10.943528 ], [ -74.797231, 10.944175 ], [ -74.797621, 10.944025 ], [ -74.797969, 10.943937 ], [ -74.798207, 10.943912 ], [ -74.798826, 10.943908 ], [ -74.798827, 10.943741 ], [ -74.798909, 10.943651 ], [ -74.798907, 10.943545 ], [ -74.799298, 10.943433 ], [ -74.799536, 10.943389 ], [ -74.799778, 10.943373 ], [ -74.80002, 10.943387 ], [ -74.80014, 10.943405 ], [ -74.800535, 10.943519 ], [ -74.800555, 10.943307 ], [ -74.800513, 10.942421 ], [ -74.801227, 10.941407 ], [ -74.801293, 10.941201 ], [ -74.801401, 10.941178 ], [ -74.801473, 10.941122 ], [ -74.801657, 10.940515 ], [ -74.801953, 10.939989 ], [ -74.802116, 10.939778 ], [ -74.802246, 10.939657 ], [ -74.80239, 10.939553 ], [ -74.802896, 10.938813 ], [ -74.802502, 10.938544 ], [ -74.802443, 10.938485 ], [ -74.802398, 10.938406 ], [ -74.802388, 10.938319 ], [ -74.799224, 10.938306 ], [ -74.798912, 10.938264 ], [ -74.798754, 10.938214 ], [ -74.798688, 10.938156 ], [ -74.798283, 10.938006 ], [ -74.797695, 10.937855 ], [ -74.797562, 10.938029 ], [ -74.797414, 10.938048 ], [ -74.79742, 10.94339 ], [ -74.797416, 10.943528 ] ] ] } },
{ "type": "Feature", "properties": { "zona_id": 21, "nombre": "La Magdalena", "area_m2": 432455.89, "area_valida_m2": 432436.32, "cobertura_pct": 100.0, "ndvi_medio": 0.287, "pct_vegetacion": 36.09, "pct_vegetacion_densa": 3.92, "pct_vegetacion_rala": 32.18, "pct_impermeable": 63.5, "pct_agua": 0.4, "pct_sombra": null, "temp_superficie_c": 46.12, "m2_vegetacion": 156085.87, "m2_impermeable": 274601.76, "rank_menos_vegetacion": 86, "rank_mas_impermeable": 86 }, "geometry": { "type": "Polygon", "coordinates": [ [ [ -74.793245, 10.938621 ], [ -74.793699, 10.941743 ], [ -74.791627, 10.941999 ], [ -74.791777, 10.943327 ], [ -74.7919, 10.944215 ], [ -74.790831, 10.944341 ], [ -74.791061, 10.946179 ], [ -74.793336, 10.945898 ], [ -74.794174, 10.945868 ], [ -74.79501, 10.945933 ], [ -74.795213, 10.945985 ], [ -74.795405, 10.946065 ], [ -74.796233, 10.944509 ], [ -74.796224, 10.944141 ], [ -74.797271, 10.944008 ], [ -74.797416, 10.943528 ], [ -74.797426, 10.941243 ], [ -74.797414, 10.938048 ], [ -74.793245, 10.938621 ] ] ] } },
{ "type": "Feature", "properties": { "zona_id": 22, "nombre": "Tayrona", "area_m2": 187761.21, "area_valida_m2": 187673.76, "cobertura_pct": 99.95, "ndvi_medio": 0.218, "pct_vegetacion": 20.84, "pct_vegetacion_densa": 1.65, "pct_vegetacion_rala": 19.19, "pct_impermeable": 76.87, "pct_agua": 2.28, "pct_sombra": null, "temp_superficie_c": 47.03, "m2_vegetacion": 39119.53, "m2_impermeable": 144268.42, "rank_menos_vegetacion": 19, "rank_mas_impermeable": 24 }, "geometry": { "type": "Polygon", "coordinates": [ [ [ -74.783766, 10.943429 ], [ -74.784782, 10.946917 ], [ -74.786773, 10.946719 ], [ -74.787324, 10.94663 ], [ -74.788496, 10.946488 ], [ -74.788404, 10.945553 ], [ -74.788299, 10.944774 ], [ -74.788381, 10.944217 ], [ -74.788379, 10.944084 ], [ -74.788355, 10.943953 ], [ -74.788248, 10.943668 ], [ -74.78794, 10.942575 ], [ -74.786925, 10.942893 ], [ -74.78611, 10.943129 ], [ -74.786069, 10.943124 ], [ -74.785562, 10.94284 ], [ -74.785489, 10.942828 ], [ -74.783766, 10.943429 ] ] ] } },
{ "type": "Feature", "properties": { "zona_id": 23, "nombre": "Santa Helena", "area_m2": 230446.16, "area_valida_m2": 230641.92, "cobertura_pct": 100.0, "ndvi_medio": 0.247, "pct_vegetacion": 33.11, "pct_vegetacion_densa": 2.42, "pct_vegetacion_rala": 30.7, "pct_impermeable": 65.23, "pct_agua": 1.66, "pct_sombra": null, "temp_superficie_c": 45.91, "m2_vegetacion": 76375.0, "m2_impermeable": 150439.1, "rank_menos_vegetacion": 75, "rank_mas_impermeable": 79 }, "geometry": { "type": "Polygon", "coordinates": [ [ [ -74.779234, 10.948022 ], [ -74.780687, 10.947711 ], [ -74.780748, 10.947791 ], [ -74.780868, 10.948376 ], [ -74.782328, 10.948083 ], [ -74.782494, 10.948762 ], [ -74.783514, 10.948413 ], [ -74.785087, 10.947918 ], [ -74.784815, 10.947037 ], [ -74.783766, 10.943429 ], [ -74.78359, 10.943491 ], [ -74.783462, 10.943499 ], [ -74.782578, 10.943369 ], [ -74.781534, 10.94318 ], [ -74.781099, 10.943015 ], [ -74.780313, 10.944289 ], [ -74.781373, 10.944737 ], [ -74.780649, 10.946476 ], [ -74.780451, 10.946989 ], [ -74.780322, 10.947154 ], [ -74.780112, 10.947281 ], [ -74.779146, 10.947624 ], [ -74.779234, 10.948022 ] ] ] } },
{ "type": "Feature", "properties": { "zona_id": 24, "nombre": "La Alboraya", "area_m2": 344342.96, "area_valida_m2": 344324.16, "cobertura_pct": 99.99, "ndvi_medio": 0.301, "pct_vegetacion": 40.76, "pct_vegetacion_densa": 4.91, "pct_vegetacion_rala": 35.85, "pct_impermeable": 59.06, "pct_agua": 0.18, "pct_sombra": null, "temp_superficie_c": 46.2, "m2_vegetacion": 140348.44, "m2_impermeable": 203344.47, "rank_menos_vegetacion": 119, "rank_mas_impermeable": 119 }, "geometry": { "type": "Polygon", "coordinates": [ [ [ -74.795241, 10.948511 ], [ -74.794551, 10.949329 ], [ -74.794475, 10.949446 ], [ -74.794449, 10.949509 ], [ -74.794423, 10.949651 ], [ -74.794335, 10.950242 ], [ -74.795277, 10.950292 ], [ -74.795424, 10.950477 ], [ -74.799086, 10.948658 ], [ -74.799188, 10.948631 ], [ -74.799375, 10.94861 ], [ -74.799837, 10.948596 ], [ -74.799828, 10.948323 ], [ -74.800542, 10.948317 ], [ -74.800523, 10.943644 ], [ -74.800535, 10.943519 ], [ -74.80014, 10.943405 ], [ -74.80002, 10.943387 ], [ -74.799778, 10.943373 ], [ -74.799536, 10.943389 ], [ -74.799298, 10.943433 ], [ -74.798907, 10.943545 ], [ -74.798909, 10.943651 ], [ -74.798827, 10.943741 ], [ -74.798826, 10.943908 ], [ -74.798207, 10.943912 ], [ -74.797969, 10.943937 ], [ -74.797621, 10.944025 ], [ -74.797231, 10.944175 ], [ -74.797271, 10.944008 ], [ -74.796224, 10.944141 ], [ -74.796233, 10.944509 ], [ -74.795405, 10.946065 ], [ -74.795274, 10.946422 ], [ -74.795259, 10.946525 ], [ -74.795265, 10.94724 ], [ -74.795292, 10.948424 ], [ -74.795241, 10.948511 ] ] ] } },
{ "type": "Feature", "properties": { "zona_id": 25, "nombre": "Las Palmas", "area_m2": 518761.2, "area_valida_m2": 518952.96, "cobertura_pct": 100.0, "ndvi_medio": 0.305, "pct_vegetacion": 39.93, "pct_vegetacion_densa": 5.0, "pct_vegetacion_rala": 34.93, "pct_impermeable": 59.8, "pct_agua": 0.27, "pct_sombra": null, "temp_superficie_c": 45.87, "m2_vegetacion": 207221.11, "m2_impermeable": 310325.94, "rank_menos_vegetacion": 117, "rank_mas_impermeable": 117 }, "geometry": { "type": "Polygon", "coordinates": [ [ [ -74.787324, 10.94663 ], [ -74.787359, 10.947143 ], [ -74.787361, 10.947499 ], [ -74.787109, 10.948031 ], [ -74.787385, 10.948187 ], [ -74.787206, 10.948363 ], [ -74.787061, 10.948645 ], [ -74.787085, 10.948683 ], [ -74.789353, 10.949932 ], [ -74.790205, 10.950432 ], [ -74.790886, 10.950799 ], [ -74.791237, 10.951027 ], [ -74.791526, 10.950493 ], [ -74.791803, 10.950034 ], [ -74.791979, 10.949707 ], [ -74.792414, 10.948995 ], [ -74.792602, 10.948629 ], [ -74.792631, 10.948421 ], [ -74.79233, 10.94602 ], [ -74.791061, 10.946179 ], [ -74.790831, 10.944341 ], [ -74.7919, 10.944215 ], [ -74.791777, 10.943327 ], [ -74.791627, 10.941999 ], [ -74.793699, 10.941743 ], [ -74.793245, 10.938621 ], [ -74.790688, 10.938976 ], [ -74.789637, 10.939137 ], [ -74.789738, 10.940122 ], [ -74.790006, 10.942193 ], [ -74.788702, 10.942344 ], [ -74.78794, 10.942575 ], [ -74.788248, 10.943668 ], [ -74.788355, 10.943953 ], [ -74.788379, 10.944084 ], [ -74.788381, 10.944217 ], [ -74.788299, 10.944774 ], [ -74.788404, 10.945553 ], [ -74.788496, 10.946488 ], [ -74.787324, 10.94663 ] ] ] } },
{ "type": "Feature", "properties": { "zona_id": 26, "nombre": "El Campito", "area_m2": 171592.76, "area_valida_m2": 171662.4, "cobertura_pct": 100.0, "ndvi_medio": 0.283, "pct_vegetacion": 31.65, "pct_vegetacion_densa": 3.88, "pct_vegetacion_rala": 27.77, "pct_impermeable": 68.09, "pct_agua": 0.26, "pct_sombra": null, "temp_superficie_c": 46.13, "m2_vegetacion": 54323.73, "m2_impermeable": 116893.31, "rank_menos_vegetacion": 68, "rank_mas_impermeable": 63 }, "geometry": { "type": "Polygon", "coordinates": [ [ [ -74.791237, 10.951027 ], [ -74.791551, 10.951229 ], [ -74.79172, 10.951228 ], [ -74.792134, 10.951256 ], [ -74.793471, 10.951541 ], [ -74.793582, 10.95117 ], [ -74.793626, 10.951077 ], [ -74.793754, 10.950903 ], [ -74.794335, 10.950242 ], [ -74.794423, 10.949651 ], [ -74.794449, 10.949509 ], [ -74.794475, 10.949446 ], [ -74.794551, 10.949329 ], [ -74.794913, 10.948917 ], [ -74.795241, 10.948511 ], [ -74.795292, 10.948424 ], [ -74.795259, 10.946525 ], [ -74.795274, 10.946422 ], [ -74.795405, 10.946065 ], [ -74.795213, 10.945985 ], [ -74.79501, 10.945933 ], [ -74.794174, 10.945868 ], [ -74.793336, 10.945898 ], [ -74.79233, 10.94602 ], [ -74.792622, 10.948306 ], [ -74.792631, 10.948421 ], [ -74.792602, 10.948629 ], [ -74.792414, 10.948995 ], [ -74.791979, 10.949707 ], [ -74.791803, 10.950034 ], [ -74.791526, 10.950493 ], [ -74.791237, 10.951027 ] ] ] } },
{ "type": "Feature", "properties": { "zona_id": 27, "nombre": "La Chinita", "area_m2": 511230.69, "area_valida_m2": 511227.36, "cobertura_pct": 100.0, "ndvi_medio": 0.201, "pct_vegetacion": 15.78, "pct_vegetacion_densa": 0.96, "pct_vegetacion_rala": 14.82, "pct_impermeable": 84.06, "pct_agua": 0.17, "pct_sombra": null, "temp_superficie_c": 46.81, "m2_vegetacion": 80667.2, "m2_impermeable": 429712.77, "rank_menos_vegetacion": 7, "rank_mas_impermeable": 6 }, "geometry": { "type": "Polygon", "coordinates": [ [ [ -74.767564, 10.950508 ], [ -74.769055, 10.952118 ], [ -74.766357, 10.953026 ], [ -74.765284, 10.953415 ], [ -74.765475, 10.953827 ], [ -74.765637, 10.954252 ], [ -74.766078, 10.955513 ], [ -74.767786, 10.955164 ], [ -74.769148, 10.954908 ], [ -74.77185, 10.95435 ], [ -74.772799, 10.954171 ], [ -74.773294, 10.954054 ], [ -74.773701, 10.953985 ], [ -74.773908, 10.953974 ], [ -74.773767, 10.950332 ], [ -74.773561, 10.94871 ], [ -74.773484, 10.948331 ], [ -74.769022, 10.948604 ], [ -74.766264, 10.948745 ], [ -74.76597, 10.948784 ], [ -74.766123, 10.948972 ], [ -74.767263, 10.950209 ], [ -74.767564, 10.950508 ] ] ] } },
{ "type": "Feature", "properties": { "zona_id": 28, "nombre": "La Unión", "area_m2": 521002.9, "area_valida_m2": 520924.32, "cobertura_pct": 99.98, "ndvi_medio": 0.283, "pct_vegetacion": 36.92, "pct_vegetacion_densa": 4.34, "pct_vegetacion_rala": 32.58, "pct_impermeable": 62.18, "pct_agua": 0.91, "pct_sombra": null, "temp_superficie_c": 45.32, "m2_vegetacion": 192306.4, "m2_impermeable": 323895.7, "rank_menos_vegetacion": 94, "rank_mas_impermeable": 98 }, "geometry": { "type": "Polygon", "coordinates": [ [ [ -74.790208, 10.956562 ], [ -74.790585, 10.956705 ], [ -74.790657, 10.956606 ], [ -74.7909, 10.956353 ], [ -74.791807, 10.955338 ], [ -74.792311, 10.954659 ], [ -74.792388, 10.954582 ], [ -74.792557, 10.954326 ], [ -74.79275, 10.954021 ], [ -74.792854, 10.953811 ], [ -74.793035, 10.953381 ], [ -74.793124, 10.953122 ], [ -74.793471, 10.951541 ], [ -74.792134, 10.951256 ], [ -74.79172, 10.951228 ], [ -74.791551, 10.951229 ], [ -74.791413, 10.951151 ], [ -74.790886, 10.950799 ], [ -74.790205, 10.950432 ], [ -74.789353, 10.949932 ], [ -74.788506, 10.949458 ], [ -74.787085, 10.948683 ], [ -74.787061, 10.948645 ], [ -74.787206, 10.948363 ], [ -74.787385, 10.948187 ], [ -74.787109, 10.948031 ], [ -74.787361, 10.947499 ], [ -74.787359, 10.947143 ], [ -74.787324, 10.94663 ], [ -74.786773, 10.946719 ], [ -74.784782, 10.946917 ], [ -74.78507, 10.947858 ], [ -74.785269, 10.948585 ], [ -74.785856, 10.950592 ], [ -74.786141, 10.951501 ], [ -74.786401, 10.952495 ], [ -74.786501, 10.952828 ], [ -74.786573, 10.953199 ], [ -74.786619, 10.953551 ], [ -74.786635, 10.953859 ], [ -74.786631, 10.954129 ], [ -74.786581, 10.954703 ], [ -74.786544, 10.954952 ], [ -74.786491, 10.955179 ], [ -74.788994, 10.956053 ], [ -74.78971, 10.956341 ], [ -74.790208, 10.956562 ] ] ] } },
{ "type": "Feature", "properties": { "zona_id": 29, "nombre": "La Victoria", "area_m2": 733664.26, "area_valida_m2": 733629.6, "cobertura_pct": 100.0, "ndvi_medio": 0.336, "pct_vegetacion": 48.41, "pct_vegetacion_densa": 8.9, "pct_vegetacion_rala": 39.51, "pct_impermeable": 51.43, "pct_agua": 0.17, "pct_sombra": null, "temp_superficie_c": 45.08, "m2_vegetacion": 355137.37, "m2_impermeable": 377274.4, "rank_menos_vegetacion": 151, "rank_mas_impermeable": 151 }, "geometry": { "type": "Polygon", "coordinates": [ [ [ -74.794603, 10.956452 ], [ -74.796155, 10.957094 ], [ -74.79653, 10.956302 ], [ -74.7968, 10.956399 ], [ -74.796924, 10.956422 ], [ -74.797085, 10.956425 ], [ -74.797278, 10.956394 ], [ -74.797444, 10.956345 ], [ -74.799154, 10.955694 ], [ -74.799369, 10.95558 ], [ -74.799503, 10.955454 ], [ -74.79961, 10.955286 ], [ -74.799661, 10.955153 ], [ -74.799692, 10.954965 ], [ -74.79987, 10.954992 ], [ -74.800063, 10.955068 ], [ -74.800128, 10.955118 ], [ -74.800306, 10.955319 ], [ -74.801412, 10.954337 ], [ -74.801627, 10.954205 ], [ -74.802031, 10.954087 ], [ -74.802209, 10.95396 ], [ -74.802354, 10.95381 ], [ -74.80239, 10.953746 ], [ -74.802598, 10.953158 ], [ -74.802782, 10.952722 ], [ -74.802998, 10.952155 ], [ -74.801685, 10.951518 ], [ -74.802071, 10.950652 ], [ -74.802141, 10.950683 ], [ -74.802902, 10.949407 ], [ -74.803056, 10.949126 ], [ -74.801913, 10.948607 ], [ -74.802023, 10.948322 ], [ -74.801584, 10.948283 ], [ -74.80089, 10.948322 ], [ -74.799828, 10.948323 ], [ -74.799837, 10.948596 ], [ -74.799375, 10.94861 ], [ -74.799188, 10.948631 ], [ -74.799086, 10.948658 ], [ -74.795424, 10.950477 ], [ -74.795277, 10.950292 ], [ -74.794335, 10.950242 ], [ -74.793754, 10.950903 ], [ -74.793626, 10.951077 ], [ -74.793582, 10.95117 ], [ -74.793471, 10.951541 ], [ -74.793124, 10.953122 ], [ -74.792908, 10.95369 ], [ -74.79275, 10.954021 ], [ -74.792388, 10.954582 ], [ -74.792311, 10.954659 ], [ -74.791807, 10.955338 ], [ -74.794603, 10.956452 ] ] ] } },
{ "type": "Feature", "properties": { "zona_id": 30, "nombre": "Las Nieves", "area_m2": 1406737.69, "area_valida_m2": 1406688.48, "cobertura_pct": 100.0, "ndvi_medio": 0.236, "pct_vegetacion": 23.17, "pct_vegetacion_densa": 1.84, "pct_vegetacion_rala": 21.33, "pct_impermeable": 76.28, "pct_agua": 0.54, "pct_sombra": null, "temp_superficie_c": 46.71, "m2_vegetacion": 325960.03, "m2_impermeable": 1073066.76, "rank_menos_vegetacion": 25, "rank_mas_impermeable": 25 }, "geometry": { "type": "Polygon", "coordinates": [ [ [ -74.779447, 10.959494 ], [ -74.780578, 10.960119 ], [ -74.781375, 10.960603 ], [ -74.781479, 10.96075 ], [ -74.781881, 10.960879 ], [ -74.781768, 10.96029 ], [ -74.781753, 10.960121 ], [ -74.782276, 10.958999 ], [ -74.782327, 10.958864 ], [ -74.782411, 10.958602 ], [ -74.782557, 10.957675 ], [ -74.782628, 10.957354 ], [ -74.782779, 10.956905 ], [ -74.783055, 10.956298 ], [ -74.783851, 10.956347 ], [ -74.785966, 10.956701 ], [ -74.786425, 10.955436 ], [ -74.786544, 10.954952 ], [ -74.786581, 10.954703 ], [ -74.786631, 10.954129 ], [ -74.786619, 10.953551 ], [ -74.786573, 10.953199 ], [ -74.786501, 10.952828 ], [ -74.786401, 10.952495 ], [ -74.786155, 10.951549 ], [ -74.785856, 10.950592 ], [ -74.785269, 10.948585 ], [ -74.785087, 10.947918 ], [ -74.783514, 10.948413 ], [ -74.782494, 10.948762 ], [ -74.782328, 10.948083 ], [ -74.780868, 10.948376 ], [ -74.780748, 10.947791 ], [ -74.780687, 10.947711 ], [ -74.778308, 10.948211 ], [ -74.777063, 10.948456 ], [ -74.776255, 10.948592 ], [ -74.776206, 10.94869 ], [ -74.776008, 10.948963 ], [ -74.775905, 10.949256 ], [ -74.77587, 10.949298 ], [ -74.775703, 10.949676 ], [ -74.775506, 10.949975 ], [ -74.775075, 10.950836 ], [ -74.774466, 10.950902 ], [ -74.774611, 10.95172 ], [ -74.773823, 10.951865 ], [ -74.773944, 10.954655 ], [ -74.774094, 10.955521 ], [ -74.774551, 10.957934 ], [ -74.775287, 10.95804 ], [ -74.776011, 10.958205 ], [ -74.776485, 10.958347 ], [ -74.777822, 10.958798 ], [ -74.778375, 10.959004 ], [ -74.778917, 10.959237 ], [ -74.779447, 10.959494 ] ] ] } },
{ "type": "Feature", "properties": { "zona_id": 31, "nombre": "Boyacá", "area_m2": 197686.99, "area_valida_m2": 197693.28, "cobertura_pct": 100.0, "ndvi_medio": 0.238, "pct_vegetacion": 25.37, "pct_vegetacion_densa": 3.04, "pct_vegetacion_rala": 22.33, "pct_impermeable": 73.59, "pct_agua": 1.04, "pct_sombra": null, "temp_superficie_c": 45.72, "m2_vegetacion": 50151.25, "m2_impermeable": 145477.33, "rank_menos_vegetacion": 40, "rank_mas_impermeable": 42 }, "geometry": { "type": "Polygon", "coordinates": [ [ [ -74.785966, 10.956701 ], [ -74.785012, 10.9594 ], [ -74.784445, 10.960968 ], [ -74.786118, 10.960566 ], [ -74.787346, 10.96045 ], [ -74.78749, 10.96046 ], [ -74.787768, 10.96053 ], [ -74.788081, 10.959711 ], [ -74.787713, 10.95963 ], [ -74.788181, 10.958651 ], [ -74.78855, 10.958368 ], [ -74.788879, 10.958057 ], [ -74.789106, 10.957717 ], [ -74.789677, 10.956933 ], [ -74.790127, 10.956705 ], [ -74.790208, 10.956562 ], [ -74.78971, 10.956341 ], [ -74.788994, 10.956053 ], [ -74.786491, 10.955179 ], [ -74.786425, 10.955436 ], [ -74.786326, 10.955727 ], [ -74.785966, 10.956701 ] ] ] } },
{ "type": "Feature", "properties": { "zona_id": 32, "nombre": "Los Trupillos", "area_m2": 164568.56, "area_valida_m2": 164628.0, "cobertura_pct": 100.0, "ndvi_medio": 0.184, "pct_vegetacion": 13.79, "pct_vegetacion_densa": 0.68, "pct_vegetacion_rala": 13.11, "pct_impermeable": 85.48, "pct_agua": 0.73, "pct_sombra": null, "temp_superficie_c": 46.3, "m2_vegetacion": 22700.11, "m2_impermeable": 140724.02, "rank_menos_vegetacion": 5, "rank_mas_impermeable": 2 }, "geometry": { "type": "Polygon", "coordinates": [ [ [ -74.781881, 10.960879 ], [ -74.783024, 10.961246 ], [ -74.783252, 10.961255 ], [ -74.784446, 10.960968 ], [ -74.785966, 10.956701 ], [ -74.783851, 10.956347 ], [ -74.783055, 10.956298 ], [ -74.782779, 10.956905 ], [ -74.782628, 10.957354 ], [ -74.782557, 10.957675 ], [ -74.782411, 10.958602 ], [ -74.782327, 10.958864 ], [ -74.782276, 10.958999 ], [ -74.781753, 10.960121 ], [ -74.781768, 10.96029 ], [ -74.781881, 10.960879 ] ] ] } },
{ "type": "Feature", "properties": { "zona_id": 33, "nombre": "La Luz", "area_m2": 699992.67, "area_valida_m2": 700090.56, "cobertura_pct": 100.0, "ndvi_medio": 0.207, "pct_vegetacion": 16.73, "pct_vegetacion_densa": 1.24, "pct_vegetacion_rala": 15.49, "pct_impermeable": 82.3, "pct_agua": 0.97, "pct_sombra": null, "temp_superficie_c": 47.53, "m2_vegetacion": 117124.27, "m2_impermeable": 576151.99, "rank_menos_vegetacion": 10, "rank_mas_impermeable": 9 }, "geometry": { "type": "Polygon", "coordinates": [ [ [ -74.766078, 10.955513 ], [ -74.766965, 10.957921 ], [ -74.767176, 10.95866 ], [ -74.767708, 10.960064 ], [ -74.768139, 10.961256 ], [ -74.768792, 10.962752 ], [ -74.768863, 10.962946 ], [ -74.769207, 10.962837 ], [ -74.770296, 10.962678 ], [ -74.770883, 10.962576 ], [ -74.771417, 10.962512 ], [ -74.771866, 10.962481 ], [ -74.773042, 10.962458 ], [ -74.774719, 10.962482 ], [ -74.775147, 10.962502 ], [ -74.774951, 10.960887 ], [ -74.774757, 10.959488 ], [ -74.774655, 10.958561 ], [ -74.774539, 10.957866 ], [ -74.773968, 10.954825 ], [ -74.773944, 10.954655 ], [ -74.773908, 10.953974 ], [ -74.773701, 10.953985 ], [ -74.773294, 10.954054 ], [ -74.772799, 10.954171 ], [ -74.77185, 10.95435 ], [ -74.769148, 10.954908 ], [ -74.767786, 10.955164 ], [ -74.766078, 10.955513 ] ] ] } },
{ "type": "Feature", "properties": { "zona_id": 34, "nombre": "Montes", "area_m2": 613982.46, "area_valida_m2": 613915.2, "cobertura_pct": 99.99, "ndvi_medio": 0.215, "pct_vegetacion": 17.94, "pct_vegetacion_densa": 0.99, "pct_vegetacion_rala": 16.95, "pct_impermeable": 81.17, "pct_agua": 0.89, "pct_sombra": null, "temp_superficie_c": 47.09, "m2_vegetacion": 110162.89, "m2_impermeable": 498315.02, "rank_menos_vegetacion": 13, "rank_mas_impermeable": 13 }, "geometry": { "type": "Polygon", "coordinates": [ [ [ -74.778965, 10.964159 ], [ -74.78018, 10.964493 ], [ -74.781111, 10.964723 ], [ -74.782699, 10.965211 ], [ -74.782325, 10.966102 ], [ -74.783311, 10.966564 ], [ -74.784004, 10.966921 ], [ -74.784927, 10.967338 ], [ -74.785551, 10.967661 ], [ -74.786228, 10.968033 ], [ -74.78638, 10.967794 ], [ -74.786607, 10.967613 ], [ -74.787617, 10.967471 ], [ -74.787796, 10.967417 ], [ -74.78805, 10.967302 ], [ -74.788312, 10.96715 ], [ -74.788809, 10.966899 ], [ -74.789001, 10.966762 ], [ -74.78916, 10.966701 ], [ -74.789303, 10.966614 ], [ -74.7896, 10.966377 ], [ -74.789744, 10.966222 ], [ -74.790105, 10.965677 ], [ -74.790218, 10.965545 ], [ -74.790717, 10.965149 ], [ -74.786635, 10.963435 ], [ -74.786933, 10.962704 ], [ -74.787119, 10.962185 ], [ -74.787768, 10.96053 ], [ -74.78749, 10.96046 ], [ -74.787346, 10.96045 ], [ -74.786118, 10.960566 ], [ -74.783252, 10.961255 ], [ -74.783024, 10.961246 ], [ -74.781479, 10.96075 ], [ -74.781375, 10.960603 ], [ -74.780578, 10.960119 ], [ -74.779964, 10.959776 ], [ -74.779911, 10.959925 ], [ -74.77964, 10.961084 ], [ -74.77921, 10.963093 ], [ -74.779129, 10.963395 ], [ -74.778965, 10.964159 ] ] ] } },
{ "type": "Feature", "properties": { "zona_id": 35, "nombre": "Atlántico", "area_m2": 168319.7, "area_valida_m2": 168382.08, "cobertura_pct": 100.0, "ndvi_medio": 0.229, "pct_vegetacion": 20.91, "pct_vegetacion_densa": 1.52, "pct_vegetacion_rala": 19.39, "pct_impermeable": 78.53, "pct_agua": 0.56, "pct_sombra": null, "temp_superficie_c": 46.3, "m2_vegetacion": 35205.41, "m2_impermeable": 132226.79, "rank_menos_vegetacion": 21, "rank_mas_impermeable": 20 }, "geometry": { "type": "Polygon", "coordinates": [ [ [ -74.785517, 10.969309 ], [ -74.786233, 10.969596 ], [ -74.787094, 10.969879 ], [ -74.787527, 10.970046 ], [ -74.787022, 10.971123 ], [ -74.787903, 10.971493 ], [ -74.788456, 10.971706 ], [ -74.789361, 10.971986 ], [ -74.78989, 10.970237 ], [ -74.790038, 10.969559 ], [ -74.790504, 10.968037 ], [ -74.790416, 10.967993 ], [ -74.788478, 10.967452 ], [ -74.78805, 10.967302 ], [ -74.787796, 10.967417 ], [ -74.787617, 10.967471 ], [ -74.786607, 10.967613 ], [ -74.78638, 10.967794 ], [ -74.785834, 10.968627 ], [ -74.785517, 10.969309 ] ] ] } },
{ "type": "Feature", "properties": { "zona_id": 36, "nombre": "Rebolo", "area_m2": 1375118.81, "area_valida_m2": 1374936.48, "cobertura_pct": 99.99, "ndvi_medio": 0.214, "pct_vegetacion": 20.92, "pct_vegetacion_densa": 1.37, "pct_vegetacion_rala": 19.55, "pct_impermeable": 78.31, "pct_agua": 0.77, "pct_sombra": null, "temp_superficie_c": 46.44, "m2_vegetacion": 287668.61, "m2_impermeable": 1076739.45, "rank_menos_vegetacion": 22, "rank_mas_impermeable": 21 }, "geometry": { "type": "Polygon", "coordinates": [ [ [ -74.77007, 10.974316 ], [ -74.772245, 10.974693 ], [ -74.774088, 10.975048 ], [ -74.774318, 10.97508 ], [ -74.774934, 10.97526 ], [ -74.775339, 10.975401 ], [ -74.776139, 10.975733 ], [ -74.776706, 10.974497 ], [ -74.77654, 10.974434 ], [ -74.776376, 10.973696 ], [ -74.776392, 10.972767 ], [ -74.776412, 10.972738 ], [ -74.776437, 10.972249 ], [ -74.776499, 10.970495 ], [ -74.776601, 10.96954 ], [ -74.777746, 10.969695 ], [ -74.778083, 10.968283 ], [ -74.778493, 10.966373 ], [ -74.778681, 10.965384 ], [ -74.778941, 10.964272 ], [ -74.779129, 10.963395 ], [ -74.77921, 10.963093 ], [ -74.77964, 10.961084 ], [ -74.779911, 10.959925 ], [ -74.779964, 10.959776 ], [ -74.779447, 10.959494 ], [ -74.778917, 10.959237 ], [ -74.778375, 10.959004 ], [ -74.777822, 10.958798 ], [ -74.776485, 10.958347 ], [ -74.776011, 10.958205 ], [ -74.775287, 10.95804 ], [ -74.774551, 10.957934 ], [ -74.774655, 10.958561 ], [ -74.774757, 10.959488 ], [ -74.774951, 10.960887 ], [ -74.775147, 10.962502 ], [ -74.774719, 10.962482 ], [ -74.773042, 10.962458 ], [ -74.771866, 10.962481 ], [ -74.771417, 10.962512 ], [ -74.770883, 10.962576 ], [ -74.770296, 10.962678 ], [ -74.769207, 10.962837 ], [ -74.768863, 10.962946 ], [ -74.769017, 10.963364 ], [ -74.769374, 10.964676 ], [ -74.769447, 10.965066 ], [ -74.769497, 10.965214 ], [ -74.769651, 10.965539 ], [ -74.769843, 10.965899 ], [ -74.770348, 10.966734 ], [ -74.770417, 10.966892 ], [ -74.770492, 10.967175 ], [ -74.7705, 10.967728 ], [ -74.770529, 10.967843 ], [ -74.770557, 10.968204 ], [ -74.770537, 10.968483 ], [ -74.770549, 10.968811 ], [ -74.770521, 10.969139 ], [ -74.770122, 10.970304 ], [ -74.770108, 10.971029 ], [ -74.770119, 10.97159 ], [ -74.770053, 10.972254 ], [ -74.769972, 10.972469 ], [ -74.769923, 10.972689 ], [ -74.769985, 10.973323 ], [ -74.770103, 10.973859 ], [ -74.770092, 10.974219 ], [ -74.77007, 10.974316 ] ] ] } },
{ "type": "Feature", "properties": { "zona_id": 37, "nombre": "Las Palmeras", "area_m2": 124473.08, "area_valida_m2": 124444.8, "cobertura_pct": 99.98, "ndvi_medio": 0.267, "pct_vegetacion": 27.7, "pct_vegetacion_densa": 3.27, "pct_vegetacion_rala": 24.44, "pct_impermeable": 71.84, "pct_agua": 0.46, "pct_sombra": null, "temp_superficie_c": 46.42, "m2_vegetacion": 34474.78, "m2_impermeable": 89399.06, "rank_menos_vegetacion": 51, "rank_mas_impermeable": 50 }, "geometry": { "type": "Polygon", "coordinates": [ [ [ -74.782062, 10.93757 ], [ -74.78222, 10.938113 ], [ -74.782311, 10.938084 ], [ -74.782373, 10.938021 ], [ -74.782515, 10.937915 ], [ -74.78313, 10.937601 ], [ -74.783362, 10.937465 ], [ -74.784058, 10.936886 ], [ -74.784761, 10.936537 ], [ -74.786068, 10.936012 ], [ -74.786116, 10.935975 ], [ -74.786413, 10.935942 ], [ -74.787634, 10.935902 ], [ -74.789875, 10.935285 ], [ -74.790823, 10.934997 ], [ -74.791115, 10.934941 ], [ -74.791017, 10.934751 ], [ -74.790723, 10.933873 ], [ -74.790653, 10.933774 ], [ -74.7905, 10.933649 ], [ -74.790054, 10.933735 ], [ -74.789601, 10.933843 ], [ -74.789299, 10.933888 ], [ -74.789194, 10.933888 ], [ -74.788599, 10.933656 ], [ -74.788356, 10.933648 ], [ -74.787773, 10.933955 ], [ -74.786788, 10.934613 ], [ -74.785727, 10.935251 ], [ -74.784541, 10.935889 ], [ -74.784055, 10.936352 ], [ -74.783409, 10.936829 ], [ -74.782789, 10.937214 ], [ -74.782277, 10.937475 ], [ -74.782062, 10.93757 ] ] ] } },
{ "type": "Feature", "properties": { "zona_id": 38, "nombre": "Limón", "area_m2": 50685.59, "area_valida_m2": 50709.6, "cobertura_pct": 100.0, "ndvi_medio": 0.245, "pct_vegetacion": 21.43, "pct_vegetacion_densa": 1.88, "pct_vegetacion_rala": 19.55, "pct_impermeable": 78.31, "pct_agua": 0.26, "pct_sombra": null, "temp_superficie_c": 47.08, "m2_vegetacion": 10867.9, "m2_impermeable": 39710.89, "rank_menos_vegetacion": 23, "rank_mas_impermeable": 22 }, "geometry": { "type": "Polygon", "coordinates": [ [ [ -74.786649, 10.941003 ], [ -74.785729, 10.941134 ], [ -74.785783, 10.941798 ], [ -74.786215, 10.943105 ], [ -74.788702, 10.942344 ], [ -74.788722, 10.942306 ], [ -74.788961, 10.941401 ], [ -74.78845, 10.941382 ], [ -74.787381, 10.941399 ], [ -74.786803, 10.941362 ], [ -74.786549, 10.941322 ], [ -74.786649, 10.941003 ] ] ] } },
{ "type": "Feature", "properties": { "zona_id": 39, "nombre": "Universal", "area_m2": 354800.01, "area_valida_m2": 354759.84, "cobertura_pct": 99.99, "ndvi_medio": 0.188, "pct_vegetacion": 16.05, "pct_vegetacion_densa": 0.38, "pct_vegetacion_rala": 15.67, "pct_impermeable": 81.76, "pct_agua": 2.19, "pct_sombra": null, "temp_superficie_c": 46.42, "m2_vegetacion": 56950.53, "m2_impermeable": 290034.47, "rank_menos_vegetacion": 9, "rank_mas_impermeable": 11 }, "geometry": { "type": "Polygon", "coordinates": [ [ [ -74.78222, 10.938113 ], [ -74.783766, 10.943429 ], [ -74.785489, 10.942828 ], [ -74.785562, 10.94284 ], [ -74.786069, 10.943124 ], [ -74.78611, 10.943129 ], [ -74.786215, 10.943105 ], [ -74.785783, 10.941798 ], [ -74.785729, 10.941134 ], [ -74.786649, 10.941003 ], [ -74.78714, 10.939438 ], [ -74.787831, 10.939368 ], [ -74.787833, 10.939029 ], [ -74.787797, 10.938674 ], [ -74.787807, 10.938435 ], [ -74.787845, 10.938298 ], [ -74.787932, 10.938113 ], [ -74.788101, 10.938133 ], [ -74.788271, 10.938129 ], [ -74.788439, 10.9381 ], [ -74.788601, 10.938047 ], [ -74.788552, 10.937622 ], [ -74.788579, 10.937298 ], [ -74.788667, 10.936985 ], [ -74.788753, 10.936797 ], [ -74.788844, 10.936645 ], [ -74.789007, 10.935522 ], [ -74.787634, 10.935902 ], [ -74.786413, 10.935942 ], [ -74.786116, 10.935975 ], [ -74.786068, 10.936012 ], [ -74.784761, 10.936537 ], [ -74.784058, 10.936886 ], [ -74.783362, 10.937465 ], [ -74.78313, 10.937601 ], [ -74.782515, 10.937915 ], [ -74.782373, 10.938021 ], [ -74.782311, 10.938084 ], [ -74.78222, 10.938113 ] ] ] } },
{ "type": "Feature", "properties": { "zona_id": 40, "nombre": "José Antonio Galán", "area_m2": 288881.25, "area_valida_m2": 288843.84, "cobertura_pct": 99.99, "ndvi_medio": 0.257, "pct_vegetacion": 24.52, "pct_vegetacion_densa": 2.06, "pct_vegetacion_rala": 22.46, "pct_impermeable": 75.39, "pct_agua": 0.1, "pct_sombra": null, "temp_superficie_c": 47.08, "m2_vegetacion": 70814.91, "m2_impermeable": 217746.53, "rank_menos_vegetacion": 32, "rank_mas_impermeable": 32 }, "geometry": { "type": "Polygon", "coordinates": [ [ [ -74.78714, 10.939438 ], [ -74.786549, 10.941322 ], [ -74.786803, 10.941362 ], [ -74.787381, 10.941399 ], [ -74.78845, 10.941382 ], [ -74.788961, 10.941401 ], [ -74.788722, 10.942306 ], [ -74.788702, 10.942344 ], [ -74.790006, 10.942193 ], [ -74.789738, 10.940122 ], [ -74.789637, 10.939137 ], [ -74.7902, 10.939046 ], [ -74.790256, 10.938874 ], [ -74.790386, 10.938612 ], [ -74.790821, 10.937894 ], [ -74.790995, 10.937633 ], [ -74.791061, 10.937592 ], [ -74.791155, 10.937612 ], [ -74.791487, 10.937754 ], [ -74.791647, 10.937808 ], [ -74.7917, 10.938098 ], [ -74.792243, 10.938026 ], [ -74.792258, 10.93779 ], [ -74.792327, 10.937564 ], [ -74.792563, 10.937119 ], [ -74.792954, 10.936464 ], [ -74.792932, 10.93631 ], [ -74.793309, 10.936326 ], [ -74.793425, 10.936302 ], [ -74.79377, 10.936079 ], [ -74.795118, 10.935663 ], [ -74.79506, 10.935484 ], [ -74.794898, 10.934774 ], [ -74.794381, 10.93488 ], [ -74.793679, 10.934891 ], [ -74.792355, 10.934847 ], [ -74.791665, 10.934857 ], [ -74.791404, 10.93488 ], [ -74.790823, 10.934997 ], [ -74.789875, 10.935285 ], [ -74.789007, 10.935522 ], [ -74.788844, 10.936645 ], [ -74.788753, 10.936797 ], [ -74.788667, 10.936985 ], [ -74.788579, 10.937298 ], [ -74.788552, 10.937622 ], [ -74.788601, 10.938047 ], [ -74.788439, 10.9381 ], [ -74.788271, 10.938129 ], [ -74.788101, 10.938133 ], [ -74.787932, 10.938113 ], [ -74.787845, 10.938298 ], [ -74.787807, 10.938435 ], [ -74.787797, 10.938674 ], [ -74.787833, 10.939029 ], [ -74.787831, 10.939368 ], [ -74.78714, 10.939438 ] ] ] } },
{ "type": "Feature", "properties": { "zona_id": 41, "nombre": "Pasadena", "area_m2": 175849.48, "area_valida_m2": 175812.48, "cobertura_pct": 99.98, "ndvi_medio": 0.198, "pct_vegetacion": 19.48, "pct_vegetacion_densa": 0.58, "pct_vegetacion_rala": 18.9, "pct_impermeable": 79.97, "pct_agua": 0.56, "pct_sombra": null, "temp_superficie_c": 45.73, "m2_vegetacion": 34242.25, "m2_impermeable": 140591.45, "rank_menos_vegetacion": 15, "rank_mas_impermeable": 15 }, "geometry": { "type": "Polygon", "coordinates": [ [ [ -74.768507, 10.945285 ], [ -74.768572, 10.945989 ], [ -74.768753, 10.948614 ], [ -74.771453, 10.948464 ], [ -74.772303, 10.948397 ], [ -74.773483, 10.948331 ], [ -74.773369, 10.947922 ], [ -74.773232, 10.94754 ], [ -74.773067, 10.947168 ], [ -74.772915, 10.946892 ], [ -74.772678, 10.946568 ], [ -74.771081, 10.944716 ], [ -74.770983, 10.944593 ], [ -74.770901, 10.944455 ], [ -74.770827, 10.944281 ], [ -74.769993, 10.944506 ], [ -74.76982, 10.944568 ], [ -74.769707, 10.944677 ], [ -74.769647, 10.944807 ], [ -74.76964, 10.944987 ], [ -74.769593, 10.945133 ], [ -74.769496, 10.945226 ], [ -74.769398, 10.945276 ], [ -74.769269, 10.94527 ], [ -74.768773, 10.945177 ], [ -74.768507, 10.945285 ] ] ] } },
{ "type": "Feature", "properties": { "zona_id": 42, "nombre": "Simón Bolívar", "area_m2": 1016151.41, "area_valida_m2": 1016022.24, "cobertura_pct": 99.99, "ndvi_medio": 0.24, "pct_vegetacion": 25.26, "pct_vegetacion_densa": 1.0, "pct_vegetacion_rala": 24.26, "pct_impermeable": 73.79, "pct_agua": 0.95, "pct_sombra": null, "temp_superficie_c": 46.12, "m2_vegetacion": 256603.63, "m2_impermeable": 749731.24, "rank_menos_vegetacion": 38, "rank_mas_impermeable": 40 }, "geometry": { "type": "Polygon", "coordinates": [ [ [ -74.773483, 10.948331 ], [ -74.773561, 10.94871 ], [ -74.773767, 10.950332 ], [ -74.773823, 10.951865 ], [ -74.774611, 10.95172 ], [ -74.774466, 10.950902 ], [ -74.775075, 10.950836 ], [ -74.775506, 10.949975 ], [ -74.775703, 10.949676 ], [ -74.77587, 10.949298 ], [ -74.775905, 10.949256 ], [ -74.776008, 10.948963 ], [ -74.776206, 10.94869 ], [ -74.776255, 10.948592 ], [ -74.777063, 10.948456 ], [ -74.779234, 10.948022 ], [ -74.779146, 10.947624 ], [ -74.780112, 10.947281 ], [ -74.780322, 10.947154 ], [ -74.780412, 10.947045 ], [ -74.780479, 10.946928 ], [ -74.780649, 10.946476 ], [ -74.781373, 10.944737 ], [ -74.780313, 10.944289 ], [ -74.781099, 10.943015 ], [ -74.781534, 10.94318 ], [ -74.782578, 10.943369 ], [ -74.783462, 10.943499 ], [ -74.78359, 10.943491 ], [ -74.783766, 10.943429 ], [ -74.782062, 10.93757 ], [ -74.781804, 10.936625 ], [ -74.781553, 10.935813 ], [ -74.781259, 10.934747 ], [ -74.780257, 10.934887 ], [ -74.779706, 10.935074 ], [ -74.779028, 10.936753 ], [ -74.778625, 10.937712 ], [ -74.778666, 10.937752 ], [ -74.777961, 10.939419 ], [ -74.777815, 10.939826 ], [ -74.777623, 10.940179 ], [ -74.777659, 10.940293 ], [ -74.777531, 10.94067 ], [ -74.777217, 10.940815 ], [ -74.776844, 10.94095 ], [ -74.776674, 10.941034 ], [ -74.77658, 10.941195 ], [ -74.776451, 10.941354 ], [ -74.776379, 10.941584 ], [ -74.776353, 10.941736 ], [ -74.776363, 10.941885 ], [ -74.776423, 10.942078 ], [ -74.776441, 10.942199 ], [ -74.776369, 10.942354 ], [ -74.776246, 10.942522 ], [ -74.776165, 10.942575 ], [ -74.775995, 10.942643 ], [ -74.775655, 10.943 ], [ -74.775385, 10.943155 ], [ -74.775105, 10.943342 ], [ -74.774514, 10.94354 ], [ -74.774322, 10.94364 ], [ -74.774121, 10.943786 ], [ -74.773954, 10.943944 ], [ -74.773794, 10.944053 ], [ -74.773602, 10.944137 ], [ -74.773407, 10.944155 ], [ -74.772829, 10.944127 ], [ -74.772313, 10.944258 ], [ -74.772178, 10.944261 ], [ -74.771892, 10.944171 ], [ -74.771558, 10.944115 ], [ -74.77142, 10.944124 ], [ -74.771301, 10.944167 ], [ -74.770827, 10.944281 ], [ -74.770901, 10.944455 ], [ -74.770983, 10.944593 ], [ -74.771081, 10.944716 ], [ -74.772678, 10.946568 ], [ -74.772915, 10.946892 ], [ -74.773067, 10.947168 ], [ -74.773232, 10.94754 ], [ -74.773369, 10.947922 ], [ -74.773483, 10.948331 ] ] ] } },
{ "type": "Feature", "properties": { "zona_id": 43, "nombre": "Ciudadela 20 de julio", "area_m2": 1732587.62, "area_valida_m2": 1732612.32, "cobertura_pct": 100.0, "ndvi_medio": 0.307, "pct_vegetacion": 38.73, "pct_vegetacion_densa": 5.66, "pct_vegetacion_rala": 33.07, "pct_impermeable": 61.21, "pct_agua": 0.06, "pct_sombra": null, "temp_superficie_c": 45.98, "m2_vegetacion": 671077.44, "m2_impermeable": 1060546.85, "rank_menos_vegetacion": 111, "rank_mas_impermeable": 110 }, "geometry": { "type": "Polygon", "coordinates": [ [ [ -74.799203, 10.934314 ], [ -74.799224, 10.938306 ], [ -74.802691, 10.93832 ], [ -74.802713, 10.937421 ], [ -74.802908, 10.937271 ], [ -74.803081, 10.937066 ], [ -74.803326, 10.936552 ], [ -74.803451, 10.936344 ], [ -74.803619, 10.936247 ], [ -74.803887, 10.936185 ], [ -74.80397, 10.936148 ], [ -74.804001, 10.936095 ], [ -74.803998, 10.936006 ], [ -74.804029, 10.935946 ], [ -74.80434, 10.935856 ], [ -74.804418, 10.935801 ], [ -74.804491, 10.935707 ], [ -74.804539, 10.935685 ], [ -74.804593, 10.935704 ], [ -74.80472, 10.935631 ], [ -74.804998, 10.9354 ], [ -74.804687, 10.93498 ], [ -74.805334, 10.934483 ], [ -74.80551, 10.934328 ], [ -74.805722, 10.934077 ], [ -74.806309, 10.933611 ], [ -74.808748, 10.931879 ], [ -74.809171, 10.931563 ], [ -74.809696, 10.931092 ], [ -74.809746, 10.931028 ], [ -74.810196, 10.929945 ], [ -74.810433, 10.929334 ], [ -74.810604, 10.928936 ], [ -74.810671, 10.92873 ], [ -74.81075, 10.928282 ], [ -74.810855, 10.927845 ], [ -74.811285, 10.926387 ], [ -74.811485, 10.925648 ], [ -74.811495, 10.925483 ], [ -74.811488, 10.925052 ], [ -74.811171, 10.92517 ], [ -74.811017, 10.925253 ], [ -74.810821, 10.925332 ], [ -74.810625, 10.925395 ], [ -74.810512, 10.925417 ], [ -74.810248, 10.925428 ], [ -74.80981, 10.925417 ], [ -74.809574, 10.925377 ], [ -74.809187, 10.925254 ], [ -74.807667, 10.924649 ], [ -74.807216, 10.924424 ], [ -74.807125, 10.9244 ], [ -74.80699, 10.924448 ], [ -74.806947, 10.924502 ], [ -74.806952, 10.924586 ], [ -74.807056, 10.925139 ], [ -74.80785, 10.926238 ], [ -74.807619, 10.926406 ], [ -74.807383, 10.926415 ], [ -74.807192, 10.926203 ], [ -74.806151, 10.926403 ], [ -74.805035, 10.9264 ], [ -74.805032, 10.926134 ], [ -74.802692, 10.92608 ], [ -74.80268, 10.923248 ], [ -74.8122, 10.92275 ], [ -74.81226, 10.922525 ], [ -74.81181, 10.922543 ], [ -74.811781, 10.922441 ], [ -74.811751, 10.922446 ], [ -74.811734, 10.922466 ], [ -74.811671, 10.922458 ], [ -74.810862, 10.922495 ], [ -74.81085, 10.922276 ], [ -74.81059, 10.922294 ], [ -74.810581, 10.922197 ], [ -74.80943, 10.92228 ], [ -74.80942, 10.921917 ], [ -74.809322, 10.921801 ], [ -74.80879, 10.921734 ], [ -74.808388, 10.921662 ], [ -74.807629, 10.921681 ], [ -74.80743, 10.9217 ], [ -74.806916, 10.921859 ], [ -74.806609, 10.921911 ], [ -74.805607, 10.922262 ], [ -74.805162, 10.922438 ], [ -74.804698, 10.922253 ], [ -74.80433, 10.922035 ], [ -74.803364, 10.921811 ], [ -74.802819, 10.921747 ], [ -74.802569, 10.921737 ], [ -74.802117, 10.921754 ], [ -74.802038, 10.921762 ], [ -74.80211, 10.923277 ], [ -74.797208, 10.923534 ], [ -74.797223, 10.923572 ], [ -74.797284, 10.923609 ], [ -74.797576, 10.923699 ], [ -74.797769, 10.9238 ], [ -74.797872, 10.92387 ], [ -74.797954, 10.924013 ], [ -74.797905, 10.924344 ], [ -74.79782, 10.925409 ], [ -74.797815, 10.925849 ], [ -74.797729, 10.925939 ], [ -74.797702, 10.926378 ], [ -74.797001, 10.926518 ], [ -74.79702, 10.926844 ], [ -74.796973, 10.927048 ], [ -74.796773, 10.927108 ], [ -74.796853, 10.92743 ], [ -74.796745, 10.92785 ], [ -74.796612, 10.928257 ], [ -74.796054, 10.928464 ], [ -74.795824, 10.928566 ], [ -74.795683, 10.928647 ], [ -74.795551, 10.928806 ], [ -74.795249, 10.929377 ], [ -74.79495, 10.92984 ], [ -74.79481, 10.930016 ], [ -74.794714, 10.930402 ], [ -74.794678, 10.93048 ], [ -74.794587, 10.930571 ], [ -74.794462, 10.930618 ], [ -74.794699, 10.930714 ], [ -74.794738, 10.930747 ], [ -74.794764, 10.930793 ], [ -74.794822, 10.931011 ], [ -74.795126, 10.93107 ], [ -74.79654, 10.931227 ], [ -74.797451, 10.930847 ], [ -74.797549, 10.929901 ], [ -74.799185, 10.930056 ], [ -74.799192, 10.931747 ], [ -74.799219, 10.932281 ], [ -74.79923, 10.93378 ], [ -74.799203, 10.934314 ] ] ] } },
{ "type": "Feature", "properties": { "zona_id": 44, "nombre": "San Roque", "area_m2": 1031775.85, "area_valida_m2": 1031728.32, "cobertura_pct": 100.0, "ndvi_medio": 0.194, "pct_vegetacion": 15.4, "pct_vegetacion_densa": 0.87, "pct_vegetacion_rala": 14.53, "pct_impermeable": 83.25, "pct_agua": 1.35, "pct_sombra": null, "temp_superficie_c": 46.7, "m2_vegetacion": 158911.26, "m2_impermeable": 858882.65, "rank_menos_vegetacion": 6, "rank_mas_impermeable": 7 }, "geometry": { "type": "Polygon", "coordinates": [ [ [ -74.776139, 10.975733 ], [ -74.776765, 10.975976 ], [ -74.777914, 10.976479 ], [ -74.778362, 10.976658 ], [ -74.779382, 10.97711 ], [ -74.781761, 10.978057 ], [ -74.782293, 10.97825 ], [ -74.782532, 10.977401 ], [ -74.783151, 10.975419 ], [ -74.783876, 10.973358 ], [ -74.784756, 10.970973 ], [ -74.78494, 10.970516 ], [ -74.785834, 10.968627 ], [ -74.786228, 10.968033 ], [ -74.785551, 10.967661 ], [ -74.784927, 10.967338 ], [ -74.784004, 10.966921 ], [ -74.783311, 10.966564 ], [ -74.782325, 10.966102 ], [ -74.782699, 10.965211 ], [ -74.781111, 10.964723 ], [ -74.78018, 10.964493 ], [ -74.778965, 10.964159 ], [ -74.778681, 10.965384 ], [ -74.778493, 10.966373 ], [ -74.778083, 10.968283 ], [ -74.777746, 10.969695 ], [ -74.776601, 10.96954 ], [ -74.776499, 10.970495 ], [ -74.776437, 10.972249 ], [ -74.776412, 10.972738 ], [ -74.776392, 10.972767 ], [ -74.776376, 10.973696 ], [ -74.77654, 10.974434 ], [ -74.776706, 10.974497 ], [ -74.776139, 10.975733 ] ] ] } },
{ "type": "Feature", "properties": { "zona_id": 45, "nombre": "Chiquinquirá", "area_m2": 789383.91, "area_valida_m2": 789429.6, "cobertura_pct": 100.0, "ndvi_medio": 0.231, "pct_vegetacion": 24.03, "pct_vegetacion_densa": 1.86, "pct_vegetacion_rala": 22.17, "pct_impermeable": 74.64, "pct_agua": 1.34, "pct_sombra": null, "temp_superficie_c": 45.53, "m2_vegetacion": 189666.24, "m2_impermeable": 589199.69, "rank_menos_vegetacion": 30, "rank_mas_impermeable": 35 }, "geometry": { "type": "Polygon", "coordinates": [ [ [ -74.782882, 10.978473 ], [ -74.784101, 10.978845 ], [ -74.786098, 10.979513 ], [ -74.786997, 10.979786 ], [ -74.788482, 10.980181 ], [ -74.789393, 10.980445 ], [ -74.789437, 10.980445 ], [ -74.790241, 10.980651 ], [ -74.790295, 10.980652 ], [ -74.790869, 10.978414 ], [ -74.791056, 10.977749 ], [ -74.791377, 10.976976 ], [ -74.792216, 10.974648 ], [ -74.791631, 10.974158 ], [ -74.790706, 10.973824 ], [ -74.790067, 10.973617 ], [ -74.788999, 10.97321 ], [ -74.789361, 10.971986 ], [ -74.788456, 10.971706 ], [ -74.787903, 10.971493 ], [ -74.787022, 10.971123 ], [ -74.787527, 10.970046 ], [ -74.787094, 10.969879 ], [ -74.786233, 10.969596 ], [ -74.785517, 10.969309 ], [ -74.78494, 10.970516 ], [ -74.784477, 10.971703 ], [ -74.783538, 10.974296 ], [ -74.783151, 10.975419 ], [ -74.782532, 10.977401 ], [ -74.782293, 10.97825 ], [ -74.782882, 10.978473 ] ] ] } },
{ "type": "Feature", "properties": { "zona_id": 46, "nombre": "Centro", "area_m2": 927199.18, "area_valida_m2": 927296.64, "cobertura_pct": 100.0, "ndvi_medio": 0.122, "pct_vegetacion": 7.95, "pct_vegetacion_densa": 0.35, "pct_vegetacion_rala": 7.6, "pct_impermeable": 84.86, "pct_agua": 7.19, "pct_sombra": null, "temp_superficie_c": 43.62, "m2_vegetacion": 73724.34, "m2_impermeable": 786925.24, "rank_menos_vegetacion": 1, "rank_mas_impermeable": 3 }, "geometry": { "type": "Polygon", "coordinates": [ [ [ -74.771807, 10.977549 ], [ -74.771876, 10.977571 ], [ -74.773381, 10.977779 ], [ -74.77423, 10.977957 ], [ -74.774758, 10.978111 ], [ -74.774929, 10.978227 ], [ -74.77501, 10.978346 ], [ -74.775058, 10.978484 ], [ -74.775068, 10.97863 ], [ -74.775029, 10.978882 ], [ -74.775031, 10.978969 ], [ -74.774756, 10.980119 ], [ -74.774754, 10.980414 ], [ -74.775499, 10.983432 ], [ -74.775566, 10.98361 ], [ -74.77579, 10.9844 ], [ -74.77579, 10.984621 ], [ -74.775681, 10.985002 ], [ -74.775501, 10.985471 ], [ -74.776302, 10.985578 ], [ -74.777273, 10.985743 ], [ -74.77915, 10.986019 ], [ -74.780459, 10.986183 ], [ -74.781001, 10.986295 ], [ -74.781897, 10.982029 ], [ -74.782362, 10.980288 ], [ -74.782882, 10.978473 ], [ -74.781761, 10.978057 ], [ -74.779382, 10.97711 ], [ -74.778362, 10.976658 ], [ -74.777914, 10.976479 ], [ -74.776765, 10.975976 ], [ -74.775339, 10.975401 ], [ -74.774934, 10.97526 ], [ -74.774318, 10.97508 ], [ -74.774088, 10.975048 ], [ -74.772245, 10.974693 ], [ -74.77007, 10.974316 ], [ -74.769965, 10.974738 ], [ -74.769918, 10.975379 ], [ -74.769973, 10.977487 ], [ -74.770588, 10.977381 ], [ -74.771807, 10.977549 ] ] ] } },
{ "type": "Feature", "properties": { "zona_id": 47, "nombre": "El Rosario", "area_m2": 851583.83, "area_valida_m2": 851535.36, "cobertura_pct": 99.99, "ndvi_medio": 0.17, "pct_vegetacion": 12.91, "pct_vegetacion_densa": 1.18, "pct_vegetacion_rala": 11.73, "pct_impermeable": 82.83, "pct_agua": 4.26, "pct_sombra": null, "temp_superficie_c": 43.72, "m2_vegetacion": 109957.21, "m2_impermeable": 705307.34, "rank_menos_vegetacion": 3, "rank_mas_impermeable": 8 }, "geometry": { "type": "Polygon", "coordinates": [ [ [ -74.781001, 10.986295 ], [ -74.782786, 10.986741 ], [ -74.783324, 10.986858 ], [ -74.784732, 10.987287 ], [ -74.786849, 10.987864 ], [ -74.789517, 10.988661 ], [ -74.78972, 10.987703 ], [ -74.789569, 10.987658 ], [ -74.790023, 10.986714 ], [ -74.790834, 10.985836 ], [ -74.792038, 10.984451 ], [ -74.791611, 10.984321 ], [ -74.790539, 10.984042 ], [ -74.790953, 10.982267 ], [ -74.789902, 10.982024 ], [ -74.790295, 10.980652 ], [ -74.790241, 10.980651 ], [ -74.789437, 10.980445 ], [ -74.789393, 10.980445 ], [ -74.788482, 10.980181 ], [ -74.786997, 10.979786 ], [ -74.786098, 10.979513 ], [ -74.784101, 10.978845 ], [ -74.782882, 10.978473 ], [ -74.782362, 10.980288 ], [ -74.781897, 10.982029 ], [ -74.781001, 10.986295 ] ] ] } },
{ "type": "Feature", "properties": { "zona_id": 48, "nombre": "Barrio Abajo", "area_m2": 859477.57, "area_valida_m2": 859489.92, "cobertura_pct": 100.0, "ndvi_medio": 0.175, "pct_vegetacion": 13.19, "pct_vegetacion_densa": 0.81, "pct_vegetacion_rala": 12.39, "pct_impermeable": 84.45, "pct_agua": 2.35, "pct_sombra": null, "temp_superficie_c": 45.13, "m2_vegetacion": 113406.67, "m2_impermeable": 725864.68, "rank_menos_vegetacion": 4, "rank_mas_impermeable": 4 }, "geometry": { "type": "Polygon", "coordinates": [ [ [ -74.779229, 10.989751 ], [ -74.779389, 10.989953 ], [ -74.779595, 10.99026 ], [ -74.779794, 10.990673 ], [ -74.779941, 10.992218 ], [ -74.780011, 10.992479 ], [ -74.780142, 10.992782 ], [ -74.780924, 10.994121 ], [ -74.781713, 10.995379 ], [ -74.782055, 10.995206 ], [ -74.782982, 10.994796 ], [ -74.783054, 10.994787 ], [ -74.783936, 10.994432 ], [ -74.785122, 10.993921 ], [ -74.785366, 10.9938 ], [ -74.788225, 10.992861 ], [ -74.788734, 10.992735 ], [ -74.789262, 10.992728 ], [ -74.789217, 10.991772 ], [ -74.789124, 10.990736 ], [ -74.789517, 10.988661 ], [ -74.786849, 10.987864 ], [ -74.784732, 10.987287 ], [ -74.783324, 10.986858 ], [ -74.782786, 10.986741 ], [ -74.780975, 10.986288 ], [ -74.780459, 10.986183 ], [ -74.77915, 10.986019 ], [ -74.777273, 10.985743 ], [ -74.776178, 10.98556 ], [ -74.776504, 10.986034 ], [ -74.777032, 10.987016 ], [ -74.777572, 10.987925 ], [ -74.777802, 10.988281 ], [ -74.777939, 10.988465 ], [ -74.77807, 10.988607 ], [ -74.778896, 10.98939 ], [ -74.779229, 10.989751 ] ] ] } },
{ "type": "Feature", "properties": { "zona_id": 49, "nombre": "Montecristo", "area_m2": 415174.11, "area_valida_m2": 415324.8, "cobertura_pct": 100.0, "ndvi_medio": 0.249, "pct_vegetacion": 30.38, "pct_vegetacion_densa": 3.42, "pct_vegetacion_rala": 26.95, "pct_impermeable": 67.51, "pct_agua": 2.12, "pct_sombra": null, "temp_superficie_c": 43.66, "m2_vegetacion": 126155.92, "m2_impermeable": 280376.74, "rank_menos_vegetacion": 60, "rank_mas_impermeable": 70 }, "geometry": { "type": "Polygon", "coordinates": [ [ [ -74.781713, 10.995379 ], [ -74.781927, 10.995711 ], [ -74.782092, 10.995878 ], [ -74.782234, 10.996046 ], [ -74.782609, 10.996586 ], [ -74.78291, 10.997151 ], [ -74.783494, 10.998327 ], [ -74.783714, 10.998839 ], [ -74.783764, 10.999026 ], [ -74.783797, 10.999262 ], [ -74.785479, 10.998748 ], [ -74.785306, 10.997305 ], [ -74.785392, 10.997285 ], [ -74.785864, 10.996942 ], [ -74.786574, 10.996495 ], [ -74.786738, 10.996424 ], [ -74.787618, 10.996444 ], [ -74.788867, 10.996506 ], [ -74.789157, 10.996536 ], [ -74.78945, 10.996587 ], [ -74.789713, 10.996675 ], [ -74.790713, 10.997216 ], [ -74.791045, 10.997411 ], [ -74.791237, 10.99712 ], [ -74.791298, 10.996958 ], [ -74.791353, 10.995437 ], [ -74.791391, 10.995284 ], [ -74.791422, 10.995038 ], [ -74.791498, 10.99283 ], [ -74.791341, 10.992795 ], [ -74.789438, 10.992718 ], [ -74.788734, 10.992735 ], [ -74.788421, 10.992808 ], [ -74.787166, 10.993204 ], [ -74.785366, 10.9938 ], [ -74.785122, 10.993921 ], [ -74.783936, 10.994432 ], [ -74.783054, 10.994787 ], [ -74.782982, 10.994796 ], [ -74.782055, 10.995206 ], [ -74.781713, 10.995379 ] ] ] } },
{ "type": "Feature", "properties": { "zona_id": 50, "nombre": "Modelo", "area_m2": 319783.81, "area_valida_m2": 319746.24, "cobertura_pct": 99.99, "ndvi_medio": 0.258, "pct_vegetacion": 30.88, "pct_vegetacion_densa": 4.01, "pct_vegetacion_rala": 26.88, "pct_impermeable": 67.91, "pct_agua": 1.21, "pct_sombra": null, "temp_superficie_c": 43.88, "m2_vegetacion": 98748.08, "m2_impermeable": 217138.91, "rank_menos_vegetacion": 64, "rank_mas_impermeable": 67 }, "geometry": { "type": "Polygon", "coordinates": [ [ [ -74.78428, 11.001227 ], [ -74.784414, 11.001469 ], [ -74.784596, 11.001749 ], [ -74.784779, 11.001994 ], [ -74.785056, 11.002311 ], [ -74.785535, 11.002769 ], [ -74.785763, 11.002953 ], [ -74.786215, 11.003278 ], [ -74.78694, 11.002267 ], [ -74.787427, 11.001648 ], [ -74.788251, 11.000702 ], [ -74.788534, 11.000355 ], [ -74.789072, 10.999747 ], [ -74.790459, 10.998098 ], [ -74.79056, 10.998006 ], [ -74.791045, 10.997411 ], [ -74.790713, 10.997216 ], [ -74.789713, 10.996675 ], [ -74.789547, 10.996612 ], [ -74.78935, 10.996565 ], [ -74.788867, 10.996506 ], [ -74.787084, 10.996423 ], [ -74.786738, 10.996424 ], [ -74.786574, 10.996495 ], [ -74.785864, 10.996942 ], [ -74.785392, 10.997285 ], [ -74.785306, 10.997305 ], [ -74.785479, 10.998748 ], [ -74.783797, 10.999262 ], [ -74.783879, 10.999907 ], [ -74.783958, 11.000322 ], [ -74.784028, 11.000585 ], [ -74.784131, 11.000896 ], [ -74.78428, 11.001227 ] ] ] } },
{ "type": "Feature", "properties": { "zona_id": 51, "nombre": "Cevillar", "area_m2": 361651.0, "area_valida_m2": 361644.48, "cobertura_pct": 100.0, "ndvi_medio": 0.285, "pct_vegetacion": 33.57, "pct_vegetacion_densa": 6.35, "pct_vegetacion_rala": 27.22, "pct_impermeable": 66.2, "pct_agua": 0.23, "pct_sombra": null, "temp_superficie_c": 45.05, "m2_vegetacion": 121388.63, "m2_impermeable": 239426.29, "rank_menos_vegetacion": 77, "rank_mas_impermeable": 75 }, "geometry": { "type": "Polygon", "coordinates": [ [ [ -74.798909, 10.962277 ], [ -74.800351, 10.961343 ], [ -74.800648, 10.961567 ], [ -74.800816, 10.961629 ], [ -74.80172, 10.961736 ], [ -74.801847, 10.961814 ], [ -74.802286, 10.962192 ], [ -74.802472, 10.962284 ], [ -74.802682, 10.962318 ], [ -74.8029, 10.962296 ], [ -74.803041, 10.962249 ], [ -74.803269, 10.962127 ], [ -74.803289, 10.962067 ], [ -74.80327, 10.96178 ], [ -74.803698, 10.960626 ], [ -74.804385, 10.959213 ], [ -74.804474, 10.959094 ], [ -74.804196, 10.958946 ], [ -74.804126, 10.958936 ], [ -74.803636, 10.958942 ], [ -74.803501, 10.958908 ], [ -74.803339, 10.958804 ], [ -74.802405, 10.957718 ], [ -74.802036, 10.957314 ], [ -74.80152, 10.956698 ], [ -74.800581, 10.955649 ], [ -74.800091, 10.956093 ], [ -74.799704, 10.956418 ], [ -74.798827, 10.957217 ], [ -74.797124, 10.958712 ], [ -74.796388, 10.959381 ], [ -74.79784, 10.961036 ], [ -74.798149, 10.961407 ], [ -74.798202, 10.961448 ], [ -74.798909, 10.962277 ] ] ] } },
{ "type": "Feature", "properties": { "zona_id": 52, "nombre": "San José", "area_m2": 925316.19, "area_valida_m2": 925328.16, "cobertura_pct": 100.0, "ndvi_medio": 0.286, "pct_vegetacion": 36.85, "pct_vegetacion_densa": 4.74, "pct_vegetacion_rala": 32.11, "pct_impermeable": 62.45, "pct_agua": 0.7, "pct_sombra": null, "temp_superficie_c": 45.42, "m2_vegetacion": 340987.11, "m2_impermeable": 577825.86, "rank_menos_vegetacion": 92, "rank_mas_impermeable": 96 }, "geometry": { "type": "Polygon", "coordinates": [ [ [ -74.789378, 10.957337 ], [ -74.788879, 10.958057 ], [ -74.78855, 10.958368 ], [ -74.788181, 10.958651 ], [ -74.787776, 10.959488 ], [ -74.787713, 10.95963 ], [ -74.788081, 10.959711 ], [ -74.787119, 10.962185 ], [ -74.786933, 10.962704 ], [ -74.786635, 10.963435 ], [ -74.790717, 10.965149 ], [ -74.790909, 10.964994 ], [ -74.791092, 10.964878 ], [ -74.791709, 10.964553 ], [ -74.792363, 10.964257 ], [ -74.794161, 10.963367 ], [ -74.795043, 10.96297 ], [ -74.795761, 10.962939 ], [ -74.797236, 10.96282 ], [ -74.797747, 10.962752 ], [ -74.798061, 10.962677 ], [ -74.798327, 10.962592 ], [ -74.798785, 10.962356 ], [ -74.798909, 10.962277 ], [ -74.798202, 10.961448 ], [ -74.798149, 10.961407 ], [ -74.79784, 10.961036 ], [ -74.796388, 10.959381 ], [ -74.797124, 10.958712 ], [ -74.798827, 10.957217 ], [ -74.799704, 10.956418 ], [ -74.800091, 10.956093 ], [ -74.800581, 10.955649 ], [ -74.800128, 10.955118 ], [ -74.799982, 10.955029 ], [ -74.799814, 10.954978 ], [ -74.799692, 10.954965 ], [ -74.799661, 10.955153 ], [ -74.79961, 10.955286 ], [ -74.799503, 10.955454 ], [ -74.799369, 10.95558 ], [ -74.799154, 10.955694 ], [ -74.797444, 10.956345 ], [ -74.797278, 10.956394 ], [ -74.797085, 10.956425 ], [ -74.796924, 10.956422 ], [ -74.7968, 10.956399 ], [ -74.79653, 10.956302 ], [ -74.796155, 10.957094 ], [ -74.794603, 10.956452 ], [ -74.791807, 10.955338 ], [ -74.7909, 10.956353 ], [ -74.790657, 10.956606 ], [ -74.790585, 10.956705 ], [ -74.790208, 10.956562 ], [ -74.790127, 10.956705 ], [ -74.789677, 10.956933 ], [ -74.789378, 10.957337 ] ] ] } },
{ "type": "Feature", "properties": { "zona_id": 53, "nombre": "Pumarejo", "area_m2": 172653.45, "area_valida_m2": 172584.0, "cobertura_pct": 99.96, "ndvi_medio": 0.303, "pct_vegetacion": 36.89, "pct_vegetacion_densa": 6.84, "pct_vegetacion_rala": 30.05, "pct_impermeable": 63.1, "pct_agua": 0.01, "pct_sombra": null, "temp_superficie_c": 46.0, "m2_vegetacion": 63663.36, "m2_impermeable": 108900.56, "rank_menos_vegetacion": 93, "rank_mas_impermeable": 89 }, "geometry": { "type": "Polygon", "coordinates": [ [ [ -74.801408, 10.968395 ], [ -74.803046, 10.968517 ], [ -74.805359, 10.968597 ], [ -74.805661, 10.967636 ], [ -74.805703, 10.967572 ], [ -74.805909, 10.966987 ], [ -74.805955, 10.966889 ], [ -74.806048, 10.966917 ], [ -74.806206, 10.96653 ], [ -74.806341, 10.966111 ], [ -74.80501, 10.965887 ], [ -74.804381, 10.965822 ], [ -74.803597, 10.965712 ], [ -74.803637, 10.965643 ], [ -74.80305, 10.965289 ], [ -74.803022, 10.965331 ], [ -74.802446, 10.96499 ], [ -74.802031, 10.964773 ], [ -74.801639, 10.965702 ], [ -74.801337, 10.966358 ], [ -74.801098, 10.966839 ], [ -74.800254, 10.968196 ], [ -74.800569, 10.968308 ], [ -74.801408, 10.968395 ] ] ] } },
{ "type": "Feature", "properties": { "zona_id": 54, "nombre": "Alfonso López", "area_m2": 213930.92, "area_valida_m2": 213952.32, "cobertura_pct": 100.0, "ndvi_medio": 0.242, "pct_vegetacion": 24.84, "pct_vegetacion_densa": 2.0, "pct_vegetacion_rala": 22.84, "pct_impermeable": 74.57, "pct_agua": 0.59, "pct_sombra": null, "temp_superficie_c": 46.05, "m2_vegetacion": 53143.1, "m2_impermeable": 159542.09, "rank_menos_vegetacion": 35, "rank_mas_impermeable": 36 }, "geometry": { "type": "Polygon", "coordinates": [ [ [ -74.792363, 10.964257 ], [ -74.791709, 10.964553 ], [ -74.791092, 10.964878 ], [ -74.790909, 10.964994 ], [ -74.790218, 10.965545 ], [ -74.790105, 10.965677 ], [ -74.789744, 10.966222 ], [ -74.7896, 10.966377 ], [ -74.789446, 10.96651 ], [ -74.78916, 10.966701 ], [ -74.789001, 10.966762 ], [ -74.788809, 10.966899 ], [ -74.788312, 10.96715 ], [ -74.78805, 10.967302 ], [ -74.788478, 10.967452 ], [ -74.790416, 10.967993 ], [ -74.790504, 10.968037 ], [ -74.791034, 10.968149 ], [ -74.792052, 10.968394 ], [ -74.792387, 10.968441 ], [ -74.793078, 10.968598 ], [ -74.793436, 10.968716 ], [ -74.794088, 10.968986 ], [ -74.794652, 10.967621 ], [ -74.795177, 10.966238 ], [ -74.794928, 10.966065 ], [ -74.794516, 10.965845 ], [ -74.793377, 10.96518 ], [ -74.79319, 10.965027 ], [ -74.792363, 10.964257 ] ] ] } },
{ "type": "Feature", "properties": { "zona_id": 55, "nombre": "El Carmen", "area_m2": 507232.09, "area_valida_m2": 507310.56, "cobertura_pct": 100.0, "ndvi_medio": 0.298, "pct_vegetacion": 38.12, "pct_vegetacion_densa": 6.56, "pct_vegetacion_rala": 31.55, "pct_impermeable": 61.4, "pct_agua": 0.49, "pct_sombra": null, "temp_superficie_c": 45.62, "m2_vegetacion": 193367.1, "m2_impermeable": 311479.68, "rank_menos_vegetacion": 103, "rank_mas_impermeable": 103 }, "geometry": { "type": "Polygon", "coordinates": [ [ [ -74.794928, 10.966065 ], [ -74.795226, 10.966271 ], [ -74.795751, 10.966797 ], [ -74.795923, 10.96693 ], [ -74.796204, 10.967081 ], [ -74.796363, 10.967146 ], [ -74.79916, 10.9686 ], [ -74.799747, 10.969004 ], [ -74.801098, 10.966839 ], [ -74.801337, 10.966358 ], [ -74.801655, 10.965665 ], [ -74.802031, 10.964773 ], [ -74.802444, 10.963704 ], [ -74.802647, 10.963279 ], [ -74.803269, 10.962127 ], [ -74.803041, 10.962249 ], [ -74.8029, 10.962296 ], [ -74.802682, 10.962318 ], [ -74.802472, 10.962284 ], [ -74.802286, 10.962192 ], [ -74.801847, 10.961814 ], [ -74.80172, 10.961736 ], [ -74.800816, 10.961629 ], [ -74.800648, 10.961567 ], [ -74.800351, 10.961343 ], [ -74.798814, 10.96234 ], [ -74.798327, 10.962592 ], [ -74.797809, 10.962741 ], [ -74.797236, 10.96282 ], [ -74.79565, 10.962948 ], [ -74.795043, 10.96297 ], [ -74.794161, 10.963367 ], [ -74.792363, 10.964257 ], [ -74.79319, 10.965027 ], [ -74.793377, 10.96518 ], [ -74.794516, 10.965845 ], [ -74.794928, 10.966065 ] ] ] } },
{ "type": "Feature", "properties": { "zona_id": 56, "nombre": "Ciudadela de la salud", "area_m2": 137347.01, "area_valida_m2": 137472.48, "cobertura_pct": 100.0, "ndvi_medio": 0.356, "pct_vegetacion": 53.87, "pct_vegetacion_densa": 14.65, "pct_vegetacion_rala": 39.22, "pct_impermeable": 45.97, "pct_agua": 0.17, "pct_sombra": null, "temp_superficie_c": 43.39, "m2_vegetacion": 74052.05, "m2_impermeable": 63190.48, "rank_menos_vegetacion": 162, "rank_mas_impermeable": 162 }, "geometry": { "type": "Polygon", "coordinates": [ [ [ -74.797574, 10.972489 ], [ -74.801181, 10.972698 ], [ -74.801338, 10.969395 ], [ -74.801408, 10.968395 ], [ -74.800569, 10.968308 ], [ -74.800254, 10.968196 ], [ -74.799447, 10.969496 ], [ -74.799199, 10.969859 ], [ -74.798749, 10.970454 ], [ -74.798437, 10.970817 ], [ -74.79799, 10.971229 ], [ -74.796924, 10.972276 ], [ -74.796831, 10.972348 ], [ -74.797323, 10.972422 ], [ -74.797574, 10.972489 ] ] ] } },
{ "type": "Feature", "properties": { "zona_id": 57, "nombre": "Loma Fresca", "area_m2": 84518.11, "area_valida_m2": 84582.72, "cobertura_pct": 100.0, "ndvi_medio": 0.28, "pct_vegetacion": 34.71, "pct_vegetacion_densa": 3.82, "pct_vegetacion_rala": 30.89, "pct_impermeable": 64.67, "pct_agua": 0.61, "pct_sombra": null, "temp_superficie_c": 45.86, "m2_vegetacion": 29362.55, "m2_impermeable": 54703.31, "rank_menos_vegetacion": 82, "rank_mas_impermeable": 82 }, "geometry": { "type": "Polygon", "coordinates": [ [ [ -74.796831, 10.972348 ], [ -74.796735, 10.972326 ], [ -74.795942, 10.971981 ], [ -74.795507, 10.971823 ], [ -74.794851, 10.971541 ], [ -74.793248, 10.970892 ], [ -74.792771, 10.972017 ], [ -74.792443, 10.972995 ], [ -74.792293, 10.973501 ], [ -74.791987, 10.974251 ], [ -74.792131, 10.974218 ], [ -74.792661, 10.974034 ], [ -74.79339, 10.973696 ], [ -74.794516, 10.97323 ], [ -74.795819, 10.972763 ], [ -74.796831, 10.972348 ] ] ] } },
{ "type": "Feature", "properties": { "zona_id": 58, "nombre": "San Isidro", "area_m2": 488292.89, "area_valida_m2": 488077.92, "cobertura_pct": 99.96, "ndvi_medio": 0.285, "pct_vegetacion": 37.88, "pct_vegetacion_densa": 5.16, "pct_vegetacion_rala": 32.71, "pct_impermeable": 61.36, "pct_agua": 0.77, "pct_sombra": null, "temp_superficie_c": 45.75, "m2_vegetacion": 184860.3, "m2_impermeable": 299465.5, "rank_menos_vegetacion": 102, "rank_mas_impermeable": 105 }, "geometry": { "type": "Polygon", "coordinates": [ [ [ -74.78989, 10.970237 ], [ -74.788999, 10.97321 ], [ -74.790067, 10.973617 ], [ -74.790706, 10.973824 ], [ -74.791631, 10.974158 ], [ -74.791794, 10.974294 ], [ -74.791987, 10.974251 ], [ -74.792293, 10.973501 ], [ -74.792443, 10.972995 ], [ -74.792771, 10.972017 ], [ -74.793248, 10.970892 ], [ -74.794851, 10.971541 ], [ -74.795507, 10.971823 ], [ -74.795942, 10.971981 ], [ -74.796735, 10.972326 ], [ -74.796831, 10.972348 ], [ -74.796924, 10.972276 ], [ -74.79799, 10.971229 ], [ -74.798437, 10.970817 ], [ -74.798749, 10.970454 ], [ -74.799199, 10.969859 ], [ -74.799447, 10.969496 ], [ -74.799747, 10.969004 ], [ -74.79916, 10.9686 ], [ -74.796363, 10.967146 ], [ -74.796204, 10.967081 ], [ -74.795923, 10.96693 ], [ -74.795751, 10.966797 ], [ -74.795226, 10.966271 ], [ -74.795177, 10.966238 ], [ -74.794652, 10.967621 ], [ -74.794088, 10.968986 ], [ -74.793436, 10.968716 ], [ -74.793078, 10.968598 ], [ -74.792387, 10.968441 ], [ -74.792052, 10.968394 ], [ -74.791034, 10.968149 ], [ -74.790504, 10.968037 ], [ -74.790038, 10.969559 ], [ -74.78989, 10.970237 ] ] ] } },
{ "type": "Feature", "properties": { "zona_id": 59, "nombre": "Los Andes", "area_m2": 383422.59, "area_valida_m2": 383412.96, "cobertura_pct": 100.0, "ndvi_medio": 0.311, "pct_vegetacion": 39.23, "pct_vegetacion_densa": 6.79, "pct_vegetacion_rala": 32.44, "pct_impermeable": 60.66, "pct_agua": 0.11, "pct_sombra": null, "temp_superficie_c": 44.98, "m2_vegetacion": 150402.75, "m2_impermeable": 232575.8, "rank_menos_vegetacion": 114, "rank_mas_impermeable": 113 }, "geometry": { "type": "Polygon", "coordinates": [ [ [ -74.80266, 10.975368 ], [ -74.805439, 10.975984 ], [ -74.805466, 10.975821 ], [ -74.805551, 10.97494 ], [ -74.805567, 10.974445 ], [ -74.805684, 10.973002 ], [ -74.805852, 10.970118 ], [ -74.805873, 10.969946 ], [ -74.805929, 10.968621 ], [ -74.803046, 10.968517 ], [ -74.801408, 10.968395 ], [ -74.801338, 10.969395 ], [ -74.801181, 10.972698 ], [ -74.801043, 10.974684 ], [ -74.800772, 10.975209 ], [ -74.801576, 10.975186 ], [ -74.802079, 10.975249 ], [ -74.80266, 10.975368 ] ] ] } },
{ "type": "Feature", "properties": { "zona_id": 60, "nombre": "Los Pinos", "area_m2": 146825.41, "area_valida_m2": 146833.92, "cobertura_pct": 100.0, "ndvi_medio": 0.305, "pct_vegetacion": 43.36, "pct_vegetacion_densa": 4.83, "pct_vegetacion_rala": 38.52, "pct_impermeable": 56.46, "pct_agua": 0.18, "pct_sombra": null, "temp_superficie_c": 44.61, "m2_vegetacion": 63660.61, "m2_impermeable": 82903.53, "rank_menos_vegetacion": 131, "rank_mas_impermeable": 132 }, "geometry": { "type": "Polygon", "coordinates": [ [ [ -74.797574, 10.972489 ], [ -74.797494, 10.974723 ], [ -74.797353, 10.976537 ], [ -74.797983, 10.976481 ], [ -74.798594, 10.976327 ], [ -74.798655, 10.976327 ], [ -74.798802, 10.97635 ], [ -74.799036, 10.97642 ], [ -74.799313, 10.97655 ], [ -74.799617, 10.975881 ], [ -74.799721, 10.9757 ], [ -74.799838, 10.975552 ], [ -74.800079, 10.975382 ], [ -74.800566, 10.975248 ], [ -74.800772, 10.975209 ], [ -74.800963, 10.974853 ], [ -74.801043, 10.974684 ], [ -74.801181, 10.972698 ], [ -74.797574, 10.972489 ] ] ] } },
{ "type": "Feature", "properties": { "zona_id": 61, "nombre": "San Felipe", "area_m2": 710749.14, "area_valida_m2": 710756.64, "cobertura_pct": 100.0, "ndvi_medio": 0.273, "pct_vegetacion": 28.69, "pct_vegetacion_densa": 2.2, "pct_vegetacion_rala": 26.49, "pct_impermeable": 71.3, "pct_agua": 0.0, "pct_sombra": null, "temp_superficie_c": 46.36, "m2_vegetacion": 203926.82, "m2_impermeable": 506794.74, "rank_menos_vegetacion": 55, "rank_mas_impermeable": 52 }, "geometry": { "type": "Polygon", "coordinates": [ [ [ -74.806238, 10.976258 ], [ -74.80792, 10.976895 ], [ -74.808078, 10.97693 ], [ -74.808237, 10.976942 ], [ -74.809688, 10.976835 ], [ -74.810072, 10.976898 ], [ -74.810209, 10.976937 ], [ -74.810553, 10.977124 ], [ -74.810914, 10.977352 ], [ -74.811543, 10.977691 ], [ -74.811704, 10.977449 ], [ -74.811926, 10.977161 ], [ -74.812119, 10.976958 ], [ -74.811333, 10.976453 ], [ -74.81147, 10.976297 ], [ -74.812105, 10.975738 ], [ -74.81259, 10.976018 ], [ -74.812692, 10.976062 ], [ -74.812877, 10.976114 ], [ -74.813136, 10.976159 ], [ -74.813358, 10.975124 ], [ -74.813855, 10.97263 ], [ -74.813877, 10.972581 ], [ -74.813948, 10.972106 ], [ -74.813832, 10.97209 ], [ -74.813815, 10.972069 ], [ -74.813833, 10.971706 ], [ -74.8134, 10.971675 ], [ -74.813267, 10.971641 ], [ -74.812245, 10.971477 ], [ -74.812243, 10.97142 ], [ -74.812473, 10.969946 ], [ -74.812539, 10.968942 ], [ -74.812156, 10.968898 ], [ -74.811851, 10.968895 ], [ -74.810024, 10.968795 ], [ -74.809054, 10.968769 ], [ -74.80892, 10.968744 ], [ -74.808517, 10.968737 ], [ -74.805929, 10.968621 ], [ -74.805873, 10.969946 ], [ -74.805852, 10.970118 ], [ -74.805684, 10.973002 ], [ -74.805567, 10.974445 ], [ -74.805551, 10.97494 ], [ -74.805466, 10.975821 ], [ -74.805439, 10.975984 ], [ -74.806238, 10.976258 ] ] ] } },
{ "type": "Feature", "properties": { "zona_id": 62, "nombre": "Santodomingo", "area_m2": 164280.45, "area_valida_m2": 164293.92, "cobertura_pct": 100.0, "ndvi_medio": 0.318, "pct_vegetacion": 41.76, "pct_vegetacion_densa": 7.76, "pct_vegetacion_rala": 34.0, "pct_impermeable": 58.18, "pct_agua": 0.06, "pct_sombra": null, "temp_superficie_c": 45.25, "m2_vegetacion": 68612.33, "m2_impermeable": 95590.66, "rank_menos_vegetacion": 128, "rank_mas_impermeable": 127 }, "geometry": { "type": "Polygon", "coordinates": [ [ [ -74.799358, 10.979217 ], [ -74.800935, 10.979897 ], [ -74.801214, 10.979359 ], [ -74.801862, 10.979609 ], [ -74.802204, 10.978959 ], [ -74.802495, 10.978477 ], [ -74.803856, 10.975966 ], [ -74.803934, 10.975755 ], [ -74.803943, 10.975661 ], [ -74.80266, 10.975368 ], [ -74.802079, 10.975249 ], [ -74.801576, 10.975186 ], [ -74.800908, 10.975206 ], [ -74.800365, 10.976091 ], [ -74.79906, 10.978333 ], [ -74.799685, 10.978645 ], [ -74.799358, 10.979217 ] ] ] } },
{ "type": "Feature", "properties": { "zona_id": 63, "nombre": "Lucero", "area_m2": 524200.96, "area_valida_m2": 524072.16, "cobertura_pct": 99.98, "ndvi_medio": 0.316, "pct_vegetacion": 44.28, "pct_vegetacion_densa": 8.13, "pct_vegetacion_rala": 36.16, "pct_impermeable": 55.23, "pct_agua": 0.49, "pct_sombra": null, "temp_superficie_c": 44.82, "m2_vegetacion": 232084.1, "m2_impermeable": 289444.85, "rank_menos_vegetacion": 136, "rank_mas_impermeable": 138 }, "geometry": { "type": "Polygon", "coordinates": [ [ [ -74.790566, 10.979618 ], [ -74.791411, 10.979831 ], [ -74.791656, 10.978915 ], [ -74.793036, 10.979285 ], [ -74.793869, 10.979488 ], [ -74.793898, 10.979167 ], [ -74.794034, 10.978647 ], [ -74.794544, 10.978785 ], [ -74.795528, 10.979081 ], [ -74.795962, 10.979114 ], [ -74.795821, 10.979325 ], [ -74.795981, 10.979364 ], [ -74.796228, 10.979368 ], [ -74.796468, 10.97931 ], [ -74.796684, 10.979193 ], [ -74.796863, 10.979025 ], [ -74.797759, 10.979308 ], [ -74.79828, 10.979514 ], [ -74.798473, 10.979539 ], [ -74.798714, 10.979594 ], [ -74.799845, 10.980081 ], [ -74.800123, 10.979545 ], [ -74.799358, 10.979217 ], [ -74.799685, 10.978645 ], [ -74.79906, 10.978333 ], [ -74.800365, 10.976091 ], [ -74.800908, 10.975206 ], [ -74.800681, 10.975222 ], [ -74.800079, 10.975382 ], [ -74.799838, 10.975552 ], [ -74.799721, 10.9757 ], [ -74.799617, 10.975881 ], [ -74.799313, 10.97655 ], [ -74.799036, 10.97642 ], [ -74.798802, 10.97635 ], [ -74.798655, 10.976327 ], [ -74.798594, 10.976327 ], [ -74.797983, 10.976481 ], [ -74.797353, 10.976537 ], [ -74.797494, 10.974723 ], [ -74.797574, 10.972489 ], [ -74.797323, 10.972422 ], [ -74.796831, 10.972348 ], [ -74.795819, 10.972763 ], [ -74.794516, 10.97323 ], [ -74.79339, 10.973696 ], [ -74.792661, 10.974034 ], [ -74.792131, 10.974218 ], [ -74.791794, 10.974294 ], [ -74.792216, 10.974648 ], [ -74.791377, 10.976976 ], [ -74.791056, 10.977749 ], [ -74.790869, 10.978414 ], [ -74.790566, 10.979618 ] ] ] } },
{ "type": "Feature", "properties": { "zona_id": 64, "nombre": "Nueva Granada", "area_m2": 244325.73, "area_valida_m2": 244317.6, "cobertura_pct": 100.0, "ndvi_medio": 0.3, "pct_vegetacion": 37.3, "pct_vegetacion_densa": 5.46, "pct_vegetacion_rala": 31.84, "pct_impermeable": 62.64, "pct_agua": 0.07, "pct_sombra": null, "temp_superficie_c": 45.24, "m2_vegetacion": 91120.81, "m2_impermeable": 153030.16, "rank_menos_vegetacion": 96, "rank_mas_impermeable": 92 }, "geometry": { "type": "Polygon", "coordinates": [ [ [ -74.801862, 10.979609 ], [ -74.802531, 10.979875 ], [ -74.801967, 10.981048 ], [ -74.803275, 10.981556 ], [ -74.804045, 10.981768 ], [ -74.804698, 10.981922 ], [ -74.805062, 10.981046 ], [ -74.805866, 10.979778 ], [ -74.806439, 10.978636 ], [ -74.807469, 10.97673 ], [ -74.806238, 10.976258 ], [ -74.805439, 10.975984 ], [ -74.803943, 10.975661 ], [ -74.803934, 10.975755 ], [ -74.803856, 10.975966 ], [ -74.802495, 10.978477 ], [ -74.802204, 10.978959 ], [ -74.801862, 10.979609 ] ] ] } },
{ "type": "Feature", "properties": { "zona_id": 65, "nombre": "El Silencio", "area_m2": 350805.57, "area_valida_m2": 350712.0, "cobertura_pct": 99.97, "ndvi_medio": 0.289, "pct_vegetacion": 33.21, "pct_vegetacion_densa": 4.34, "pct_vegetacion_rala": 28.87, "pct_impermeable": 66.79, "pct_agua": 0.0, "pct_sombra": null, "temp_superficie_c": 44.4, "m2_vegetacion": 116462.47, "m2_impermeable": 234243.59, "rank_menos_vegetacion": 76, "rank_mas_impermeable": 73 }, "geometry": { "type": "Polygon", "coordinates": [ [ [ -74.81705, 10.982071 ], [ -74.817523, 10.982424 ], [ -74.817605, 10.982255 ], [ -74.818377, 10.982803 ], [ -74.818505, 10.982627 ], [ -74.818584, 10.982507 ], [ -74.818583, 10.982358 ], [ -74.818677, 10.982268 ], [ -74.81879, 10.982004 ], [ -74.818885, 10.981727 ], [ -74.819285, 10.980449 ], [ -74.819738, 10.978892 ], [ -74.819758, 10.978832 ], [ -74.819943, 10.978627 ], [ -74.819988, 10.978513 ], [ -74.820043, 10.978275 ], [ -74.820172, 10.977903 ], [ -74.820258, 10.977541 ], [ -74.819699, 10.977526 ], [ -74.819728, 10.977082 ], [ -74.81804, 10.977094 ], [ -74.815894, 10.977156 ], [ -74.815236, 10.976801 ], [ -74.814662, 10.97646 ], [ -74.814468, 10.976392 ], [ -74.813556, 10.976244 ], [ -74.812784, 10.97609 ], [ -74.81259, 10.976018 ], [ -74.812105, 10.975738 ], [ -74.81147, 10.976297 ], [ -74.811333, 10.976453 ], [ -74.812119, 10.976958 ], [ -74.811926, 10.977161 ], [ -74.811704, 10.977449 ], [ -74.811543, 10.977691 ], [ -74.812578, 10.978209 ], [ -74.812981, 10.978438 ], [ -74.813993, 10.978975 ], [ -74.814105, 10.979228 ], [ -74.814533, 10.979744 ], [ -74.814775, 10.979989 ], [ -74.815779, 10.980633 ], [ -74.816119, 10.9808 ], [ -74.816988, 10.981079 ], [ -74.816896, 10.981308 ], [ -74.816952, 10.981332 ], [ -74.816773, 10.981884 ], [ -74.81705, 10.982071 ] ] ] } },
{ "type": "Feature", "properties": { "zona_id": 66, "nombre": "Olaya", "area_m2": 956815.26, "area_valida_m2": 956662.56, "cobertura_pct": 99.98, "ndvi_medio": 0.33, "pct_vegetacion": 44.86, "pct_vegetacion_densa": 10.09, "pct_vegetacion_rala": 34.77, "pct_impermeable": 55.1, "pct_agua": 0.04, "pct_sombra": null, "temp_superficie_c": 43.75, "m2_vegetacion": 429163.91, "m2_impermeable": 527121.0, "rank_menos_vegetacion": 140, "rank_mas_impermeable": 139 }, "geometry": { "type": "Polygon", "coordinates": [ [ [ -74.812366, 10.985688 ], [ -74.812491, 10.985629 ], [ -74.812702, 10.985601 ], [ -74.816207, 10.986587 ], [ -74.816311, 10.986389 ], [ -74.816434, 10.98594 ], [ -74.816714, 10.985153 ], [ -74.816725, 10.985046 ], [ -74.816717, 10.984873 ], [ -74.816637, 10.984479 ], [ -74.816642, 10.984229 ], [ -74.81705, 10.982071 ], [ -74.816773, 10.981884 ], [ -74.816952, 10.981332 ], [ -74.816896, 10.981308 ], [ -74.816988, 10.981079 ], [ -74.816119, 10.9808 ], [ -74.815779, 10.980633 ], [ -74.814775, 10.979989 ], [ -74.814533, 10.979744 ], [ -74.814105, 10.979228 ], [ -74.813993, 10.978975 ], [ -74.812981, 10.978438 ], [ -74.812578, 10.978209 ], [ -74.811694, 10.977773 ], [ -74.810914, 10.977352 ], [ -74.810553, 10.977124 ], [ -74.810209, 10.976937 ], [ -74.810072, 10.976898 ], [ -74.809688, 10.976835 ], [ -74.808237, 10.976942 ], [ -74.808078, 10.97693 ], [ -74.80792, 10.976895 ], [ -74.807469, 10.97673 ], [ -74.806439, 10.978636 ], [ -74.805866, 10.979778 ], [ -74.805062, 10.981046 ], [ -74.804698, 10.981922 ], [ -74.805116, 10.982036 ], [ -74.805441, 10.982189 ], [ -74.805296, 10.982553 ], [ -74.804977, 10.983094 ], [ -74.804824, 10.983411 ], [ -74.804708, 10.983696 ], [ -74.806207, 10.984021 ], [ -74.806446, 10.984048 ], [ -74.808124, 10.984533 ], [ -74.810512, 10.985192 ], [ -74.811717, 10.985556 ], [ -74.812284, 10.985691 ], [ -74.812366, 10.985688 ] ] ] } },
{ "type": "Feature", "properties": { "zona_id": 67, "nombre": "Mercedes Sur", "area_m2": 76616.53, "area_valida_m2": 76688.64, "cobertura_pct": 100.0, "ndvi_medio": 0.29, "pct_vegetacion": 35.0, "pct_vegetacion_densa": 2.31, "pct_vegetacion_rala": 32.7, "pct_impermeable": 65.0, "pct_agua": 0.0, "pct_sombra": null, "temp_superficie_c": 44.24, "m2_vegetacion": 26844.45, "m2_impermeable": 49844.19, "rank_menos_vegetacion": 84, "rank_mas_impermeable": 81 }, "geometry": { "type": "Polygon", "coordinates": [ [ [ -74.817702, 10.987003 ], [ -74.818244, 10.987145 ], [ -74.81826, 10.986707 ], [ -74.818219, 10.986328 ], [ -74.818017, 10.98524 ], [ -74.817787, 10.984143 ], [ -74.81777, 10.983866 ], [ -74.817778, 10.983741 ], [ -74.817888, 10.983502 ], [ -74.818377, 10.982803 ], [ -74.817605, 10.982255 ], [ -74.817523, 10.982424 ], [ -74.81705, 10.982071 ], [ -74.816642, 10.984229 ], [ -74.816637, 10.984479 ], [ -74.816717, 10.984873 ], [ -74.816725, 10.985046 ], [ -74.816714, 10.985153 ], [ -74.816434, 10.98594 ], [ -74.816311, 10.986389 ], [ -74.816207, 10.986587 ], [ -74.817197, 10.986851 ], [ -74.817702, 10.987003 ] ] ] } },
{ "type": "Feature", "properties": { "zona_id": 68, "nombre": "El Recreo", "area_m2": 1124185.57, "area_valida_m2": 1124115.84, "cobertura_pct": 99.99, "ndvi_medio": 0.265, "pct_vegetacion": 31.07, "pct_vegetacion_densa": 4.62, "pct_vegetacion_rala": 26.44, "pct_impermeable": 67.96, "pct_agua": 0.97, "pct_sombra": null, "temp_superficie_c": 44.04, "m2_vegetacion": 349228.64, "m2_impermeable": 763984.47, "rank_menos_vegetacion": 65, "rank_mas_impermeable": 66 }, "geometry": { "type": "Polygon", "coordinates": [ [ [ -74.802159, 10.988911 ], [ -74.802943, 10.989334 ], [ -74.802999, 10.989151 ], [ -74.803311, 10.988336 ], [ -74.803906, 10.986951 ], [ -74.803868, 10.98678 ], [ -74.803894, 10.986607 ], [ -74.804239, 10.985392 ], [ -74.804271, 10.985192 ], [ -74.804609, 10.984089 ], [ -74.804708, 10.983696 ], [ -74.804824, 10.983411 ], [ -74.804977, 10.983094 ], [ -74.805296, 10.982553 ], [ -74.805441, 10.982189 ], [ -74.805116, 10.982036 ], [ -74.804045, 10.981768 ], [ -74.803275, 10.981556 ], [ -74.801967, 10.981048 ], [ -74.802531, 10.979875 ], [ -74.801214, 10.979359 ], [ -74.800935, 10.979897 ], [ -74.800123, 10.979545 ], [ -74.799845, 10.980081 ], [ -74.798714, 10.979594 ], [ -74.798473, 10.979539 ], [ -74.79828, 10.979514 ], [ -74.797759, 10.979308 ], [ -74.796863, 10.979025 ], [ -74.796684, 10.979193 ], [ -74.796468, 10.97931 ], [ -74.796228, 10.979368 ], [ -74.795981, 10.979364 ], [ -74.795821, 10.979325 ], [ -74.795962, 10.979114 ], [ -74.795528, 10.979081 ], [ -74.794544, 10.978785 ], [ -74.794034, 10.978647 ], [ -74.793898, 10.979167 ], [ -74.793869, 10.979488 ], [ -74.793036, 10.979285 ], [ -74.791656, 10.978915 ], [ -74.791411, 10.979831 ], [ -74.790566, 10.979618 ], [ -74.790334, 10.980519 ], [ -74.789902, 10.982024 ], [ -74.790953, 10.982267 ], [ -74.790539, 10.984042 ], [ -74.791611, 10.984321 ], [ -74.792441, 10.984572 ], [ -74.792522, 10.984584 ], [ -74.792782, 10.98413 ], [ -74.79414, 10.984635 ], [ -74.794878, 10.98497 ], [ -74.794932, 10.98501 ], [ -74.79572, 10.985376 ], [ -74.795691, 10.985442 ], [ -74.796204, 10.985679 ], [ -74.796281, 10.985731 ], [ -74.796811, 10.985994 ], [ -74.798345, 10.9868 ], [ -74.798927, 10.98714 ], [ -74.799776, 10.987596 ], [ -74.800194, 10.987836 ], [ -74.801495, 10.988524 ], [ -74.802159, 10.988911 ] ] ] } },
{ "type": "Feature", "properties": { "zona_id": 69, "nombre": "Las Mercedes", "area_m2": 89438.48, "area_valida_m2": 89501.76, "cobertura_pct": 100.0, "ndvi_medio": 0.274, "pct_vegetacion": 30.48, "pct_vegetacion_densa": 2.48, "pct_vegetacion_rala": 28.0, "pct_impermeable": 69.42, "pct_agua": 0.09, "pct_sombra": null, "temp_superficie_c": 44.7, "m2_vegetacion": 27283.18, "m2_impermeable": 62133.67, "rank_menos_vegetacion": 61, "rank_mas_impermeable": 58 }, "geometry": { "type": "Polygon", "coordinates": [ [ [ -74.816207, 10.986587 ], [ -74.816046, 10.987096 ], [ -74.815949, 10.987323 ], [ -74.815833, 10.987524 ], [ -74.815718, 10.987667 ], [ -74.814867, 10.988535 ], [ -74.814748, 10.988673 ], [ -74.814621, 10.988854 ], [ -74.814047, 10.990164 ], [ -74.813407, 10.991182 ], [ -74.81336, 10.991421 ], [ -74.813423, 10.991641 ], [ -74.815863, 10.99025 ], [ -74.815516, 10.989669 ], [ -74.816401, 10.988969 ], [ -74.81668, 10.988729 ], [ -74.817387, 10.987916 ], [ -74.817472, 10.987766 ], [ -74.817536, 10.987586 ], [ -74.817702, 10.987003 ], [ -74.817197, 10.986851 ], [ -74.816207, 10.986587 ] ] ] } },
{ "type": "Feature", "properties": { "zona_id": 70, "nombre": "Betania", "area_m2": 222324.89, "area_valida_m2": 222444.0, "cobertura_pct": 100.0, "ndvi_medio": 0.228, "pct_vegetacion": 23.57, "pct_vegetacion_densa": 3.13, "pct_vegetacion_rala": 20.45, "pct_impermeable": 76.23, "pct_agua": 0.19, "pct_sombra": null, "temp_superficie_c": 43.77, "m2_vegetacion": 52440.78, "m2_impermeable": 169572.11, "rank_menos_vegetacion": 28, "rank_mas_impermeable": 26 }, "geometry": { "type": "Polygon", "coordinates": [ [ [ -74.809938, 10.991838 ], [ -74.810325, 10.991709 ], [ -74.810742, 10.991602 ], [ -74.811207, 10.991541 ], [ -74.811375, 10.991538 ], [ -74.811549, 10.991556 ], [ -74.812047, 10.991694 ], [ -74.812412, 10.991815 ], [ -74.812655, 10.991865 ], [ -74.812849, 10.991866 ], [ -74.812978, 10.991849 ], [ -74.813139, 10.991798 ], [ -74.813423, 10.991641 ], [ -74.81336, 10.991421 ], [ -74.813407, 10.991182 ], [ -74.814047, 10.990164 ], [ -74.814621, 10.988854 ], [ -74.814748, 10.988673 ], [ -74.814867, 10.988535 ], [ -74.815718, 10.987667 ], [ -74.815833, 10.987524 ], [ -74.815949, 10.987323 ], [ -74.816046, 10.987096 ], [ -74.816207, 10.986587 ], [ -74.812702, 10.985601 ], [ -74.812491, 10.985629 ], [ -74.812444, 10.98566 ], [ -74.812384, 10.98624 ], [ -74.812318, 10.98667 ], [ -74.812232, 10.9871 ], [ -74.812071, 10.98774 ], [ -74.811919, 10.98843 ], [ -74.811688, 10.989093 ], [ -74.811549, 10.989387 ], [ -74.8114, 10.989634 ], [ -74.809938, 10.991838 ] ] ] } },
{ "type": "Feature", "properties": { "zona_id": 71, "nombre": "Las Delicias", "area_m2": 656819.69, "area_valida_m2": 656788.32, "cobertura_pct": 100.0, "ndvi_medio": 0.235, "pct_vegetacion": 23.49, "pct_vegetacion_densa": 2.17, "pct_vegetacion_rala": 21.32, "pct_impermeable": 76.21, "pct_agua": 0.3, "pct_sombra": null, "temp_superficie_c": 43.46, "m2_vegetacion": 154283.38, "m2_impermeable": 500520.3, "rank_menos_vegetacion": 27, "rank_mas_impermeable": 27 }, "geometry": { "type": "Polygon", "coordinates": [ [ [ -74.802943, 10.989334 ], [ -74.805004, 10.990463 ], [ -74.805651, 10.990793 ], [ -74.807748, 10.991915 ], [ -74.808657, 10.992453 ], [ -74.809325, 10.992876 ], [ -74.809804, 10.992051 ], [ -74.810104, 10.991572 ], [ -74.811472, 10.98952 ], [ -74.811688, 10.989093 ], [ -74.811919, 10.98843 ], [ -74.812071, 10.98774 ], [ -74.812232, 10.9871 ], [ -74.812318, 10.98667 ], [ -74.812384, 10.98624 ], [ -74.812444, 10.98566 ], [ -74.812366, 10.985688 ], [ -74.812284, 10.985691 ], [ -74.811717, 10.985556 ], [ -74.810512, 10.985192 ], [ -74.808124, 10.984533 ], [ -74.806446, 10.984048 ], [ -74.806207, 10.984021 ], [ -74.804708, 10.983696 ], [ -74.804609, 10.984089 ], [ -74.804271, 10.985192 ], [ -74.804239, 10.985392 ], [ -74.803894, 10.986607 ], [ -74.803868, 10.98678 ], [ -74.803906, 10.986951 ], [ -74.803311, 10.988336 ], [ -74.802999, 10.989151 ], [ -74.802943, 10.989334 ] ] ] } },
{ "type": "Feature", "properties": { "zona_id": 72, "nombre": "La Florida", "area_m2": 55605.27, "area_valida_m2": 55550.88, "cobertura_pct": 99.9, "ndvi_medio": 0.304, "pct_vegetacion": 41.16, "pct_vegetacion_densa": 3.84, "pct_vegetacion_rala": 37.32, "pct_impermeable": 58.84, "pct_agua": 0.0, "pct_sombra": null, "temp_superficie_c": 44.04, "m2_vegetacion": 22862.82, "m2_impermeable": 32688.06, "rank_menos_vegetacion": 122, "rank_mas_impermeable": 121 }, "geometry": { "type": "Polygon", "coordinates": [ [ [ -74.819152, 10.985191 ], [ -74.820012, 10.986917 ], [ -74.820994, 10.986291 ], [ -74.822041, 10.985601 ], [ -74.821715, 10.984792 ], [ -74.82157, 10.984557 ], [ -74.821454, 10.984414 ], [ -74.821319, 10.984291 ], [ -74.821167, 10.984189 ], [ -74.820958, 10.984089 ], [ -74.820447, 10.98434 ], [ -74.819152, 10.985191 ] ] ] } },
{ "type": "Feature", "properties": { "zona_id": 73, "nombre": "Las Colinas", "area_m2": 77331.27, "area_valida_m2": 77287.68, "cobertura_pct": 99.94, "ndvi_medio": 0.337, "pct_vegetacion": 47.8, "pct_vegetacion_densa": 9.25, "pct_vegetacion_rala": 38.56, "pct_impermeable": 52.18, "pct_agua": 0.02, "pct_sombra": null, "temp_superficie_c": 43.29, "m2_vegetacion": 36945.73, "m2_impermeable": 40329.89, "rank_menos_vegetacion": 149, "rank_mas_impermeable": 149 }, "geometry": { "type": "Polygon", "coordinates": [ [ [ -74.818244, 10.987145 ], [ -74.818793, 10.987282 ], [ -74.818976, 10.987306 ], [ -74.819238, 10.987303 ], [ -74.819426, 10.987278 ], [ -74.819745, 10.987105 ], [ -74.820012, 10.986917 ], [ -74.819152, 10.985191 ], [ -74.818938, 10.984805 ], [ -74.818917, 10.984669 ], [ -74.818654, 10.984465 ], [ -74.819415, 10.983169 ], [ -74.819876, 10.982434 ], [ -74.819056, 10.982033 ], [ -74.818802, 10.982386 ], [ -74.818658, 10.982416 ], [ -74.818584, 10.982507 ], [ -74.817888, 10.983502 ], [ -74.817778, 10.983741 ], [ -74.81777, 10.983866 ], [ -74.817787, 10.984143 ], [ -74.818017, 10.98524 ], [ -74.818177, 10.986079 ], [ -74.81825, 10.986551 ], [ -74.81826, 10.986872 ], [ -74.818244, 10.987145 ] ] ] } },
{ "type": "Feature", "properties": { "zona_id": 74, "nombre": "Los Jobos", "area_m2": 99200.74, "area_valida_m2": 99210.24, "cobertura_pct": 100.0, "ndvi_medio": 0.275, "pct_vegetacion": 30.02, "pct_vegetacion_densa": 2.4, "pct_vegetacion_rala": 27.61, "pct_impermeable": 69.94, "pct_agua": 0.05, "pct_sombra": null, "temp_superficie_c": 44.97, "m2_vegetacion": 29777.97, "m2_impermeable": 69385.7, "rank_menos_vegetacion": 58, "rank_mas_impermeable": 56 }, "geometry": { "type": "Polygon", "coordinates": [ [ [ -74.815516, 10.989669 ], [ -74.815914, 10.990335 ], [ -74.816707, 10.98975 ], [ -74.816908, 10.989965 ], [ -74.817704, 10.989499 ], [ -74.818301, 10.989251 ], [ -74.819012, 10.98905 ], [ -74.819663, 10.98893 ], [ -74.820227, 10.988869 ], [ -74.820285, 10.988531 ], [ -74.820722, 10.988583 ], [ -74.820826, 10.988583 ], [ -74.820926, 10.988561 ], [ -74.821071, 10.9885 ], [ -74.820658, 10.987795 ], [ -74.820012, 10.986917 ], [ -74.819745, 10.987105 ], [ -74.819426, 10.987278 ], [ -74.819238, 10.987303 ], [ -74.818976, 10.987306 ], [ -74.818793, 10.987282 ], [ -74.817702, 10.987003 ], [ -74.817536, 10.987586 ], [ -74.817472, 10.987766 ], [ -74.817387, 10.987916 ], [ -74.81668, 10.988729 ], [ -74.816401, 10.988969 ], [ -74.815516, 10.989669 ] ] ] } },
{ "type": "Feature", "properties": { "zona_id": 75, "nombre": "Buena Esperanza", "area_m2": 292714.27, "area_valida_m2": 292835.52, "cobertura_pct": 100.0, "ndvi_medio": 0.303, "pct_vegetacion": 38.64, "pct_vegetacion_densa": 4.7, "pct_vegetacion_rala": 33.94, "pct_impermeable": 61.35, "pct_agua": 0.01, "pct_sombra": null, "temp_superficie_c": 46.62, "m2_vegetacion": 113147.65, "m2_impermeable": 179656.55, "rank_menos_vegetacion": 109, "rank_mas_impermeable": 107 }, "geometry": { "type": "Polygon", "coordinates": [ [ [ -74.806048, 10.966917 ], [ -74.807744, 10.967518 ], [ -74.809425, 10.963217 ], [ -74.80902, 10.963005 ], [ -74.808407, 10.962728 ], [ -74.807745, 10.962476 ], [ -74.80718, 10.962212 ], [ -74.806009, 10.961598 ], [ -74.805085, 10.963156 ], [ -74.803269, 10.962127 ], [ -74.802647, 10.963279 ], [ -74.802444, 10.963704 ], [ -74.802031, 10.964773 ], [ -74.802446, 10.96499 ], [ -74.803022, 10.965331 ], [ -74.80305, 10.965289 ], [ -74.803637, 10.965643 ], [ -74.803597, 10.965712 ], [ -74.804381, 10.965822 ], [ -74.80501, 10.965887 ], [ -74.806341, 10.966111 ], [ -74.806206, 10.96653 ], [ -74.806048, 10.966917 ] ] ] } },
{ "type": "Feature", "properties": { "zona_id": 76, "nombre": "El Valle", "area_m2": 280288.86, "area_valida_m2": 280251.36, "cobertura_pct": 99.99, "ndvi_medio": 0.296, "pct_vegetacion": 36.99, "pct_vegetacion_densa": 4.59, "pct_vegetacion_rala": 32.39, "pct_impermeable": 63.0, "pct_agua": 0.02, "pct_sombra": null, "temp_superficie_c": 46.17, "m2_vegetacion": 103658.77, "m2_impermeable": 176550.54, "rank_menos_vegetacion": 95, "rank_mas_impermeable": 90 }, "geometry": { "type": "Polygon", "coordinates": [ [ [ -74.805359, 10.968597 ], [ -74.808517, 10.968737 ], [ -74.80892, 10.968744 ], [ -74.809054, 10.968769 ], [ -74.810024, 10.968795 ], [ -74.811321, 10.968866 ], [ -74.811618, 10.967845 ], [ -74.812779, 10.964807 ], [ -74.812951, 10.964578 ], [ -74.812961, 10.964413 ], [ -74.813015, 10.964337 ], [ -74.813399, 10.963949 ], [ -74.81306, 10.963914 ], [ -74.812591, 10.963812 ], [ -74.812402, 10.96388 ], [ -74.811664, 10.963775 ], [ -74.810599, 10.963754 ], [ -74.810345, 10.963709 ], [ -74.810097, 10.963598 ], [ -74.809425, 10.963217 ], [ -74.807744, 10.967518 ], [ -74.805955, 10.966889 ], [ -74.805703, 10.967572 ], [ -74.805661, 10.967636 ], [ -74.805359, 10.968597 ] ] ] } },
{ "type": "Feature", "properties": { "zona_id": 77, "nombre": "Boston", "area_m2": 969893.59, "area_valida_m2": 969848.64, "cobertura_pct": 100.0, "ndvi_medio": 0.235, "pct_vegetacion": 24.94, "pct_vegetacion_densa": 3.37, "pct_vegetacion_rala": 21.57, "pct_impermeable": 72.79, "pct_agua": 2.26, "pct_sombra": null, "temp_superficie_c": 43.56, "m2_vegetacion": 241926.28, "m2_impermeable": 705999.88, "rank_menos_vegetacion": 36, "rank_mas_impermeable": 45 }, "geometry": { "type": "Polygon", "coordinates": [ [ [ -74.789124, 10.990736 ], [ -74.790594, 10.99074 ], [ -74.791058, 10.990754 ], [ -74.791475, 10.990825 ], [ -74.791886, 10.990919 ], [ -74.792491, 10.991106 ], [ -74.792884, 10.99126 ], [ -74.793267, 10.991436 ], [ -74.793665, 10.991651 ], [ -74.795614, 10.993015 ], [ -74.79632, 10.99333 ], [ -74.796997, 10.993661 ], [ -74.797092, 10.993728 ], [ -74.797697, 10.994021 ], [ -74.798866, 10.994523 ], [ -74.799625, 10.994985 ], [ -74.799754, 10.995097 ], [ -74.79985, 10.995052 ], [ -74.800565, 10.994529 ], [ -74.800926, 10.993233 ], [ -74.800944, 10.993116 ], [ -74.801307, 10.991868 ], [ -74.801867, 10.989848 ], [ -74.802159, 10.988911 ], [ -74.801495, 10.988524 ], [ -74.800194, 10.987836 ], [ -74.799776, 10.987596 ], [ -74.798927, 10.98714 ], [ -74.798345, 10.9868 ], [ -74.796811, 10.985994 ], [ -74.796281, 10.985731 ], [ -74.796204, 10.985679 ], [ -74.795691, 10.985442 ], [ -74.79572, 10.985376 ], [ -74.795673, 10.985352 ], [ -74.794932, 10.98501 ], [ -74.794878, 10.98497 ], [ -74.79414, 10.984635 ], [ -74.792782, 10.98413 ], [ -74.792522, 10.984584 ], [ -74.792441, 10.984572 ], [ -74.792038, 10.984451 ], [ -74.790834, 10.985836 ], [ -74.790023, 10.986714 ], [ -74.789569, 10.987658 ], [ -74.78972, 10.987703 ], [ -74.789514, 10.988676 ], [ -74.789124, 10.990736 ] ] ] } },
{ "type": "Feature", "properties": { "zona_id": 78, "nombre": "Colombia", "area_m2": 615483.94, "area_valida_m2": 615667.68, "cobertura_pct": 100.0, "ndvi_medio": 0.225, "pct_vegetacion": 25.41, "pct_vegetacion_densa": 3.41, "pct_vegetacion_rala": 22.0, "pct_impermeable": 73.98, "pct_agua": 0.61, "pct_sombra": null, "temp_superficie_c": 42.47, "m2_vegetacion": 156421.24, "m2_impermeable": 455477.09, "rank_menos_vegetacion": 41, "rank_mas_impermeable": 39 }, "geometry": { "type": "Polygon", "coordinates": [ [ [ -74.799754, 10.995097 ], [ -74.800613, 10.995474 ], [ -74.801949, 10.99602 ], [ -74.802494, 10.996317 ], [ -74.802764, 10.996498 ], [ -74.80314, 10.996783 ], [ -74.803752, 10.997293 ], [ -74.803855, 10.997347 ], [ -74.804099, 10.997533 ], [ -74.804273, 10.997737 ], [ -74.805029, 10.998771 ], [ -74.80556, 10.998187 ], [ -74.805599, 10.998163 ], [ -74.806509, 10.996972 ], [ -74.807787, 10.995445 ], [ -74.80829, 10.995692 ], [ -74.808868, 10.996035 ], [ -74.809248, 10.99526 ], [ -74.80976, 10.994294 ], [ -74.810191, 10.993387 ], [ -74.809325, 10.992876 ], [ -74.808657, 10.992453 ], [ -74.807748, 10.991915 ], [ -74.805651, 10.990793 ], [ -74.805004, 10.990463 ], [ -74.803519, 10.98964 ], [ -74.802159, 10.988911 ], [ -74.801867, 10.989848 ], [ -74.801307, 10.991868 ], [ -74.800944, 10.993116 ], [ -74.800926, 10.993233 ], [ -74.800565, 10.994529 ], [ -74.79985, 10.995052 ], [ -74.799754, 10.995097 ] ] ] } },
{ "type": "Feature", "properties": { "zona_id": 79, "nombre": "América", "area_m2": 65740.69, "area_valida_m2": 65744.64, "cobertura_pct": 100.0, "ndvi_medio": 0.225, "pct_vegetacion": 25.31, "pct_vegetacion_densa": 3.15, "pct_vegetacion_rala": 22.16, "pct_impermeable": 74.35, "pct_agua": 0.33, "pct_sombra": null, "temp_superficie_c": 42.21, "m2_vegetacion": 16641.64, "m2_impermeable": 48884.29, "rank_menos_vegetacion": 39, "rank_mas_impermeable": 37 }, "geometry": { "type": "Polygon", "coordinates": [ [ [ -74.80556, 10.998187 ], [ -74.807369, 10.998939 ], [ -74.807405, 10.998904 ], [ -74.807744, 10.998292 ], [ -74.808147, 10.997505 ], [ -74.808868, 10.996035 ], [ -74.80829, 10.995692 ], [ -74.807787, 10.995445 ], [ -74.806509, 10.996972 ], [ -74.805599, 10.998163 ], [ -74.80556, 10.998187 ] ] ] } },
{ "type": "Feature", "properties": { "zona_id": 80, "nombre": "El Porvenir", "area_m2": 558270.31, "area_valida_m2": 558276.48, "cobertura_pct": 100.0, "ndvi_medio": 0.212, "pct_vegetacion": 20.31, "pct_vegetacion_densa": 1.92, "pct_vegetacion_rala": 18.38, "pct_impermeable": 79.29, "pct_agua": 0.4, "pct_sombra": null, "temp_superficie_c": 43.0, "m2_vegetacion": 113358.89, "m2_impermeable": 442672.89, "rank_menos_vegetacion": 17, "rank_mas_impermeable": 18 }, "geometry": { "type": "Polygon", "coordinates": [ [ [ -74.807369, 10.998939 ], [ -74.808278, 10.999254 ], [ -74.808443, 10.999265 ], [ -74.810142, 10.999241 ], [ -74.810509, 10.999281 ], [ -74.810916, 10.999368 ], [ -74.811227, 10.999458 ], [ -74.811458, 10.999475 ], [ -74.81175, 10.999547 ], [ -74.811915, 10.999608 ], [ -74.8121, 10.999704 ], [ -74.813542, 11.000602 ], [ -74.813382, 11.000987 ], [ -74.815982, 11.002092 ], [ -74.816439, 11.001349 ], [ -74.817092, 10.999807 ], [ -74.817386, 10.999063 ], [ -74.817668, 10.998417 ], [ -74.817682, 10.998352 ], [ -74.817954, 10.997706 ], [ -74.817971, 10.997619 ], [ -74.815535, 10.996327 ], [ -74.813904, 10.99542 ], [ -74.812629, 10.994783 ], [ -74.811926, 10.994406 ], [ -74.811564, 10.994235 ], [ -74.81092, 10.993818 ], [ -74.810191, 10.993387 ], [ -74.80976, 10.994294 ], [ -74.809248, 10.99526 ], [ -74.808927, 10.995898 ], [ -74.808147, 10.997505 ], [ -74.807744, 10.998292 ], [ -74.807405, 10.998904 ], [ -74.807369, 10.998939 ] ] ] } },
{ "type": "Feature", "properties": { "zona_id": 81, "nombre": "Granadillo", "area_m2": 229359.11, "area_valida_m2": 229312.8, "cobertura_pct": 99.98, "ndvi_medio": 0.212, "pct_vegetacion": 20.04, "pct_vegetacion_densa": 2.08, "pct_vegetacion_rala": 17.96, "pct_impermeable": 79.82, "pct_agua": 0.14, "pct_sombra": null, "temp_superficie_c": 42.26, "m2_vegetacion": 45957.12, "m2_impermeable": 183041.65, "rank_menos_vegetacion": 16, "rank_mas_impermeable": 16 }, "geometry": { "type": "Polygon", "coordinates": [ [ [ -74.818736, 11.002376 ], [ -74.819387, 11.00269 ], [ -74.819727, 11.002826 ], [ -74.820222, 11.002946 ], [ -74.820762, 11.003032 ], [ -74.820794, 11.002991 ], [ -74.821094, 11.002146 ], [ -74.821376, 11.001435 ], [ -74.821877, 11.000041 ], [ -74.822264, 10.999084 ], [ -74.821759, 10.998878 ], [ -74.820031, 10.998455 ], [ -74.819146, 10.998164 ], [ -74.818779, 10.998034 ], [ -74.818491, 10.997913 ], [ -74.818243, 10.997786 ], [ -74.817971, 10.997619 ], [ -74.817954, 10.997706 ], [ -74.817682, 10.998352 ], [ -74.817668, 10.998417 ], [ -74.817386, 10.999063 ], [ -74.817092, 10.999807 ], [ -74.816439, 11.001349 ], [ -74.818736, 11.002376 ] ] ] } },
{ "type": "Feature", "properties": { "zona_id": 82, "nombre": "Santa Ana", "area_m2": 328572.36, "area_valida_m2": 328628.16, "cobertura_pct": 100.0, "ndvi_medio": 0.277, "pct_vegetacion": 36.68, "pct_vegetacion_densa": 5.93, "pct_vegetacion_rala": 30.75, "pct_impermeable": 61.56, "pct_agua": 1.76, "pct_sombra": null, "temp_superficie_c": 42.26, "m2_vegetacion": 120539.48, "m2_impermeable": 202315.81, "rank_menos_vegetacion": 90, "rank_mas_impermeable": 101 }, "geometry": { "type": "Polygon", "coordinates": [ [ [ -74.786215, 11.003278 ], [ -74.788174, 11.004656 ], [ -74.788624, 11.005081 ], [ -74.788748, 11.005023 ], [ -74.789037, 11.004947 ], [ -74.789324, 11.00483 ], [ -74.789483, 11.004744 ], [ -74.789629, 11.004636 ], [ -74.789757, 11.004508 ], [ -74.791911, 11.002025 ], [ -74.794002, 11.001154 ], [ -74.793565, 11.000488 ], [ -74.792704, 10.999276 ], [ -74.792693, 10.99924 ], [ -74.791978, 10.998211 ], [ -74.791045, 10.997411 ], [ -74.79056, 10.998006 ], [ -74.790459, 10.998098 ], [ -74.789072, 10.999747 ], [ -74.788534, 11.000355 ], [ -74.788251, 11.000702 ], [ -74.787427, 11.001648 ], [ -74.78694, 11.002267 ], [ -74.786215, 11.003278 ] ] ] } },
{ "type": "Feature", "properties": { "zona_id": 83, "nombre": "El Prado", "area_m2": 1302922.91, "area_valida_m2": 1302818.4, "cobertura_pct": 99.99, "ndvi_medio": 0.256, "pct_vegetacion": 33.98, "pct_vegetacion_densa": 4.96, "pct_vegetacion_rala": 29.02, "pct_impermeable": 63.94, "pct_agua": 2.08, "pct_sombra": null, "temp_superficie_c": 41.38, "m2_vegetacion": 442694.24, "m2_impermeable": 833087.1, "rank_menos_vegetacion": 79, "rank_mas_impermeable": 84 }, "geometry": { "type": "Polygon", "coordinates": [ [ [ -74.791298, 10.996958 ], [ -74.79263, 10.997068 ], [ -74.792837, 10.9971 ], [ -74.792889, 10.997122 ], [ -74.79313, 10.997305 ], [ -74.793245, 10.997433 ], [ -74.793873, 10.998275 ], [ -74.796881, 11.002371 ], [ -74.799069, 11.00529 ], [ -74.800684, 11.004152 ], [ -74.803657, 11.00199 ], [ -74.803961, 11.001783 ], [ -74.804473, 11.001393 ], [ -74.80475, 11.001209 ], [ -74.80552, 11.000632 ], [ -74.806786, 10.999741 ], [ -74.807045, 10.999529 ], [ -74.807369, 10.998939 ], [ -74.80556, 10.998187 ], [ -74.805029, 10.998771 ], [ -74.804273, 10.997737 ], [ -74.804099, 10.997533 ], [ -74.803855, 10.997347 ], [ -74.803752, 10.997293 ], [ -74.802918, 10.996611 ], [ -74.802494, 10.996317 ], [ -74.801949, 10.99602 ], [ -74.800613, 10.995474 ], [ -74.799754, 10.995097 ], [ -74.799625, 10.994985 ], [ -74.798866, 10.994523 ], [ -74.797697, 10.994021 ], [ -74.797092, 10.993728 ], [ -74.796997, 10.993661 ], [ -74.79632, 10.99333 ], [ -74.795614, 10.993015 ], [ -74.793665, 10.991651 ], [ -74.793077, 10.991345 ], [ -74.792689, 10.99118 ], [ -74.792291, 10.991038 ], [ -74.791886, 10.990919 ], [ -74.791267, 10.990786 ], [ -74.791058, 10.990754 ], [ -74.790594, 10.99074 ], [ -74.789124, 10.990736 ], [ -74.789217, 10.991772 ], [ -74.789262, 10.992728 ], [ -74.789438, 10.992718 ], [ -74.791341, 10.992795 ], [ -74.791498, 10.99283 ], [ -74.791422, 10.995038 ], [ -74.791391, 10.995284 ], [ -74.791353, 10.995437 ], [ -74.791298, 10.996958 ] ] ] } },
{ "type": "Feature", "properties": { "zona_id": 84, "nombre": "Villa Country", "area_m2": 250106.22, "area_valida_m2": 250094.88, "cobertura_pct": 100.0, "ndvi_medio": 0.222, "pct_vegetacion": 27.48, "pct_vegetacion_densa": 3.59, "pct_vegetacion_rala": 23.89, "pct_impermeable": 71.62, "pct_agua": 0.9, "pct_sombra": null, "temp_superficie_c": 40.09, "m2_vegetacion": 68734.02, "m2_impermeable": 179120.18, "rank_menos_vegetacion": 50, "rank_mas_impermeable": 51 }, "geometry": { "type": "Polygon", "coordinates": [ [ [ -74.802411, 11.008465 ], [ -74.803022, 11.008584 ], [ -74.80361, 11.008678 ], [ -74.80383, 11.008732 ], [ -74.804016, 11.008803 ], [ -74.804151, 11.008879 ], [ -74.804642, 11.009219 ], [ -74.804974, 11.008845 ], [ -74.807316, 11.005946 ], [ -74.807507, 11.005647 ], [ -74.807599, 11.005459 ], [ -74.807676, 11.005266 ], [ -74.807714, 11.005121 ], [ -74.808099, 11.004268 ], [ -74.806759, 11.0038 ], [ -74.806461, 11.003683 ], [ -74.805102, 11.003234 ], [ -74.805033, 11.003228 ], [ -74.80425, 11.003813 ], [ -74.802531, 11.005048 ], [ -74.802706, 11.005384 ], [ -74.802736, 11.005468 ], [ -74.802782, 11.005675 ], [ -74.802788, 11.005804 ], [ -74.802411, 11.008465 ] ] ] } },
{ "type": "Feature", "properties": { "zona_id": 85, "nombre": "Alto Prado", "area_m2": 1293560.56, "area_valida_m2": 1293596.64, "cobertura_pct": 100.0, "ndvi_medio": 0.208, "pct_vegetacion": 23.19, "pct_vegetacion_densa": 2.57, "pct_vegetacion_rala": 20.62, "pct_impermeable": 76.04, "pct_agua": 0.77, "pct_sombra": null, "temp_superficie_c": 40.09, "m2_vegetacion": 299927.32, "m2_impermeable": 983693.42, "rank_menos_vegetacion": 26, "rank_mas_impermeable": 28 }, "geometry": { "type": "Polygon", "coordinates": [ [ [ -74.812117, 11.007918 ], [ -74.813829, 11.008686 ], [ -74.813955, 11.008754 ], [ -74.813256, 11.00931 ], [ -74.815151, 11.010176 ], [ -74.815518, 11.009671 ], [ -74.816429, 11.008505 ], [ -74.816995, 11.008028 ], [ -74.817212, 11.007819 ], [ -74.817582, 11.007625 ], [ -74.818276, 11.007292 ], [ -74.81816, 11.007227 ], [ -74.816755, 11.006579 ], [ -74.817084, 11.005914 ], [ -74.817975, 11.003995 ], [ -74.81799, 11.00394 ], [ -74.818736, 11.002376 ], [ -74.816439, 11.001349 ], [ -74.815982, 11.002092 ], [ -74.813382, 11.000987 ], [ -74.813542, 11.000602 ], [ -74.8121, 10.999704 ], [ -74.811915, 10.999608 ], [ -74.81175, 10.999547 ], [ -74.811458, 10.999475 ], [ -74.811227, 10.999458 ], [ -74.810916, 10.999368 ], [ -74.810509, 10.999281 ], [ -74.810142, 10.999241 ], [ -74.808443, 10.999265 ], [ -74.808278, 10.999254 ], [ -74.807369, 10.998939 ], [ -74.807045, 10.999529 ], [ -74.806786, 10.999741 ], [ -74.80552, 11.000632 ], [ -74.80475, 11.001209 ], [ -74.804473, 11.001393 ], [ -74.803961, 11.001783 ], [ -74.803657, 11.00199 ], [ -74.799811, 11.004775 ], [ -74.800867, 11.00626 ], [ -74.801337, 11.006721 ], [ -74.801608, 11.006941 ], [ -74.801829, 11.007073 ], [ -74.801962, 11.007135 ], [ -74.802245, 11.007214 ], [ -74.802447, 11.007235 ], [ -74.802584, 11.007229 ], [ -74.802788, 11.005804 ], [ -74.802782, 11.005675 ], [ -74.802736, 11.005468 ], [ -74.802706, 11.005384 ], [ -74.802531, 11.005048 ], [ -74.80425, 11.003813 ], [ -74.804916, 11.00331 ], [ -74.805033, 11.003228 ], [ -74.805102, 11.003234 ], [ -74.806461, 11.003683 ], [ -74.806759, 11.0038 ], [ -74.808099, 11.004268 ], [ -74.807714, 11.005121 ], [ -74.807676, 11.005266 ], [ -74.807599, 11.005459 ], [ -74.80743, 11.005776 ], [ -74.807254, 11.006028 ], [ -74.805888, 11.007723 ], [ -74.809479, 11.008861 ], [ -74.810465, 11.007494 ], [ -74.810552, 11.007348 ], [ -74.812117, 11.007918 ] ] ] } },
{ "type": "Feature", "properties": { "zona_id": 86, "nombre": "El Golf", "area_m2": 200510.85, "area_valida_m2": 200484.0, "cobertura_pct": 99.99, "ndvi_medio": 0.228, "pct_vegetacion": 28.05, "pct_vegetacion_densa": 4.04, "pct_vegetacion_rala": 24.02, "pct_impermeable": 71.1, "pct_agua": 0.84, "pct_sombra": null, "temp_superficie_c": 39.68, "m2_vegetacion": 56245.48, "m2_impermeable": 142546.06, "rank_menos_vegetacion": 54, "rank_mas_impermeable": 53 }, "geometry": { "type": "Polygon", "coordinates": [ [ [ -74.804974, 11.008845 ], [ -74.80519, 11.00899 ], [ -74.805609, 11.009209 ], [ -74.805726, 11.009298 ], [ -74.806136, 11.009652 ], [ -74.80709, 11.010578 ], [ -74.807382, 11.010789 ], [ -74.807595, 11.010901 ], [ -74.807934, 11.011023 ], [ -74.809154, 11.011254 ], [ -74.809333, 11.011356 ], [ -74.809573, 11.011597 ], [ -74.809742, 11.011707 ], [ -74.809936, 11.011767 ], [ -74.810138, 11.011771 ], [ -74.81027, 11.011743 ], [ -74.810905, 11.011083 ], [ -74.810971, 11.010999 ], [ -74.811466, 11.009352 ], [ -74.811717, 11.00864 ], [ -74.811823, 11.008395 ], [ -74.812117, 11.007918 ], [ -74.810552, 11.007348 ], [ -74.810465, 11.007494 ], [ -74.809479, 11.008861 ], [ -74.805888, 11.007723 ], [ -74.804974, 11.008845 ] ] ] } },
{ "type": "Feature", "properties": { "zona_id": 87, "nombre": "Paraíso", "area_m2": 1258589.52, "area_valida_m2": 1258696.8, "cobertura_pct": 100.0, "ndvi_medio": 0.319, "pct_vegetacion": 45.48, "pct_vegetacion_densa": 8.96, "pct_vegetacion_rala": 36.52, "pct_impermeable": 54.31, "pct_agua": 0.21, "pct_sombra": null, "temp_superficie_c": 41.86, "m2_vegetacion": 572434.13, "m2_impermeable": 683648.96, "rank_menos_vegetacion": 142, "rank_mas_impermeable": 141 }, "geometry": { "type": "Polygon", "coordinates": [ [ [ -74.799291, 11.012453 ], [ -74.797661, 11.014934 ], [ -74.797298, 11.015424 ], [ -74.797574, 11.015625 ], [ -74.797588, 11.015604 ], [ -74.797889, 11.01575 ], [ -74.797738, 11.015965 ], [ -74.797179, 11.017113 ], [ -74.796654, 11.017644 ], [ -74.798765, 11.020507 ], [ -74.802809, 11.016731 ], [ -74.803149, 11.01709 ], [ -74.804926, 11.017533 ], [ -74.804538, 11.019109 ], [ -74.805148, 11.019304 ], [ -74.805723, 11.019726 ], [ -74.805777, 11.019775 ], [ -74.805842, 11.019894 ], [ -74.806106, 11.020284 ], [ -74.806474, 11.01999 ], [ -74.806935, 11.019593 ], [ -74.807527, 11.018952 ], [ -74.807974, 11.019079 ], [ -74.808026, 11.01904 ], [ -74.808051, 11.018973 ], [ -74.809237, 11.019284 ], [ -74.809351, 11.019172 ], [ -74.809667, 11.018799 ], [ -74.810721, 11.017369 ], [ -74.81075, 11.017304 ], [ -74.811011, 11.016303 ], [ -74.808693, 11.015733 ], [ -74.808909, 11.015127 ], [ -74.809592, 11.013934 ], [ -74.809917, 11.013304 ], [ -74.810291, 11.012496 ], [ -74.810463, 11.012265 ], [ -74.810786, 11.011893 ], [ -74.810644, 11.011836 ], [ -74.81027, 11.011743 ], [ -74.810071, 11.011776 ], [ -74.809936, 11.011767 ], [ -74.809805, 11.011733 ], [ -74.809626, 11.011639 ], [ -74.809333, 11.011356 ], [ -74.809154, 11.011254 ], [ -74.807934, 11.011023 ], [ -74.807705, 11.010948 ], [ -74.807487, 11.010848 ], [ -74.807281, 11.010724 ], [ -74.80709, 11.010578 ], [ -74.806136, 11.009652 ], [ -74.805726, 11.009298 ], [ -74.805609, 11.009209 ], [ -74.80519, 11.00899 ], [ -74.804974, 11.008845 ], [ -74.804642, 11.009219 ], [ -74.804151, 11.008879 ], [ -74.804016, 11.008803 ], [ -74.80383, 11.008732 ], [ -74.80361, 11.008678 ], [ -74.803022, 11.008584 ], [ -74.801994, 11.008381 ], [ -74.80172, 11.008772 ], [ -74.801907, 11.008887 ], [ -74.801546, 11.009231 ], [ -74.801425, 11.009164 ], [ -74.800478, 11.01042 ], [ -74.800468, 11.010587 ], [ -74.799778, 11.011625 ], [ -74.799809, 11.011745 ], [ -74.79979, 11.011867 ], [ -74.799626, 11.012109 ], [ -74.799509, 11.01203 ], [ -74.799248, 11.01242 ], [ -74.799291, 11.012453 ] ] ] } },
{ "type": "Feature", "properties": { "zona_id": 88, "nombre": "La Concepción", "area_m2": 682918.32, "area_valida_m2": 682990.56, "cobertura_pct": 100.0, "ndvi_medio": 0.248, "pct_vegetacion": 29.74, "pct_vegetacion_densa": 4.6, "pct_vegetacion_rala": 25.14, "pct_impermeable": 67.44, "pct_agua": 2.82, "pct_sombra": null, "temp_superficie_c": 41.62, "m2_vegetacion": 203129.14, "m2_impermeable": 460587.18, "rank_menos_vegetacion": 57, "rank_mas_impermeable": 72 }, "geometry": { "type": "Polygon", "coordinates": [ [ [ -74.791136, 11.007216 ], [ -74.792172, 11.007891 ], [ -74.792653, 11.008186 ], [ -74.792734, 11.008281 ], [ -74.792771, 11.008419 ], [ -74.792856, 11.009409 ], [ -74.792882, 11.009471 ], [ -74.79364, 11.010019 ], [ -74.793669, 11.01005 ], [ -74.793678, 11.010083 ], [ -74.793729, 11.010446 ], [ -74.793791, 11.010567 ], [ -74.794395, 11.010987 ], [ -74.793924, 11.011741 ], [ -74.797863, 11.014627 ], [ -74.799291, 11.012453 ], [ -74.799248, 11.01242 ], [ -74.799509, 11.01203 ], [ -74.799626, 11.012109 ], [ -74.79979, 11.011867 ], [ -74.799809, 11.011745 ], [ -74.799778, 11.011625 ], [ -74.800468, 11.010587 ], [ -74.800478, 11.01042 ], [ -74.801425, 11.009164 ], [ -74.801546, 11.009231 ], [ -74.801907, 11.008887 ], [ -74.80172, 11.008772 ], [ -74.801994, 11.008381 ], [ -74.802411, 11.008465 ], [ -74.802584, 11.007229 ], [ -74.802447, 11.007235 ], [ -74.802245, 11.007214 ], [ -74.801962, 11.007135 ], [ -74.801829, 11.007073 ], [ -74.801608, 11.006941 ], [ -74.801337, 11.006721 ], [ -74.800867, 11.00626 ], [ -74.799811, 11.004775 ], [ -74.799069, 11.00529 ], [ -74.799034, 11.005337 ], [ -74.798019, 11.006093 ], [ -74.796309, 11.004814 ], [ -74.794096, 11.00752 ], [ -74.792964, 11.006675 ], [ -74.79276, 11.006861 ], [ -74.792601, 11.006978 ], [ -74.792435, 11.007074 ], [ -74.792301, 11.007124 ], [ -74.792044, 11.007162 ], [ -74.791371, 11.007178 ], [ -74.791136, 11.007216 ] ] ] } },
{ "type": "Feature", "properties": { "zona_id": 89, "nombre": "San Francisco", "area_m2": 334860.27, "area_valida_m2": 334722.24, "cobertura_pct": 99.96, "ndvi_medio": 0.25, "pct_vegetacion": 28.01, "pct_vegetacion_densa": 3.64, "pct_vegetacion_rala": 24.37, "pct_impermeable": 70.34, "pct_agua": 1.65, "pct_sombra": null, "temp_superficie_c": 43.3, "m2_vegetacion": 93748.59, "m2_impermeable": 235452.78, "rank_menos_vegetacion": 53, "rank_mas_impermeable": 54 }, "geometry": { "type": "Polygon", "coordinates": [ [ [ -74.788624, 11.005081 ], [ -74.789128, 11.005596 ], [ -74.789416, 11.005986 ], [ -74.789505, 11.006125 ], [ -74.790462, 11.007895 ], [ -74.790581, 11.007703 ], [ -74.790838, 11.007395 ], [ -74.790915, 11.007317 ], [ -74.790991, 11.007269 ], [ -74.791145, 11.007214 ], [ -74.791371, 11.007178 ], [ -74.792044, 11.007162 ], [ -74.792301, 11.007124 ], [ -74.792435, 11.007074 ], [ -74.792601, 11.006978 ], [ -74.79276, 11.006861 ], [ -74.792964, 11.006675 ], [ -74.794096, 11.00752 ], [ -74.796309, 11.004814 ], [ -74.795012, 11.003847 ], [ -74.795121, 11.003708 ], [ -74.795015, 11.0035 ], [ -74.794893, 11.003198 ], [ -74.794807, 11.002892 ], [ -74.79475, 11.002571 ], [ -74.794727, 11.002266 ], [ -74.794002, 11.001154 ], [ -74.791911, 11.002025 ], [ -74.789757, 11.004508 ], [ -74.789629, 11.004636 ], [ -74.789483, 11.004744 ], [ -74.789324, 11.00483 ], [ -74.789037, 11.004947 ], [ -74.788748, 11.005023 ], [ -74.788624, 11.005081 ] ] ] } },
{ "type": "Feature", "properties": { "zona_id": 90, "nombre": "Bellavista", "area_m2": 226369.86, "area_valida_m2": 226487.52, "cobertura_pct": 100.0, "ndvi_medio": 0.302, "pct_vegetacion": 40.09, "pct_vegetacion_densa": 6.88, "pct_vegetacion_rala": 33.21, "pct_impermeable": 58.64, "pct_agua": 1.26, "pct_sombra": null, "temp_superficie_c": 42.52, "m2_vegetacion": 90802.11, "m2_impermeable": 132821.95, "rank_menos_vegetacion": 118, "rank_mas_impermeable": 123 }, "geometry": { "type": "Polygon", "coordinates": [ [ [ -74.795012, 11.003847 ], [ -74.798019, 11.006093 ], [ -74.799034, 11.005337 ], [ -74.799069, 11.00529 ], [ -74.796881, 11.002371 ], [ -74.793873, 10.998275 ], [ -74.793245, 10.997433 ], [ -74.79313, 10.997305 ], [ -74.792889, 10.997122 ], [ -74.792837, 10.9971 ], [ -74.79263, 10.997068 ], [ -74.791298, 10.996958 ], [ -74.791237, 10.99712 ], [ -74.791045, 10.997411 ], [ -74.791978, 10.998211 ], [ -74.792693, 10.99924 ], [ -74.792704, 10.999276 ], [ -74.793565, 11.000488 ], [ -74.794727, 11.002266 ], [ -74.79475, 11.002571 ], [ -74.794807, 11.002892 ], [ -74.794893, 11.003198 ], [ -74.795015, 11.0035 ], [ -74.795121, 11.003708 ], [ -74.795012, 11.003847 ] ] ] } },
{ "type": "Feature", "properties": { "zona_id": 91, "nombre": "Campo Alegre", "area_m2": 718754.5, "area_valida_m2": 718881.12, "cobertura_pct": 100.0, "ndvi_medio": 0.491, "pct_vegetacion": 73.66, "pct_vegetacion_densa": 40.53, "pct_vegetacion_rala": 33.12, "pct_impermeable": 26.33, "pct_agua": 0.01, "pct_sombra": null, "temp_superficie_c": 40.39, "m2_vegetacion": 529510.2, "m2_impermeable": 189308.0, "rank_menos_vegetacion": 183, "rank_mas_impermeable": 183 }, "geometry": { "type": "Polygon", "coordinates": [ [ [ -74.829751, 10.992076 ], [ -74.829954, 10.992264 ], [ -74.830102, 10.992419 ], [ -74.830209, 10.992556 ], [ -74.830714, 10.992284 ], [ -74.830871, 10.992184 ], [ -74.831077, 10.991997 ], [ -74.83124, 10.991771 ], [ -74.831321, 10.991605 ], [ -74.831377, 10.991429 ], [ -74.831409, 10.991247 ], [ -74.831415, 10.991062 ], [ -74.831683, 10.990057 ], [ -74.831778, 10.988766 ], [ -74.83208, 10.988923 ], [ -74.832248, 10.988984 ], [ -74.832514, 10.989026 ], [ -74.832781, 10.989005 ], [ -74.832954, 10.988957 ], [ -74.833117, 10.988884 ], [ -74.833266, 10.988786 ], [ -74.833511, 10.988574 ], [ -74.833687, 10.988473 ], [ -74.833883, 10.988415 ], [ -74.834088, 10.988408 ], [ -74.834433, 10.988461 ], [ -74.834701, 10.988542 ], [ -74.834906, 10.988656 ], [ -74.835143, 10.988821 ], [ -74.835261, 10.988881 ], [ -74.835384, 10.988921 ], [ -74.835591, 10.988948 ], [ -74.835841, 10.988931 ], [ -74.83603, 10.988969 ], [ -74.836108, 10.989005 ], [ -74.836546, 10.989326 ], [ -74.8366, 10.989352 ], [ -74.836698, 10.989362 ], [ -74.836851, 10.989335 ], [ -74.836663, 10.98871 ], [ -74.836471, 10.988016 ], [ -74.836386, 10.987649 ], [ -74.836216, 10.986575 ], [ -74.836163, 10.986142 ], [ -74.836074, 10.984879 ], [ -74.836087, 10.982665 ], [ -74.83295, 10.982929 ], [ -74.832717, 10.982974 ], [ -74.83246, 10.983079 ], [ -74.832253, 10.983234 ], [ -74.832131, 10.983363 ], [ -74.831908, 10.983678 ], [ -74.829832, 10.986322 ], [ -74.829701, 10.986452 ], [ -74.829552, 10.986561 ], [ -74.829323, 10.986678 ], [ -74.829165, 10.986724 ], [ -74.82892, 10.98675 ], [ -74.828674, 10.986721 ], [ -74.828421, 10.986625 ], [ -74.828187, 10.986467 ], [ -74.828054, 10.986334 ], [ -74.827942, 10.986181 ], [ -74.827857, 10.986015 ], [ -74.827689, 10.985606 ], [ -74.827464, 10.985226 ], [ -74.827249, 10.985012 ], [ -74.827083, 10.984897 ], [ -74.826901, 10.984806 ], [ -74.826806, 10.984771 ], [ -74.826586, 10.984727 ], [ -74.826375, 10.98471 ], [ -74.824593, 10.984833 ], [ -74.824979, 10.986516 ], [ -74.825508, 10.98635 ], [ -74.826514, 10.986376 ], [ -74.826487, 10.986678 ], [ -74.826067, 10.986664 ], [ -74.825959, 10.98696 ], [ -74.826295, 10.987235 ], [ -74.826466, 10.987566 ], [ -74.826572, 10.987832 ], [ -74.826653, 10.987806 ], [ -74.82671, 10.988021 ], [ -74.826595, 10.988048 ], [ -74.826677, 10.988277 ], [ -74.826733, 10.988515 ], [ -74.826761, 10.988757 ], [ -74.82675, 10.989122 ], [ -74.826676, 10.989479 ], [ -74.826592, 10.989708 ], [ -74.826483, 10.989927 ], [ -74.827295, 10.990199 ], [ -74.826963, 10.990904 ], [ -74.826914, 10.990934 ], [ -74.828282, 10.991324 ], [ -74.828687, 10.991455 ], [ -74.829019, 10.991611 ], [ -74.829414, 10.991826 ], [ -74.829751, 10.992076 ] ] ] } },
{ "type": "Feature", "properties": { "zona_id": 92, "nombre": "Los Nogales", "area_m2": 250455.82, "area_valida_m2": 250498.08, "cobertura_pct": 100.0, "ndvi_medio": 0.327, "pct_vegetacion": 41.75, "pct_vegetacion_densa": 10.43, "pct_vegetacion_rala": 31.32, "pct_impermeable": 58.25, "pct_agua": 0.0, "pct_sombra": null, "temp_superficie_c": 42.55, "m2_vegetacion": 104580.82, "m2_impermeable": 145912.26, "rank_menos_vegetacion": 127, "rank_mas_impermeable": 126 }, "geometry": { "type": "Polygon", "coordinates": [ [ [ -74.827239, 10.99498 ], [ -74.828439, 10.995629 ], [ -74.828819, 10.995804 ], [ -74.82918, 10.995992 ], [ -74.830611, 10.996688 ], [ -74.830747, 10.996742 ], [ -74.830642, 10.995904 ], [ -74.830809, 10.995616 ], [ -74.830569, 10.995401 ], [ -74.830521, 10.994858 ], [ -74.82952, 10.992809 ], [ -74.829491, 10.992706 ], [ -74.829489, 10.992599 ], [ -74.829514, 10.992495 ], [ -74.829751, 10.992076 ], [ -74.829512, 10.991892 ], [ -74.82923, 10.991722 ], [ -74.828877, 10.99154 ], [ -74.828687, 10.991455 ], [ -74.828505, 10.991392 ], [ -74.826786, 10.990893 ], [ -74.826562, 10.990865 ], [ -74.826144, 10.990942 ], [ -74.825983, 10.991025 ], [ -74.825838, 10.991137 ], [ -74.825631, 10.991344 ], [ -74.825361, 10.991572 ], [ -74.824822, 10.991909 ], [ -74.823903, 10.99275 ], [ -74.824031, 10.992944 ], [ -74.824137, 10.993028 ], [ -74.824921, 10.993582 ], [ -74.825206, 10.993804 ], [ -74.825554, 10.994051 ], [ -74.826119, 10.994398 ], [ -74.827239, 10.99498 ] ] ] } },
{ "type": "Feature", "properties": { "zona_id": 93, "nombre": "Nuevo Horizonte", "area_m2": 280163.28, "area_valida_m2": 280219.68, "cobertura_pct": 100.0, "ndvi_medio": 0.267, "pct_vegetacion": 30.53, "pct_vegetacion_densa": 3.79, "pct_vegetacion_rala": 26.74, "pct_impermeable": 69.39, "pct_agua": 0.07, "pct_sombra": null, "temp_superficie_c": 42.91, "m2_vegetacion": 85561.45, "m2_impermeable": 194457.12, "rank_menos_vegetacion": 62, "rank_mas_impermeable": 59 }, "geometry": { "type": "Polygon", "coordinates": [ [ [ -74.817971, 10.997619 ], [ -74.818243, 10.997786 ], [ -74.818491, 10.997913 ], [ -74.818917, 10.998086 ], [ -74.820031, 10.998455 ], [ -74.82108, 10.99871 ], [ -74.821145, 10.998533 ], [ -74.821242, 10.998326 ], [ -74.821427, 10.998037 ], [ -74.823765, 10.995259 ], [ -74.824546, 10.995687 ], [ -74.824712, 10.995758 ], [ -74.824931, 10.99589 ], [ -74.825179, 10.996116 ], [ -74.825445, 10.995812 ], [ -74.826119, 10.994398 ], [ -74.825554, 10.994051 ], [ -74.825206, 10.993804 ], [ -74.824921, 10.993582 ], [ -74.824137, 10.993028 ], [ -74.824031, 10.992944 ], [ -74.823903, 10.99275 ], [ -74.823674, 10.992953 ], [ -74.823572, 10.993019 ], [ -74.823447, 10.993075 ], [ -74.823225, 10.993126 ], [ -74.822925, 10.993126 ], [ -74.822773, 10.993142 ], [ -74.822518, 10.99321 ], [ -74.821737, 10.993608 ], [ -74.821139, 10.993952 ], [ -74.820697, 10.994247 ], [ -74.819709, 10.994959 ], [ -74.819386, 10.995118 ], [ -74.819035, 10.995219 ], [ -74.818317, 10.996902 ], [ -74.817971, 10.997619 ] ] ] } },
{ "type": "Feature", "properties": { "zona_id": 94, "nombre": "Los Alpes", "area_m2": 263647.04, "area_valida_m2": 263646.72, "cobertura_pct": 100.0, "ndvi_medio": 0.276, "pct_vegetacion": 32.13, "pct_vegetacion_densa": 3.94, "pct_vegetacion_rala": 28.19, "pct_impermeable": 67.73, "pct_agua": 0.14, "pct_sombra": null, "temp_superficie_c": 42.41, "m2_vegetacion": 84720.24, "m2_impermeable": 178565.77, "rank_menos_vegetacion": 71, "rank_mas_impermeable": 68 }, "geometry": { "type": "Polygon", "coordinates": [ [ [ -74.822264, 10.999084 ], [ -74.825624, 11.00062 ], [ -74.825731, 11.000387 ], [ -74.825887, 11.000182 ], [ -74.826013, 11.000066 ], [ -74.826376, 10.999803 ], [ -74.826564, 10.999598 ], [ -74.826729, 10.999323 ], [ -74.826862, 10.998938 ], [ -74.826938, 10.998797 ], [ -74.827095, 10.998618 ], [ -74.827278, 10.998484 ], [ -74.827373, 10.998388 ], [ -74.82745, 10.998277 ], [ -74.827505, 10.998155 ], [ -74.827542, 10.997989 ], [ -74.827352, 10.997922 ], [ -74.82724, 10.997847 ], [ -74.827105, 10.997699 ], [ -74.82702, 10.997518 ], [ -74.827026, 10.997374 ], [ -74.827142, 10.996796 ], [ -74.826945, 10.996891 ], [ -74.826418, 10.997104 ], [ -74.826273, 10.996942 ], [ -74.826979, 10.995942 ], [ -74.827251, 10.995628 ], [ -74.827668, 10.99522 ], [ -74.827239, 10.99498 ], [ -74.826119, 10.994398 ], [ -74.825445, 10.995812 ], [ -74.825179, 10.996116 ], [ -74.824931, 10.99589 ], [ -74.824712, 10.995758 ], [ -74.824546, 10.995687 ], [ -74.823765, 10.995259 ], [ -74.821497, 10.997948 ], [ -74.821299, 10.998227 ], [ -74.821145, 10.998533 ], [ -74.82108, 10.99871 ], [ -74.821824, 10.998898 ], [ -74.822264, 10.999084 ] ] ] } },
{ "type": "Feature", "properties": { "zona_id": 95, "nombre": "La Campiña", "area_m2": 231325.27, "area_valida_m2": 231314.4, "cobertura_pct": 100.0, "ndvi_medio": 0.26, "pct_vegetacion": 30.32, "pct_vegetacion_densa": 4.57, "pct_vegetacion_rala": 25.75, "pct_impermeable": 69.45, "pct_agua": 0.24, "pct_sombra": null, "temp_superficie_c": 41.0, "m2_vegetacion": 70131.56, "m2_impermeable": 160636.3, "rank_menos_vegetacion": 59, "rank_mas_impermeable": 57 }, "geometry": { "type": "Polygon", "coordinates": [ [ [ -74.824609, 11.003098 ], [ -74.827203, 11.003785 ], [ -74.827307, 11.003509 ], [ -74.827674, 11.002396 ], [ -74.827735, 11.002252 ], [ -74.827891, 11.00197 ], [ -74.828064, 11.001753 ], [ -74.827295, 11.001412 ], [ -74.825703, 11.000651 ], [ -74.823965, 10.999869 ], [ -74.823121, 10.999468 ], [ -74.822264, 10.999084 ], [ -74.821877, 11.000041 ], [ -74.821376, 11.001435 ], [ -74.821094, 11.002146 ], [ -74.820794, 11.002991 ], [ -74.820762, 11.003032 ], [ -74.821398, 11.003089 ], [ -74.822746, 11.003134 ], [ -74.823508, 11.003135 ], [ -74.824344, 11.003092 ], [ -74.824609, 11.003098 ] ] ] } },
{ "type": "Feature", "properties": { "zona_id": 96, "nombre": "El Tabor", "area_m2": 270692.11, "area_valida_m2": 270636.48, "cobertura_pct": 99.98, "ndvi_medio": 0.273, "pct_vegetacion": 31.89, "pct_vegetacion_densa": 3.62, "pct_vegetacion_rala": 28.26, "pct_impermeable": 68.11, "pct_agua": 0.01, "pct_sombra": null, "temp_superficie_c": 41.05, "m2_vegetacion": 86298.33, "m2_impermeable": 184321.98, "rank_menos_vegetacion": 69, "rank_mas_impermeable": 62 }, "geometry": { "type": "Polygon", "coordinates": [ [ [ -74.827203, 11.003785 ], [ -74.827884, 11.003973 ], [ -74.827985, 11.003989 ], [ -74.828175, 11.004054 ], [ -74.828502, 11.004258 ], [ -74.8288, 11.004547 ], [ -74.828902, 11.00462 ], [ -74.829768, 11.005032 ], [ -74.82994, 11.004902 ], [ -74.830112, 11.004828 ], [ -74.830212, 11.004801 ], [ -74.830933, 11.004724 ], [ -74.831126, 11.004671 ], [ -74.83123, 11.004617 ], [ -74.831408, 11.004478 ], [ -74.831506, 11.004374 ], [ -74.832117, 11.003626 ], [ -74.832201, 11.003505 ], [ -74.832326, 11.003249 ], [ -74.832431, 11.002992 ], [ -74.832465, 11.002822 ], [ -74.832486, 11.002472 ], [ -74.832441, 11.002123 ], [ -74.832228, 11.001315 ], [ -74.832097, 11.000544 ], [ -74.832032, 11.000567 ], [ -74.831896, 11.000576 ], [ -74.831471, 10.998285 ], [ -74.831315, 10.997239 ], [ -74.830908, 10.997212 ], [ -74.83087, 10.997196 ], [ -74.830841, 10.997152 ], [ -74.830747, 10.996742 ], [ -74.830402, 10.997853 ], [ -74.830195, 10.998568 ], [ -74.829902, 10.999289 ], [ -74.829162, 11.00088 ], [ -74.82905, 11.001013 ], [ -74.828921, 11.001106 ], [ -74.828571, 11.00126 ], [ -74.828378, 11.001395 ], [ -74.828233, 11.00154 ], [ -74.827891, 11.00197 ], [ -74.8278, 11.00212 ], [ -74.827674, 11.002396 ], [ -74.827307, 11.003509 ], [ -74.827203, 11.003785 ] ] ] } },
{ "type": "Feature", "properties": { "zona_id": 97, "nombre": "Altamira", "area_m2": 135795.96, "area_valida_m2": 135897.12, "cobertura_pct": 100.0, "ndvi_medio": 0.291, "pct_vegetacion": 37.34, "pct_vegetacion_densa": 8.05, "pct_vegetacion_rala": 29.29, "pct_impermeable": 62.53, "pct_agua": 0.13, "pct_sombra": null, "temp_superficie_c": 40.85, "m2_vegetacion": 50744.5, "m2_impermeable": 84979.7, "rank_menos_vegetacion": 97, "rank_mas_impermeable": 94 }, "geometry": { "type": "Polygon", "coordinates": [ [ [ -74.820713, 11.007365 ], [ -74.823242, 11.008548 ], [ -74.825263, 11.003884 ], [ -74.824482, 11.003527 ], [ -74.824609, 11.003098 ], [ -74.824344, 11.003092 ], [ -74.823629, 11.003131 ], [ -74.822716, 11.005131 ], [ -74.82228, 11.006019 ], [ -74.821532, 11.005673 ], [ -74.82075, 11.007327 ], [ -74.820713, 11.007365 ] ] ] } },
{ "type": "Feature", "properties": { "zona_id": 98, "nombre": "Miramar", "area_m2": 715888.86, "area_valida_m2": 715838.4, "cobertura_pct": 99.99, "ndvi_medio": 0.383, "pct_vegetacion": 56.74, "pct_vegetacion_densa": 21.21, "pct_vegetacion_rala": 35.53, "pct_impermeable": 43.18, "pct_agua": 0.08, "pct_sombra": null, "temp_superficie_c": 38.56, "m2_vegetacion": 406187.31, "m2_impermeable": 309068.3, "rank_menos_vegetacion": 166, "rank_mas_impermeable": 166 }, "geometry": { "type": "Polygon", "coordinates": [ [ [ -74.829971, 11.006041 ], [ -74.830207, 11.006146 ], [ -74.831088, 11.006594 ], [ -74.837353, 11.00994 ], [ -74.839424, 11.00593 ], [ -74.839484, 11.005843 ], [ -74.837846, 11.004931 ], [ -74.837946, 11.004687 ], [ -74.838001, 11.004469 ], [ -74.838027, 11.004247 ], [ -74.838012, 11.003911 ], [ -74.837416, 11.001205 ], [ -74.837312, 11.000472 ], [ -74.837241, 10.999326 ], [ -74.837213, 10.999075 ], [ -74.837195, 10.999015 ], [ -74.837158, 10.998964 ], [ -74.837106, 10.998928 ], [ -74.837045, 10.998912 ], [ -74.836284, 10.998877 ], [ -74.836155, 10.99882 ], [ -74.836039, 10.998703 ], [ -74.835939, 10.998667 ], [ -74.835834, 10.998685 ], [ -74.835669, 10.998819 ], [ -74.835565, 10.998842 ], [ -74.834588, 10.998791 ], [ -74.834452, 10.998773 ], [ -74.834298, 10.998726 ], [ -74.834227, 10.998726 ], [ -74.834164, 10.998759 ], [ -74.834133, 10.998795 ], [ -74.833561, 10.999816 ], [ -74.833516, 10.999853 ], [ -74.833406, 10.999875 ], [ -74.833338, 10.999918 ], [ -74.833307, 10.999962 ], [ -74.833281, 11.000052 ], [ -74.833243, 11.000097 ], [ -74.832097, 11.000544 ], [ -74.832228, 11.001315 ], [ -74.832463, 11.002238 ], [ -74.832486, 11.002589 ], [ -74.832465, 11.002822 ], [ -74.832431, 11.002992 ], [ -74.832326, 11.003249 ], [ -74.832163, 11.003564 ], [ -74.831506, 11.004374 ], [ -74.831316, 11.004559 ], [ -74.831126, 11.004671 ], [ -74.830933, 11.004724 ], [ -74.830212, 11.004801 ], [ -74.830112, 11.004828 ], [ -74.82994, 11.004902 ], [ -74.829768, 11.005032 ], [ -74.830314, 11.005314 ], [ -74.829971, 11.006041 ] ] ] } },
{ "type": "Feature", "properties": { "zona_id": 99, "nombre": "El Poblado", "area_m2": 364880.67, "area_valida_m2": 364703.04, "cobertura_pct": 99.95, "ndvi_medio": 0.271, "pct_vegetacion": 32.44, "pct_vegetacion_densa": 4.68, "pct_vegetacion_rala": 27.76, "pct_impermeable": 67.45, "pct_agua": 0.1, "pct_sombra": null, "temp_superficie_c": 41.7, "m2_vegetacion": 118321.25, "m2_impermeable": 246002.64, "rank_menos_vegetacion": 73, "rank_mas_impermeable": 71 }, "geometry": { "type": "Polygon", "coordinates": [ [ [ -74.825226, 11.009471 ], [ -74.826852, 11.01021 ], [ -74.827506, 11.010525 ], [ -74.828181, 11.009389 ], [ -74.828552, 11.008723 ], [ -74.829951, 11.006084 ], [ -74.830314, 11.005314 ], [ -74.829816, 11.005055 ], [ -74.828902, 11.00462 ], [ -74.8288, 11.004547 ], [ -74.828573, 11.004318 ], [ -74.828426, 11.004203 ], [ -74.828265, 11.004101 ], [ -74.828072, 11.004014 ], [ -74.824609, 11.003098 ], [ -74.824482, 11.003527 ], [ -74.825263, 11.003884 ], [ -74.823242, 11.008548 ], [ -74.825074, 11.00939 ], [ -74.825226, 11.009471 ] ] ] } },
{ "type": "Feature", "properties": { "zona_id": 100, "nombre": "San Vicente", "area_m2": 375640.58, "area_valida_m2": 375713.28, "cobertura_pct": 100.0, "ndvi_medio": 0.232, "pct_vegetacion": 27.18, "pct_vegetacion_densa": 4.0, "pct_vegetacion_rala": 23.18, "pct_impermeable": 72.48, "pct_agua": 0.34, "pct_sombra": null, "temp_superficie_c": 40.91, "m2_vegetacion": 102127.26, "m2_impermeable": 272325.43, "rank_menos_vegetacion": 46, "rank_mas_impermeable": 48 }, "geometry": { "type": "Polygon", "coordinates": [ [ [ -74.817154, 11.007879 ], [ -74.81819, 11.008876 ], [ -74.818956, 11.010236 ], [ -74.819071, 11.010402 ], [ -74.819965, 11.011018 ], [ -74.821061, 11.009548 ], [ -74.821566, 11.008836 ], [ -74.822075, 11.008178 ], [ -74.822161, 11.008042 ], [ -74.820713, 11.007365 ], [ -74.82075, 11.007327 ], [ -74.821532, 11.005673 ], [ -74.82228, 11.006019 ], [ -74.822716, 11.005131 ], [ -74.823629, 11.003131 ], [ -74.822746, 11.003134 ], [ -74.821398, 11.003089 ], [ -74.820851, 11.003048 ], [ -74.820222, 11.002946 ], [ -74.819727, 11.002826 ], [ -74.819387, 11.00269 ], [ -74.818736, 11.002376 ], [ -74.81799, 11.00394 ], [ -74.817975, 11.003995 ], [ -74.817084, 11.005914 ], [ -74.816755, 11.006579 ], [ -74.81816, 11.007227 ], [ -74.818276, 11.007292 ], [ -74.817294, 11.007771 ], [ -74.817212, 11.007819 ], [ -74.817154, 11.007879 ] ] ] } },
{ "type": "Feature", "properties": { "zona_id": 101, "nombre": "Santa Mónica", "area_m2": 100562.81, "area_valida_m2": 100493.28, "cobertura_pct": 99.93, "ndvi_medio": 0.311, "pct_vegetacion": 41.74, "pct_vegetacion_densa": 11.1, "pct_vegetacion_rala": 30.65, "pct_impermeable": 58.16, "pct_agua": 0.1, "pct_sombra": null, "temp_superficie_c": 40.34, "m2_vegetacion": 41950.86, "m2_impermeable": 58445.76, "rank_menos_vegetacion": 126, "rank_mas_impermeable": 128 }, "geometry": { "type": "Polygon", "coordinates": [ [ [ -74.819965, 11.011018 ], [ -74.820633, 11.011496 ], [ -74.820877, 11.011634 ], [ -74.821219, 11.011749 ], [ -74.822059, 11.012229 ], [ -74.822502, 11.011616 ], [ -74.822778, 11.011034 ], [ -74.82285, 11.010938 ], [ -74.822911, 11.010824 ], [ -74.823854, 11.008836 ], [ -74.822161, 11.008042 ], [ -74.822075, 11.008178 ], [ -74.821566, 11.008836 ], [ -74.821061, 11.009548 ], [ -74.819965, 11.011018 ] ] ] } },
{ "type": "Feature", "properties": { "zona_id": 102, "nombre": "Riomar", "area_m2": 419966.24, "area_valida_m2": 419918.4, "cobertura_pct": 99.99, "ndvi_medio": 0.271, "pct_vegetacion": 37.79, "pct_vegetacion_densa": 6.22, "pct_vegetacion_rala": 31.57, "pct_impermeable": 61.39, "pct_agua": 0.82, "pct_sombra": null, "temp_superficie_c": 39.55, "m2_vegetacion": 158687.28, "m2_impermeable": 257783.25, "rank_menos_vegetacion": 101, "rank_mas_impermeable": 104 }, "geometry": { "type": "Polygon", "coordinates": [ [ [ -74.813078, 11.012959 ], [ -74.813552, 11.013159 ], [ -74.814076, 11.013419 ], [ -74.814283, 11.013537 ], [ -74.814476, 11.013666 ], [ -74.815088, 11.014121 ], [ -74.816219, 11.01281 ], [ -74.816422, 11.013134 ], [ -74.816658, 11.013403 ], [ -74.816944, 11.013617 ], [ -74.81769, 11.014056 ], [ -74.817735, 11.014011 ], [ -74.817816, 11.013847 ], [ -74.817961, 11.013618 ], [ -74.818207, 11.013337 ], [ -74.818661, 11.012778 ], [ -74.819965, 11.011018 ], [ -74.819071, 11.010402 ], [ -74.818956, 11.010236 ], [ -74.81819, 11.008876 ], [ -74.817154, 11.007879 ], [ -74.816995, 11.008028 ], [ -74.816429, 11.008505 ], [ -74.815518, 11.009671 ], [ -74.815151, 11.010176 ], [ -74.813256, 11.00931 ], [ -74.813955, 11.008754 ], [ -74.813829, 11.008686 ], [ -74.812117, 11.007918 ], [ -74.811823, 11.008395 ], [ -74.811717, 11.00864 ], [ -74.811466, 11.009352 ], [ -74.810971, 11.010999 ], [ -74.810905, 11.011083 ], [ -74.81027, 11.011743 ], [ -74.810644, 11.011836 ], [ -74.810786, 11.011893 ], [ -74.813039, 11.01301 ], [ -74.813078, 11.012959 ] ] ] } },
{ "type": "Feature", "properties": { "zona_id": 103, "nombre": "Villa del Este", "area_m2": 62634.72, "area_valida_m2": 62573.76, "cobertura_pct": 99.9, "ndvi_medio": 0.233, "pct_vegetacion": 26.1, "pct_vegetacion_densa": 3.61, "pct_vegetacion_rala": 22.49, "pct_impermeable": 73.07, "pct_agua": 0.83, "pct_sombra": null, "temp_superficie_c": 40.39, "m2_vegetacion": 16334.14, "m2_impermeable": 45720.85, "rank_menos_vegetacion": 43, "rank_mas_impermeable": 43 }, "geometry": { "type": "Polygon", "coordinates": [ [ [ -74.812448, 11.013782 ], [ -74.811295, 11.015526 ], [ -74.811262, 11.015353 ], [ -74.811045, 11.014588 ], [ -74.810969, 11.014423 ], [ -74.81057, 11.013839 ], [ -74.810003, 11.013107 ], [ -74.810291, 11.012496 ], [ -74.810463, 11.012265 ], [ -74.810786, 11.011893 ], [ -74.813039, 11.01301 ], [ -74.812448, 11.013782 ] ] ] } },
{ "type": "Feature", "properties": { "zona_id": 104, "nombre": "Villa Santos ", "area_m2": 657263.33, "area_valida_m2": 657250.56, "cobertura_pct": 100.0, "ndvi_medio": 0.32, "pct_vegetacion": 42.86, "pct_vegetacion_densa": 12.0, "pct_vegetacion_rala": 30.86, "pct_impermeable": 57.11, "pct_agua": 0.04, "pct_sombra": null, "temp_superficie_c": 39.57, "m2_vegetacion": 281680.52, "m2_impermeable": 375330.51, "rank_menos_vegetacion": 130, "rank_mas_impermeable": 130 }, "geometry": { "type": "Polygon", "coordinates": [ [ [ -74.832046, 11.011908 ], [ -74.83258, 11.012169 ], [ -74.832927, 11.012375 ], [ -74.83694, 11.015017 ], [ -74.837365, 11.015218 ], [ -74.838551, 11.015715 ], [ -74.839263, 11.013985 ], [ -74.839491, 11.013325 ], [ -74.840228, 11.011489 ], [ -74.831731, 11.006934 ], [ -74.830207, 11.006146 ], [ -74.829971, 11.006041 ], [ -74.828552, 11.008723 ], [ -74.828181, 11.009389 ], [ -74.827506, 11.010525 ], [ -74.828634, 11.011066 ], [ -74.82892, 11.011188 ], [ -74.82936, 11.011324 ], [ -74.830001, 11.011438 ], [ -74.830717, 11.011517 ], [ -74.831152, 11.011601 ], [ -74.831661, 11.011757 ], [ -74.832046, 11.011908 ] ] ] } },
{ "type": "Feature", "properties": { "zona_id": 105, "nombre": "Solaire Norte", "area_m2": 56650.95, "area_valida_m2": 56613.6, "cobertura_pct": 99.93, "ndvi_medio": 0.285, "pct_vegetacion": 36.65, "pct_vegetacion_densa": 5.42, "pct_vegetacion_rala": 31.23, "pct_impermeable": 62.93, "pct_agua": 0.42, "pct_sombra": null, "temp_superficie_c": 41.83, "m2_vegetacion": 20747.91, "m2_impermeable": 35626.55, "rank_menos_vegetacion": 89, "rank_mas_impermeable": 91 }, "geometry": { "type": "Polygon", "coordinates": [ [ [ -74.810003, 11.013107 ], [ -74.809917, 11.013304 ], [ -74.809592, 11.013934 ], [ -74.808909, 11.015127 ], [ -74.808693, 11.015733 ], [ -74.811011, 11.016303 ], [ -74.811124, 11.015918 ], [ -74.811295, 11.015526 ], [ -74.811262, 11.015353 ], [ -74.811045, 11.014588 ], [ -74.810969, 11.014423 ], [ -74.810746, 11.014087 ], [ -74.810003, 11.013107 ] ] ] } },
{ "type": "Feature", "properties": { "zona_id": 106, "nombre": "Andalucía", "area_m2": 280954.06, "area_valida_m2": 280988.64, "cobertura_pct": 100.0, "ndvi_medio": 0.284, "pct_vegetacion": 38.36, "pct_vegetacion_densa": 7.02, "pct_vegetacion_rala": 31.34, "pct_impermeable": 61.3, "pct_agua": 0.34, "pct_sombra": null, "temp_superficie_c": 40.21, "m2_vegetacion": 107778.95, "m2_impermeable": 172257.61, "rank_menos_vegetacion": 106, "rank_mas_impermeable": 109 }, "geometry": { "type": "Polygon", "coordinates": [ [ [ -74.813409, 11.017737 ], [ -74.813791, 11.017914 ], [ -74.814568, 11.018207 ], [ -74.814698, 11.018223 ], [ -74.814914, 11.018206 ], [ -74.815685, 11.018202 ], [ -74.816685, 11.016243 ], [ -74.816824, 11.016018 ], [ -74.816994, 11.015843 ], [ -74.817145, 11.015732 ], [ -74.817341, 11.015626 ], [ -74.817202, 11.01537 ], [ -74.817077, 11.015257 ], [ -74.816963, 11.015196 ], [ -74.817314, 11.014681 ], [ -74.81769, 11.014056 ], [ -74.816944, 11.013617 ], [ -74.816658, 11.013403 ], [ -74.816422, 11.013134 ], [ -74.816219, 11.01281 ], [ -74.815088, 11.014121 ], [ -74.814476, 11.013666 ], [ -74.814283, 11.013537 ], [ -74.814076, 11.013419 ], [ -74.813552, 11.013159 ], [ -74.813078, 11.012959 ], [ -74.812448, 11.013782 ], [ -74.811295, 11.015526 ], [ -74.811124, 11.015918 ], [ -74.810858, 11.016882 ], [ -74.811797, 11.017936 ], [ -74.812889, 11.016661 ], [ -74.813176, 11.017368 ], [ -74.813329, 11.017659 ], [ -74.813409, 11.017737 ] ] ] } },
{ "type": "Feature", "properties": { "zona_id": 107, "nombre": "Altos de Riomar", "area_m2": 533334.41, "area_valida_m2": 533488.32, "cobertura_pct": 100.0, "ndvi_medio": 0.249, "pct_vegetacion": 31.28, "pct_vegetacion_densa": 3.99, "pct_vegetacion_rala": 27.28, "pct_impermeable": 68.3, "pct_agua": 0.42, "pct_sombra": null, "temp_superficie_c": 39.57, "m2_vegetacion": 166860.83, "m2_impermeable": 364367.88, "rank_menos_vegetacion": 66, "rank_mas_impermeable": 61 }, "geometry": { "type": "Polygon", "coordinates": [ [ [ -74.815685, 11.018202 ], [ -74.815994, 11.018225 ], [ -74.817214, 11.018252 ], [ -74.817411, 11.018292 ], [ -74.817529, 11.01834 ], [ -74.817679, 11.018429 ], [ -74.818351, 11.019041 ], [ -74.818581, 11.019218 ], [ -74.819958, 11.019824 ], [ -74.820133, 11.019881 ], [ -74.820521, 11.018757 ], [ -74.820558, 11.018683 ], [ -74.820626, 11.018444 ], [ -74.820685, 11.018324 ], [ -74.82136, 11.017515 ], [ -74.823338, 11.015044 ], [ -74.824324, 11.013843 ], [ -74.824714, 11.013223 ], [ -74.823724, 11.01287 ], [ -74.82332, 11.012642 ], [ -74.823522, 11.0123 ], [ -74.824075, 11.011444 ], [ -74.824249, 11.011144 ], [ -74.824964, 11.010027 ], [ -74.825197, 11.009613 ], [ -74.825226, 11.009471 ], [ -74.825074, 11.00939 ], [ -74.823854, 11.008836 ], [ -74.822911, 11.010824 ], [ -74.82285, 11.010938 ], [ -74.822778, 11.011034 ], [ -74.822502, 11.011616 ], [ -74.822059, 11.012229 ], [ -74.821219, 11.011749 ], [ -74.820877, 11.011634 ], [ -74.820633, 11.011496 ], [ -74.819965, 11.011018 ], [ -74.818661, 11.012778 ], [ -74.818207, 11.013337 ], [ -74.818059, 11.013493 ], [ -74.817899, 11.013703 ], [ -74.817735, 11.014011 ], [ -74.817654, 11.014105 ], [ -74.817314, 11.014681 ], [ -74.816963, 11.015196 ], [ -74.817077, 11.015257 ], [ -74.817202, 11.01537 ], [ -74.817341, 11.015626 ], [ -74.817145, 11.015732 ], [ -74.816994, 11.015843 ], [ -74.816824, 11.016018 ], [ -74.816685, 11.016243 ], [ -74.815685, 11.018202 ] ] ] } },
{ "type": "Feature", "properties": { "zona_id": 108, "nombre": "Altos del limón", "area_m2": 326441.95, "area_valida_m2": 326396.16, "cobertura_pct": 99.99, "ndvi_medio": 0.2, "pct_vegetacion": 17.75, "pct_vegetacion_densa": 1.73, "pct_vegetacion_rala": 16.02, "pct_impermeable": 81.99, "pct_agua": 0.26, "pct_sombra": null, "temp_superficie_c": 39.85, "m2_vegetacion": 57943.13, "m2_impermeable": 267618.09, "rank_menos_vegetacion": 12, "rank_mas_impermeable": 10 }, "geometry": { "type": "Polygon", "coordinates": [ [ [ -74.820133, 11.019881 ], [ -74.82026, 11.019874 ], [ -74.820587, 11.019808 ], [ -74.820712, 11.019807 ], [ -74.821484, 11.019966 ], [ -74.821637, 11.019819 ], [ -74.822026, 11.019386 ], [ -74.824248, 11.017048 ], [ -74.824416, 11.016855 ], [ -74.824666, 11.016536 ], [ -74.825254, 11.015719 ], [ -74.826358, 11.014145 ], [ -74.826528, 11.013879 ], [ -74.826787, 11.013527 ], [ -74.828275, 11.011393 ], [ -74.82855, 11.011025 ], [ -74.826852, 11.01021 ], [ -74.825226, 11.009471 ], [ -74.825197, 11.009613 ], [ -74.824964, 11.010027 ], [ -74.824249, 11.011144 ], [ -74.824075, 11.011444 ], [ -74.823522, 11.0123 ], [ -74.82332, 11.012642 ], [ -74.823724, 11.01287 ], [ -74.824714, 11.013223 ], [ -74.824324, 11.013843 ], [ -74.823338, 11.015044 ], [ -74.82136, 11.017515 ], [ -74.820685, 11.018324 ], [ -74.820626, 11.018444 ], [ -74.820558, 11.018683 ], [ -74.820521, 11.018757 ], [ -74.820133, 11.019881 ] ] ] } },
{ "type": "Feature", "properties": { "zona_id": 109, "nombre": "Buenavista", "area_m2": 398036.74, "area_valida_m2": 397945.44, "cobertura_pct": 99.98, "ndvi_medio": 0.281, "pct_vegetacion": 38.84, "pct_vegetacion_densa": 9.22, "pct_vegetacion_rala": 29.62, "pct_impermeable": 60.98, "pct_agua": 0.18, "pct_sombra": null, "temp_superficie_c": 39.97, "m2_vegetacion": 154561.17, "m2_impermeable": 242671.93, "rank_menos_vegetacion": 112, "rank_mas_impermeable": 112 }, "geometry": { "type": "Polygon", "coordinates": [ [ [ -74.821484, 11.019966 ], [ -74.822888, 11.020278 ], [ -74.823661, 11.020642 ], [ -74.824101, 11.020139 ], [ -74.824463, 11.019679 ], [ -74.824782, 11.019205 ], [ -74.825122, 11.018641 ], [ -74.825409, 11.018077 ], [ -74.825967, 11.016895 ], [ -74.826449, 11.017044 ], [ -74.826755, 11.017085 ], [ -74.827068, 11.017086 ], [ -74.827404, 11.017024 ], [ -74.827638, 11.016946 ], [ -74.827828, 11.016852 ], [ -74.828014, 11.016728 ], [ -74.828172, 11.0166 ], [ -74.828362, 11.016397 ], [ -74.828502, 11.016214 ], [ -74.82899, 11.016447 ], [ -74.829156, 11.016496 ], [ -74.829327, 11.01652 ], [ -74.829477, 11.016509 ], [ -74.830197, 11.016413 ], [ -74.830383, 11.016447 ], [ -74.830546, 11.016524 ], [ -74.83058, 11.016528 ], [ -74.830629, 11.015006 ], [ -74.832046, 11.011908 ], [ -74.831661, 11.011757 ], [ -74.831152, 11.011601 ], [ -74.830717, 11.011517 ], [ -74.830001, 11.011438 ], [ -74.82936, 11.011324 ], [ -74.82892, 11.011188 ], [ -74.82855, 11.011025 ], [ -74.828275, 11.011393 ], [ -74.826787, 11.013527 ], [ -74.826528, 11.013879 ], [ -74.826358, 11.014145 ], [ -74.825254, 11.015719 ], [ -74.824666, 11.016536 ], [ -74.824416, 11.016855 ], [ -74.824248, 11.017048 ], [ -74.822026, 11.019386 ], [ -74.821637, 11.019819 ], [ -74.821484, 11.019966 ] ] ] } },
{ "type": "Feature", "properties": { "zona_id": 110, "nombre": "El Limoncito", "area_m2": 151744.23, "area_valida_m2": 151764.48, "cobertura_pct": 100.0, "ndvi_medio": 0.278, "pct_vegetacion": 32.21, "pct_vegetacion_densa": 6.28, "pct_vegetacion_rala": 25.93, "pct_impermeable": 67.57, "pct_agua": 0.22, "pct_sombra": null, "temp_superficie_c": 41.45, "m2_vegetacion": 48885.14, "m2_impermeable": 102543.84, "rank_menos_vegetacion": 72, "rank_mas_impermeable": 69 }, "geometry": { "type": "Polygon", "coordinates": [ [ [ -74.809971, 11.021094 ], [ -74.811328, 11.022232 ], [ -74.81214, 11.020346 ], [ -74.813409, 11.017737 ], [ -74.813329, 11.017659 ], [ -74.813176, 11.017368 ], [ -74.812889, 11.016661 ], [ -74.811797, 11.017936 ], [ -74.810858, 11.016882 ], [ -74.81075, 11.017304 ], [ -74.810721, 11.017369 ], [ -74.809667, 11.018799 ], [ -74.809351, 11.019172 ], [ -74.809237, 11.019284 ], [ -74.808996, 11.019465 ], [ -74.808603, 11.019686 ], [ -74.80901, 11.020121 ], [ -74.809971, 11.021094 ] ] ] } },
{ "type": "Feature", "properties": { "zona_id": 111, "nombre": "Las Tres Avemarías", "area_m2": 140840.72, "area_valida_m2": 140839.2, "cobertura_pct": 100.0, "ndvi_medio": 0.268, "pct_vegetacion": 31.51, "pct_vegetacion_densa": 4.65, "pct_vegetacion_rala": 26.87, "pct_impermeable": 68.47, "pct_agua": 0.01, "pct_sombra": null, "temp_superficie_c": 42.53, "m2_vegetacion": 44385.33, "m2_impermeable": 96437.88, "rank_menos_vegetacion": 67, "rank_mas_impermeable": 60 }, "geometry": { "type": "Polygon", "coordinates": [ [ [ -74.805066, 11.020964 ], [ -74.805571, 11.021513 ], [ -74.806107, 11.022001 ], [ -74.806152, 11.022017 ], [ -74.806633, 11.022485 ], [ -74.806713, 11.022624 ], [ -74.806735, 11.022774 ], [ -74.806757, 11.022822 ], [ -74.807216, 11.02336 ], [ -74.808054, 11.022633 ], [ -74.807902, 11.022388 ], [ -74.808867, 11.021761 ], [ -74.808952, 11.021779 ], [ -74.809886, 11.02213 ], [ -74.81005, 11.021668 ], [ -74.810296, 11.021363 ], [ -74.809971, 11.021094 ], [ -74.80901, 11.020121 ], [ -74.808603, 11.019686 ], [ -74.808996, 11.019465 ], [ -74.809237, 11.019284 ], [ -74.808051, 11.018973 ], [ -74.808026, 11.01904 ], [ -74.807974, 11.019079 ], [ -74.807527, 11.018952 ], [ -74.806935, 11.019593 ], [ -74.806474, 11.01999 ], [ -74.806106, 11.020284 ], [ -74.805842, 11.019894 ], [ -74.80525, 11.020782 ], [ -74.805066, 11.020964 ] ] ] } },
{ "type": "Feature", "properties": { "zona_id": 112, "nombre": "La Floresta", "area_m2": 65514.97, "area_valida_m2": 65581.92, "cobertura_pct": 100.0, "ndvi_medio": 0.211, "pct_vegetacion": 15.81, "pct_vegetacion_densa": 0.98, "pct_vegetacion_rala": 14.83, "pct_impermeable": 84.18, "pct_agua": 0.01, "pct_sombra": null, "temp_superficie_c": 42.77, "m2_vegetacion": 10367.42, "m2_impermeable": 55204.76, "rank_menos_vegetacion": 8, "rank_mas_impermeable": 5 }, "geometry": { "type": "Polygon", "coordinates": [ [ [ -74.807648, 11.022985 ], [ -74.808802, 11.023411 ], [ -74.808407, 11.023926 ], [ -74.808919, 11.024237 ], [ -74.808981, 11.024224 ], [ -74.809282, 11.024368 ], [ -74.8093, 11.024274 ], [ -74.809517, 11.024011 ], [ -74.809517, 11.023981 ], [ -74.810028, 11.023462 ], [ -74.810428, 11.023164 ], [ -74.810882, 11.022878 ], [ -74.810974, 11.02306 ], [ -74.811114, 11.023045 ], [ -74.811222, 11.022432 ], [ -74.811328, 11.022232 ], [ -74.810296, 11.021363 ], [ -74.81005, 11.021668 ], [ -74.809886, 11.02213 ], [ -74.808952, 11.021779 ], [ -74.808867, 11.021761 ], [ -74.807902, 11.022388 ], [ -74.808054, 11.022633 ], [ -74.807648, 11.022985 ] ] ] } },
{ "type": "Feature", "properties": { "zona_id": 113, "nombre": "Villa Carolina", "area_m2": 765845.11, "area_valida_m2": 765820.8, "cobertura_pct": 100.0, "ndvi_medio": 0.327, "pct_vegetacion": 46.95, "pct_vegetacion_densa": 14.33, "pct_vegetacion_rala": 32.62, "pct_impermeable": 52.63, "pct_agua": 0.41, "pct_sombra": null, "temp_superficie_c": 39.05, "m2_vegetacion": 359590.35, "m2_impermeable": 403076.86, "rank_menos_vegetacion": 146, "rank_mas_impermeable": 145 }, "geometry": { "type": "Polygon", "coordinates": [ [ [ -74.8093, 11.024274 ], [ -74.810797, 11.025902 ], [ -74.810898, 11.024509 ], [ -74.811433, 11.024584 ], [ -74.811928, 11.02487 ], [ -74.812731, 11.024648 ], [ -74.813283, 11.024523 ], [ -74.814655, 11.026291 ], [ -74.815107, 11.026809 ], [ -74.815892, 11.027806 ], [ -74.816025, 11.027716 ], [ -74.816239, 11.027622 ], [ -74.816998, 11.027424 ], [ -74.81711, 11.027369 ], [ -74.817208, 11.027294 ], [ -74.8173, 11.027163 ], [ -74.818905, 11.024289 ], [ -74.819826, 11.02255 ], [ -74.820981, 11.020553 ], [ -74.821321, 11.020121 ], [ -74.821484, 11.019966 ], [ -74.820712, 11.019807 ], [ -74.820501, 11.019819 ], [ -74.820191, 11.019882 ], [ -74.820044, 11.01986 ], [ -74.818581, 11.019218 ], [ -74.818351, 11.019041 ], [ -74.817679, 11.018429 ], [ -74.817529, 11.01834 ], [ -74.817411, 11.018292 ], [ -74.817214, 11.018252 ], [ -74.815994, 11.018225 ], [ -74.815685, 11.018202 ], [ -74.815177, 11.018201 ], [ -74.814635, 11.01822 ], [ -74.814404, 11.018153 ], [ -74.813791, 11.017914 ], [ -74.813409, 11.017737 ], [ -74.81214, 11.020346 ], [ -74.811328, 11.022232 ], [ -74.811222, 11.022432 ], [ -74.811114, 11.023045 ], [ -74.810974, 11.02306 ], [ -74.810882, 11.022878 ], [ -74.810428, 11.023164 ], [ -74.810028, 11.023462 ], [ -74.809517, 11.023981 ], [ -74.809517, 11.024011 ], [ -74.8093, 11.024274 ] ] ] } },
{ "type": "Feature", "properties": { "zona_id": 114, "nombre": "Palmas del Río", "area_m2": 228009.31, "area_valida_m2": 227901.6, "cobertura_pct": 99.95, "ndvi_medio": 0.423, "pct_vegetacion": 59.77, "pct_vegetacion_densa": 34.31, "pct_vegetacion_rala": 25.46, "pct_impermeable": 40.06, "pct_agua": 0.17, "pct_sombra": null, "temp_superficie_c": 37.59, "m2_vegetacion": 136217.72, "m2_impermeable": 91296.71, "rank_menos_vegetacion": 172, "rank_mas_impermeable": 173 }, "geometry": { "type": "Polygon", "coordinates": [ [ [ -74.823661, 11.020641 ], [ -74.826209, 11.021983 ], [ -74.826492, 11.021799 ], [ -74.82667, 11.021661 ], [ -74.826917, 11.021432 ], [ -74.827069, 11.021266 ], [ -74.827208, 11.021091 ], [ -74.827393, 11.02081 ], [ -74.827549, 11.020513 ], [ -74.827672, 11.020201 ], [ -74.828026, 11.01978 ], [ -74.828394, 11.019371 ], [ -74.828777, 11.018976 ], [ -74.829174, 11.018594 ], [ -74.829576, 11.018247 ], [ -74.829862, 11.018038 ], [ -74.830021, 11.017862 ], [ -74.830203, 11.017605 ], [ -74.830378, 11.017254 ], [ -74.830492, 11.016878 ], [ -74.830544, 11.016524 ], [ -74.830383, 11.016447 ], [ -74.830197, 11.016413 ], [ -74.829477, 11.016509 ], [ -74.829327, 11.01652 ], [ -74.829156, 11.016496 ], [ -74.82899, 11.016447 ], [ -74.828502, 11.016214 ], [ -74.828362, 11.016397 ], [ -74.828172, 11.0166 ], [ -74.828014, 11.016728 ], [ -74.827828, 11.016852 ], [ -74.827638, 11.016946 ], [ -74.827404, 11.017024 ], [ -74.827068, 11.017086 ], [ -74.826755, 11.017085 ], [ -74.826449, 11.017044 ], [ -74.825967, 11.016895 ], [ -74.825409, 11.018077 ], [ -74.825122, 11.018641 ], [ -74.824782, 11.019205 ], [ -74.824463, 11.019679 ], [ -74.824101, 11.020139 ], [ -74.823661, 11.020641 ] ] ] } },
{ "type": "Feature", "properties": { "zona_id": 115, "nombre": "Urbanización Altos del Parque", "area_m2": 2132779.79, "area_valida_m2": 2132835.84, "cobertura_pct": 100.0, "ndvi_medio": 0.517, "pct_vegetacion": 73.71, "pct_vegetacion_densa": 55.09, "pct_vegetacion_rala": 18.62, "pct_impermeable": 26.27, "pct_agua": 0.02, "pct_sombra": null, "temp_superficie_c": 37.01, "m2_vegetacion": 1572145.68, "m2_impermeable": 560327.14, "rank_menos_vegetacion": 184, "rank_mas_impermeable": 184 }, "geometry": { "type": "Polygon", "coordinates": [ [ [ -74.820981, 11.020553 ], [ -74.819826, 11.02255 ], [ -74.819197, 11.023747 ], [ -74.818514, 11.024978 ], [ -74.818279, 11.025428 ], [ -74.81725, 11.027249 ], [ -74.817161, 11.027334 ], [ -74.816998, 11.027424 ], [ -74.816239, 11.027622 ], [ -74.816025, 11.027716 ], [ -74.815892, 11.027806 ], [ -74.816186, 11.028179 ], [ -74.81788, 11.02898 ], [ -74.818267, 11.029139 ], [ -74.818678, 11.02929 ], [ -74.819041, 11.0294 ], [ -74.819411, 11.029487 ], [ -74.820108, 11.029635 ], [ -74.822991, 11.030128 ], [ -74.827423, 11.030655 ], [ -74.827762, 11.030709 ], [ -74.828057, 11.030822 ], [ -74.828619, 11.031173 ], [ -74.829015, 11.031441 ], [ -74.829786, 11.031916 ], [ -74.831164, 11.032673 ], [ -74.831641, 11.031973 ], [ -74.831913, 11.031534 ], [ -74.832256, 11.030847 ], [ -74.832693, 11.03002 ], [ -74.833054, 11.029266 ], [ -74.833567, 11.028037 ], [ -74.834965, 11.024514 ], [ -74.835881, 11.022318 ], [ -74.836227, 11.021421 ], [ -74.836639, 11.020486 ], [ -74.830655, 11.016512 ], [ -74.830593, 11.016528 ], [ -74.830544, 11.016524 ], [ -74.830492, 11.016878 ], [ -74.830378, 11.017254 ], [ -74.830203, 11.017605 ], [ -74.830021, 11.017862 ], [ -74.829862, 11.018038 ], [ -74.829576, 11.018247 ], [ -74.829174, 11.018594 ], [ -74.828777, 11.018976 ], [ -74.828394, 11.019371 ], [ -74.828026, 11.01978 ], [ -74.827672, 11.020201 ], [ -74.827549, 11.020513 ], [ -74.827393, 11.02081 ], [ -74.827208, 11.021091 ], [ -74.827069, 11.021266 ], [ -74.826917, 11.021432 ], [ -74.82667, 11.021661 ], [ -74.826492, 11.021799 ], [ -74.826209, 11.021983 ], [ -74.823661, 11.020641 ], [ -74.822888, 11.020278 ], [ -74.821484, 11.019966 ], [ -74.821321, 11.020121 ], [ -74.820981, 11.020553 ] ] ] } },
{ "type": "Feature", "properties": { "zona_id": 116, "nombre": "San Marino", "area_m2": 51564.95, "area_valida_m2": 51572.16, "cobertura_pct": 100.0, "ndvi_medio": 0.268, "pct_vegetacion": 35.49, "pct_vegetacion_densa": 4.74, "pct_vegetacion_rala": 30.74, "pct_impermeable": 64.28, "pct_agua": 0.24, "pct_sombra": null, "temp_superficie_c": 40.52, "m2_vegetacion": 18301.47, "m2_impermeable": 33148.93, "rank_menos_vegetacion": 85, "rank_mas_impermeable": 83 }, "geometry": { "type": "Polygon", "coordinates": [ [ [ -74.807216, 11.02336 ], [ -74.806622, 11.025252 ], [ -74.806775, 11.025503 ], [ -74.807179, 11.02536 ], [ -74.807627, 11.025253 ], [ -74.807883, 11.025238 ], [ -74.808267, 11.025262 ], [ -74.809075, 11.025427 ], [ -74.809282, 11.024368 ], [ -74.808981, 11.024224 ], [ -74.808919, 11.024237 ], [ -74.808407, 11.023926 ], [ -74.808802, 11.023411 ], [ -74.807648, 11.022985 ], [ -74.807216, 11.02336 ] ] ] } },
{ "type": "Feature", "properties": { "zona_id": 117, "nombre": "La Cumbre", "area_m2": 222301.31, "area_valida_m2": 222397.92, "cobertura_pct": 100.0, "ndvi_medio": 0.29, "pct_vegetacion": 36.7, "pct_vegetacion_densa": 3.67, "pct_vegetacion_rala": 33.04, "pct_impermeable": 63.29, "pct_agua": 0.01, "pct_sombra": null, "temp_superficie_c": 42.46, "m2_vegetacion": 81624.5, "m2_impermeable": 140754.24, "rank_menos_vegetacion": 91, "rank_mas_impermeable": 88 }, "geometry": { "type": "Polygon", "coordinates": [ [ [ -74.825624, 11.00062 ], [ -74.827295, 11.001412 ], [ -74.828064, 11.001753 ], [ -74.828233, 11.00154 ], [ -74.828378, 11.001395 ], [ -74.828571, 11.00126 ], [ -74.828921, 11.001106 ], [ -74.82905, 11.001013 ], [ -74.829162, 11.00088 ], [ -74.829902, 10.999289 ], [ -74.830195, 10.998568 ], [ -74.830402, 10.997853 ], [ -74.830747, 10.996742 ], [ -74.830611, 10.996688 ], [ -74.82918, 10.995992 ], [ -74.828819, 10.995804 ], [ -74.828439, 10.995629 ], [ -74.827668, 10.99522 ], [ -74.827251, 10.995628 ], [ -74.826979, 10.995942 ], [ -74.826273, 10.996942 ], [ -74.826418, 10.997104 ], [ -74.826945, 10.996891 ], [ -74.827142, 10.996796 ], [ -74.827026, 10.997374 ], [ -74.82702, 10.997518 ], [ -74.827105, 10.997699 ], [ -74.82724, 10.997847 ], [ -74.827352, 10.997922 ], [ -74.827542, 10.997989 ], [ -74.827505, 10.998155 ], [ -74.82745, 10.998277 ], [ -74.827373, 10.998388 ], [ -74.827278, 10.998484 ], [ -74.827095, 10.998618 ], [ -74.826938, 10.998797 ], [ -74.826862, 10.998938 ], [ -74.826729, 10.999323 ], [ -74.826564, 10.999598 ], [ -74.826376, 10.999803 ], [ -74.826013, 11.000066 ], [ -74.825887, 11.000182 ], [ -74.825731, 11.000387 ], [ -74.825624, 11.00062 ] ] ] } },
{ "type": "Feature", "properties": { "zona_id": 118, "nombre": "Urbanización Miramar - El Tabor", "area_m2": 1454842.06, "area_valida_m2": 1454859.36, "cobertura_pct": 100.0, "ndvi_medio": 0.637, "pct_vegetacion": 87.63, "pct_vegetacion_densa": 76.14, "pct_vegetacion_rala": 11.49, "pct_impermeable": 12.37, "pct_agua": 0.0, "pct_sombra": null, "temp_superficie_c": 37.33, "m2_vegetacion": 1274842.89, "m2_impermeable": 180016.47, "rank_menos_vegetacion": 189, "rank_mas_impermeable": 189 }, "geometry": { "type": "Polygon", "coordinates": [ [ [ -74.835939, 10.998667 ], [ -74.836039, 10.998703 ], [ -74.836155, 10.99882 ], [ -74.836238, 10.998864 ], [ -74.836331, 10.998882 ], [ -74.837076, 10.998917 ], [ -74.837158, 10.998964 ], [ -74.837207, 10.999044 ], [ -74.837241, 10.999326 ], [ -74.837312, 11.000472 ], [ -74.837374, 11.000962 ], [ -74.837416, 11.001205 ], [ -74.837993, 11.0038 ], [ -74.838024, 11.004022 ], [ -74.838027, 11.004247 ], [ -74.838001, 11.004469 ], [ -74.837946, 11.004687 ], [ -74.837846, 11.004931 ], [ -74.839484, 11.005843 ], [ -74.839424, 11.00593 ], [ -74.837353, 11.00994 ], [ -74.840152, 11.011447 ], [ -74.840236, 11.011505 ], [ -74.841316, 11.008835 ], [ -74.841393, 11.008596 ], [ -74.841626, 11.007675 ], [ -74.841874, 11.006614 ], [ -74.841959, 11.005944 ], [ -74.841993, 11.00518 ], [ -74.841994, 11.004789 ], [ -74.841964, 11.004253 ], [ -74.841892, 11.003565 ], [ -74.841773, 11.002927 ], [ -74.841531, 11.002142 ], [ -74.841276, 11.001378 ], [ -74.839822, 10.9974 ], [ -74.838972, 10.995145 ], [ -74.837822, 10.992003 ], [ -74.837093, 10.990054 ], [ -74.836851, 10.989335 ], [ -74.836698, 10.989362 ], [ -74.8366, 10.989352 ], [ -74.836546, 10.989326 ], [ -74.836108, 10.989005 ], [ -74.83603, 10.988969 ], [ -74.835841, 10.988931 ], [ -74.835591, 10.988948 ], [ -74.835384, 10.988921 ], [ -74.835261, 10.988881 ], [ -74.835143, 10.988821 ], [ -74.834906, 10.988656 ], [ -74.834701, 10.988542 ], [ -74.834433, 10.988461 ], [ -74.834088, 10.988408 ], [ -74.833883, 10.988415 ], [ -74.833687, 10.988473 ], [ -74.833511, 10.988574 ], [ -74.833266, 10.988786 ], [ -74.833117, 10.988884 ], [ -74.832954, 10.988957 ], [ -74.832781, 10.989005 ], [ -74.832514, 10.989026 ], [ -74.832248, 10.988984 ], [ -74.83208, 10.988923 ], [ -74.831778, 10.988766 ], [ -74.831683, 10.990057 ], [ -74.831415, 10.991062 ], [ -74.831409, 10.991247 ], [ -74.831377, 10.991429 ], [ -74.831321, 10.991605 ], [ -74.83124, 10.991771 ], [ -74.831077, 10.991997 ], [ -74.830871, 10.992184 ], [ -74.830714, 10.992284 ], [ -74.830209, 10.992556 ], [ -74.830102, 10.992419 ], [ -74.829954, 10.992264 ], [ -74.829751, 10.992076 ], [ -74.829514, 10.992495 ], [ -74.829487, 10.992652 ], [ -74.82952, 10.992809 ], [ -74.830521, 10.994858 ], [ -74.830569, 10.995401 ], [ -74.830809, 10.995616 ], [ -74.830642, 10.995904 ], [ -74.830736, 10.996684 ], [ -74.830845, 10.997165 ], [ -74.83087, 10.997196 ], [ -74.830908, 10.997212 ], [ -74.831315, 10.997239 ], [ -74.831471, 10.998285 ], [ -74.831896, 11.000576 ], [ -74.832032, 11.000567 ], [ -74.832137, 11.00053 ], [ -74.833243, 11.000097 ], [ -74.833281, 11.000052 ], [ -74.833307, 10.999962 ], [ -74.833338, 10.999918 ], [ -74.833406, 10.999875 ], [ -74.833516, 10.999853 ], [ -74.833561, 10.999816 ], [ -74.834133, 10.998795 ], [ -74.834204, 10.998734 ], [ -74.834298, 10.998726 ], [ -74.834452, 10.998773 ], [ -74.834588, 10.998791 ], [ -74.835565, 10.998842 ], [ -74.835669, 10.998819 ], [ -74.835834, 10.998685 ], [ -74.835939, 10.998667 ] ] ] } },
{ "type": "Feature", "properties": { "zona_id": 119, "nombre": "Paseo de la Castellana", "area_m2": 439145.03, "area_valida_m2": 439197.12, "cobertura_pct": 100.0, "ndvi_medio": 0.29, "pct_vegetacion": 38.53, "pct_vegetacion_densa": 6.43, "pct_vegetacion_rala": 32.1, "pct_impermeable": 61.33, "pct_agua": 0.15, "pct_sombra": null, "temp_superficie_c": 40.19, "m2_vegetacion": 169208.77, "m2_impermeable": 269340.27, "rank_menos_vegetacion": 107, "rank_mas_impermeable": 108 }, "geometry": { "type": "Polygon", "coordinates": [ [ [ -74.83058, 11.016528 ], [ -74.830655, 11.016512 ], [ -74.836639, 11.020486 ], [ -74.837691, 11.017909 ], [ -74.838551, 11.015715 ], [ -74.837365, 11.015218 ], [ -74.83694, 11.015017 ], [ -74.832927, 11.012375 ], [ -74.83258, 11.012169 ], [ -74.832046, 11.011908 ], [ -74.830629, 11.015006 ], [ -74.83058, 11.016528 ] ] ] } },
{ "type": "Feature", "properties": { "zona_id": 120, "nombre": "Ciudad Jardín", "area_m2": 1154485.24, "area_valida_m2": 1154564.64, "cobertura_pct": 100.0, "ndvi_medio": 0.282, "pct_vegetacion": 34.34, "pct_vegetacion_densa": 5.18, "pct_vegetacion_rala": 29.16, "pct_impermeable": 65.58, "pct_agua": 0.09, "pct_sombra": null, "temp_superficie_c": 42.65, "m2_vegetacion": 396460.88, "m2_impermeable": 757111.53, "rank_menos_vegetacion": 81, "rank_mas_impermeable": 78 }, "geometry": { "type": "Polygon", "coordinates": [ [ [ -74.809325, 10.992876 ], [ -74.81092, 10.993818 ], [ -74.811564, 10.994235 ], [ -74.811926, 10.994406 ], [ -74.812629, 10.994783 ], [ -74.813904, 10.99542 ], [ -74.815535, 10.996327 ], [ -74.817971, 10.997619 ], [ -74.818317, 10.996902 ], [ -74.819035, 10.995219 ], [ -74.819386, 10.995118 ], [ -74.819709, 10.994959 ], [ -74.820697, 10.994247 ], [ -74.821139, 10.993952 ], [ -74.821737, 10.993608 ], [ -74.822518, 10.99321 ], [ -74.822686, 10.993159 ], [ -74.822852, 10.993132 ], [ -74.823149, 10.99313 ], [ -74.823301, 10.993115 ], [ -74.823447, 10.993075 ], [ -74.823624, 10.992988 ], [ -74.823903, 10.99275 ], [ -74.824822, 10.991909 ], [ -74.825361, 10.991572 ], [ -74.825631, 10.991344 ], [ -74.825838, 10.991137 ], [ -74.825983, 10.991025 ], [ -74.826144, 10.990942 ], [ -74.826562, 10.990865 ], [ -74.826786, 10.990893 ], [ -74.826914, 10.990934 ], [ -74.826963, 10.990904 ], [ -74.827295, 10.990199 ], [ -74.826483, 10.989927 ], [ -74.826592, 10.989708 ], [ -74.826676, 10.989479 ], [ -74.82675, 10.989122 ], [ -74.826761, 10.988757 ], [ -74.826733, 10.988515 ], [ -74.826677, 10.988277 ], [ -74.826595, 10.988048 ], [ -74.82671, 10.988021 ], [ -74.826653, 10.987806 ], [ -74.826572, 10.987832 ], [ -74.826466, 10.987566 ], [ -74.826295, 10.987235 ], [ -74.825959, 10.98696 ], [ -74.826067, 10.986664 ], [ -74.826487, 10.986678 ], [ -74.826514, 10.986376 ], [ -74.825508, 10.98635 ], [ -74.824979, 10.986516 ], [ -74.824593, 10.984833 ], [ -74.823429, 10.984921 ], [ -74.82308, 10.985005 ], [ -74.822872, 10.985088 ], [ -74.822151, 10.985526 ], [ -74.820994, 10.986291 ], [ -74.820012, 10.986917 ], [ -74.820658, 10.987795 ], [ -74.821071, 10.9885 ], [ -74.820926, 10.988561 ], [ -74.820826, 10.988583 ], [ -74.820722, 10.988583 ], [ -74.820285, 10.988531 ], [ -74.820227, 10.988869 ], [ -74.819663, 10.98893 ], [ -74.819012, 10.98905 ], [ -74.818301, 10.989251 ], [ -74.817704, 10.989499 ], [ -74.816908, 10.989965 ], [ -74.816707, 10.98975 ], [ -74.815914, 10.990335 ], [ -74.815863, 10.99025 ], [ -74.815772, 10.990296 ], [ -74.81332, 10.991702 ], [ -74.813139, 10.991798 ], [ -74.812978, 10.991849 ], [ -74.81275, 10.991868 ], [ -74.812571, 10.991849 ], [ -74.812332, 10.991792 ], [ -74.811743, 10.991606 ], [ -74.811549, 10.991556 ], [ -74.811375, 10.991538 ], [ -74.811207, 10.991541 ], [ -74.810742, 10.991602 ], [ -74.810325, 10.991709 ], [ -74.809938, 10.991838 ], [ -74.809325, 10.992876 ] ] ] } },
{ "type": "Feature", "properties": { "zona_id": 121, "nombre": "Santa Isabel", "area_m2": 1997693.2, "area_valida_m2": 1997526.24, "cobertura_pct": 99.99, "ndvi_medio": 0.625, "pct_vegetacion": 90.44, "pct_vegetacion_densa": 73.67, "pct_vegetacion_rala": 16.77, "pct_impermeable": 9.56, "pct_agua": 0.0, "pct_sombra": null, "temp_superficie_c": 36.59, "m2_vegetacion": 1806619.32, "m2_impermeable": 190885.27, "rank_menos_vegetacion": 190, "rank_mas_impermeable": 190 }, "geometry": { "type": "Polygon", "coordinates": [ [ [ -74.839284, 11.013932 ], [ -74.842108, 11.012837 ], [ -74.842471, 11.012793 ], [ -74.84499, 11.014156 ], [ -74.845312, 11.014313 ], [ -74.846452, 11.014926 ], [ -74.846514, 11.014974 ], [ -74.846652, 11.015032 ], [ -74.848623, 11.016091 ], [ -74.849027, 11.01629 ], [ -74.849426, 11.016468 ], [ -74.849936, 11.016665 ], [ -74.850446, 11.016831 ], [ -74.850877, 11.016949 ], [ -74.851234, 11.017029 ], [ -74.85178, 11.017129 ], [ -74.852156, 11.017178 ], [ -74.852603, 11.017219 ], [ -74.853096, 11.01724 ], [ -74.85374, 11.017231 ], [ -74.854235, 11.017199 ], [ -74.85648, 11.016918 ], [ -74.856574, 11.01692 ], [ -74.859881, 11.016503 ], [ -74.860235, 11.016768 ], [ -74.865359, 11.016755 ], [ -74.865711, 11.016125 ], [ -74.865974, 11.015731 ], [ -74.866258, 11.015502 ], [ -74.866278, 11.015269 ], [ -74.866385, 11.015129 ], [ -74.866436, 11.01507 ], [ -74.867084, 11.014559 ], [ -74.867434, 11.014247 ], [ -74.867637, 11.014119 ], [ -74.867473, 11.013862 ], [ -74.867074, 11.013109 ], [ -74.866905, 11.012672 ], [ -74.866833, 11.011649 ], [ -74.866589, 11.011289 ], [ -74.866346, 11.011194 ], [ -74.863901, 11.009714 ], [ -74.865413, 11.007659 ], [ -74.863588, 11.006841 ], [ -74.863327, 11.007059 ], [ -74.863049, 11.007225 ], [ -74.861988, 11.00745 ], [ -74.861863, 11.007533 ], [ -74.861599, 11.007636 ], [ -74.861385, 11.007747 ], [ -74.861116, 11.008063 ], [ -74.860684, 11.009053 ], [ -74.860682, 11.009238 ], [ -74.860309, 11.009235 ], [ -74.858554, 11.009694 ], [ -74.857154, 11.010173 ], [ -74.855285, 11.011218 ], [ -74.854501, 11.011375 ], [ -74.85437, 11.011476 ], [ -74.853978, 11.011896 ], [ -74.852323, 11.013526 ], [ -74.851872, 11.014107 ], [ -74.851234, 11.013759 ], [ -74.850621, 11.013397 ], [ -74.851231, 11.012474 ], [ -74.851701, 11.011887 ], [ -74.851071, 11.011339 ], [ -74.85221, 11.010375 ], [ -74.851091, 11.008182 ], [ -74.850802, 11.0084 ], [ -74.850573, 11.008465 ], [ -74.850528, 11.00849 ], [ -74.849544, 11.009271 ], [ -74.848927, 11.009692 ], [ -74.848444, 11.010119 ], [ -74.847618, 11.010724 ], [ -74.846702, 11.011176 ], [ -74.845862, 11.011701 ], [ -74.845438, 11.011925 ], [ -74.84369, 11.009602 ], [ -74.842994, 11.008731 ], [ -74.843697, 11.008551 ], [ -74.844034, 11.008413 ], [ -74.843559, 11.007335 ], [ -74.843426, 11.006898 ], [ -74.843052, 11.005934 ], [ -74.842509, 11.004465 ], [ -74.842383, 11.004164 ], [ -74.841773, 11.002927 ], [ -74.841892, 11.003565 ], [ -74.841964, 11.004253 ], [ -74.841994, 11.004789 ], [ -74.841993, 11.00518 ], [ -74.841959, 11.005944 ], [ -74.841874, 11.006614 ], [ -74.841626, 11.007675 ], [ -74.841393, 11.008596 ], [ -74.841316, 11.008835 ], [ -74.840236, 11.011505 ], [ -74.840224, 11.011498 ], [ -74.840162, 11.011645 ], [ -74.839491, 11.013325 ], [ -74.839284, 11.013932 ] ] ] } },
{ "type": "Feature", "properties": { "zona_id": 122, "nombre": "San Pedro", "area_m2": 61803.34, "area_valida_m2": 61878.24, "cobertura_pct": 100.0, "ndvi_medio": 0.287, "pct_vegetacion": 32.01, "pct_vegetacion_densa": 2.83, "pct_vegetacion_rala": 29.18, "pct_impermeable": 67.99, "pct_agua": 0.0, "pct_sombra": null, "temp_superficie_c": 47.0, "m2_vegetacion": 19807.62, "m2_impermeable": 42070.62, "rank_menos_vegetacion": 70, "rank_mas_impermeable": 65 }, "geometry": { "type": "Polygon", "coordinates": [ [ [ -74.827817, 10.947013 ], [ -74.828298, 10.947183 ], [ -74.828391, 10.947185 ], [ -74.828413, 10.945442 ], [ -74.829393, 10.945441 ], [ -74.829392, 10.94463 ], [ -74.829367, 10.944547 ], [ -74.829152, 10.944154 ], [ -74.828999, 10.94372 ], [ -74.827506, 10.944022 ], [ -74.827358, 10.944405 ], [ -74.827222, 10.944846 ], [ -74.82713, 10.945089 ], [ -74.827044, 10.945391 ], [ -74.827121, 10.945513 ], [ -74.827145, 10.945656 ], [ -74.827066, 10.945945 ], [ -74.827031, 10.946254 ], [ -74.827317, 10.946638 ], [ -74.827411, 10.94681 ], [ -74.827817, 10.947013 ] ] ] } },
{ "type": "Feature", "properties": { "zona_id": 123, "nombre": "Cordialidad", "area_m2": 253478.53, "area_valida_m2": 253559.52, "cobertura_pct": 100.0, "ndvi_medio": 0.343, "pct_vegetacion": 48.42, "pct_vegetacion_densa": 10.3, "pct_vegetacion_rala": 38.12, "pct_impermeable": 51.55, "pct_agua": 0.02, "pct_sombra": null, "temp_superficie_c": 45.63, "m2_vegetacion": 122782.2, "m2_impermeable": 130717.19, "rank_menos_vegetacion": 152, "rank_mas_impermeable": 150 }, "geometry": { "type": "Polygon", "coordinates": [ [ [ -74.828841, 10.9475 ], [ -74.82964, 10.947919 ], [ -74.829907, 10.948173 ], [ -74.830311, 10.948506 ], [ -74.831602, 10.949261 ], [ -74.831657, 10.948949 ], [ -74.831754, 10.948663 ], [ -74.831967, 10.948176 ], [ -74.832221, 10.947694 ], [ -74.832438, 10.947136 ], [ -74.832578, 10.946612 ], [ -74.83278, 10.94607 ], [ -74.832839, 10.945863 ], [ -74.833254, 10.945716 ], [ -74.833362, 10.945705 ], [ -74.833469, 10.945714 ], [ -74.833726, 10.943318 ], [ -74.832316, 10.943197 ], [ -74.832027, 10.943191 ], [ -74.831661, 10.943205 ], [ -74.831343, 10.943244 ], [ -74.831041, 10.943317 ], [ -74.829679, 10.943574 ], [ -74.828999, 10.94372 ], [ -74.829152, 10.944154 ], [ -74.829367, 10.944547 ], [ -74.829392, 10.94463 ], [ -74.829393, 10.945441 ], [ -74.828413, 10.945442 ], [ -74.828384, 10.947465 ], [ -74.828841, 10.9475 ] ] ] } },
{ "type": "Feature", "properties": { "zona_id": 124, "nombre": "California", "area_m2": 86940.11, "area_valida_m2": 86978.88, "cobertura_pct": 100.0, "ndvi_medio": 0.295, "pct_vegetacion": 37.49, "pct_vegetacion_densa": 3.53, "pct_vegetacion_rala": 33.96, "pct_impermeable": 62.51, "pct_agua": 0.0, "pct_sombra": null, "temp_superficie_c": 46.78, "m2_vegetacion": 32609.28, "m2_impermeable": 54369.6, "rank_menos_vegetacion": 99, "rank_mas_impermeable": 95 }, "geometry": { "type": "Polygon", "coordinates": [ [ [ -74.824728, 10.944682 ], [ -74.824962, 10.94544 ], [ -74.8251, 10.945825 ], [ -74.825432, 10.946597 ], [ -74.825732, 10.947238 ], [ -74.826178, 10.948252 ], [ -74.82716, 10.947609 ], [ -74.828002, 10.94708 ], [ -74.827817, 10.947013 ], [ -74.827411, 10.94681 ], [ -74.827317, 10.946638 ], [ -74.827031, 10.946254 ], [ -74.827066, 10.945945 ], [ -74.827145, 10.945656 ], [ -74.827121, 10.945513 ], [ -74.827045, 10.945381 ], [ -74.827358, 10.944405 ], [ -74.827506, 10.944022 ], [ -74.825512, 10.944448 ], [ -74.824728, 10.944682 ] ] ] } },
{ "type": "Feature", "properties": { "zona_id": 125, "nombre": "El Romance", "area_m2": 85394.32, "area_valida_m2": 85376.16, "cobertura_pct": 99.98, "ndvi_medio": 0.277, "pct_vegetacion": 29.67, "pct_vegetacion_densa": 1.6, "pct_vegetacion_rala": 28.07, "pct_impermeable": 70.33, "pct_agua": 0.0, "pct_sombra": null, "temp_superficie_c": 47.0, "m2_vegetacion": 25327.59, "m2_impermeable": 60048.57, "rank_menos_vegetacion": 56, "rank_mas_impermeable": 55 }, "geometry": { "type": "Polygon", "coordinates": [ [ [ -74.824242, 10.94842 ], [ -74.82428, 10.948493 ], [ -74.824314, 10.948514 ], [ -74.824478, 10.948467 ], [ -74.824594, 10.948452 ], [ -74.824766, 10.948468 ], [ -74.824899, 10.948515 ], [ -74.825273, 10.948674 ], [ -74.825655, 10.948916 ], [ -74.825853, 10.949004 ], [ -74.825994, 10.949032 ], [ -74.826302, 10.949057 ], [ -74.826543, 10.949054 ], [ -74.825732, 10.947238 ], [ -74.825432, 10.946597 ], [ -74.8251, 10.945825 ], [ -74.824962, 10.94544 ], [ -74.824728, 10.944682 ], [ -74.823064, 10.945232 ], [ -74.823373, 10.945838 ], [ -74.823494, 10.946159 ], [ -74.823594, 10.946515 ], [ -74.823764, 10.947023 ], [ -74.823927, 10.947329 ], [ -74.824242, 10.94842 ] ] ] } },
{ "type": "Feature", "properties": { "zona_id": 126, "nombre": "Villa Flor", "area_m2": 39007.98, "area_valida_m2": 39015.36, "cobertura_pct": 100.0, "ndvi_medio": 0.277, "pct_vegetacion": 27.48, "pct_vegetacion_densa": 1.76, "pct_vegetacion_rala": 25.72, "pct_impermeable": 72.52, "pct_agua": 0.0, "pct_sombra": null, "temp_superficie_c": 47.12, "m2_vegetacion": 10720.69, "m2_impermeable": 28294.67, "rank_menos_vegetacion": 49, "rank_mas_impermeable": 47 }, "geometry": { "type": "Polygon", "coordinates": [ [ [ -74.826543, 10.949054 ], [ -74.826699, 10.948971 ], [ -74.826863, 10.948913 ], [ -74.827158, 10.948858 ], [ -74.82749, 10.94877 ], [ -74.827752, 10.948597 ], [ -74.828342, 10.948545 ], [ -74.829508, 10.947847 ], [ -74.828841, 10.9475 ], [ -74.828384, 10.947465 ], [ -74.828391, 10.947185 ], [ -74.828298, 10.947183 ], [ -74.828002, 10.94708 ], [ -74.82716, 10.947609 ], [ -74.826178, 10.948252 ], [ -74.826543, 10.949054 ] ] ] } },
{ "type": "Feature", "properties": { "zona_id": 127, "nombre": "La Gloria", "area_m2": 76935.47, "area_valida_m2": 76894.56, "cobertura_pct": 99.95, "ndvi_medio": 0.315, "pct_vegetacion": 41.1, "pct_vegetacion_densa": 5.87, "pct_vegetacion_rala": 35.23, "pct_impermeable": 58.9, "pct_agua": 0.0, "pct_sombra": null, "temp_superficie_c": 46.04, "m2_vegetacion": 31599.96, "m2_impermeable": 45294.6, "rank_menos_vegetacion": 121, "rank_mas_impermeable": 120 }, "geometry": { "type": "Polygon", "coordinates": [ [ [ -74.826545, 10.949054 ], [ -74.826748, 10.949083 ], [ -74.827131, 10.949196 ], [ -74.827989, 10.949611 ], [ -74.828189, 10.949669 ], [ -74.828327, 10.949675 ], [ -74.828462, 10.949657 ], [ -74.829307, 10.949429 ], [ -74.829434, 10.94943 ], [ -74.829552, 10.949458 ], [ -74.829664, 10.949513 ], [ -74.82976, 10.949592 ], [ -74.830429, 10.950592 ], [ -74.830528, 10.950703 ], [ -74.83064, 10.950793 ], [ -74.830782, 10.950861 ], [ -74.83112, 10.950897 ], [ -74.831198, 10.950941 ], [ -74.831256, 10.951015 ], [ -74.831317, 10.950994 ], [ -74.831583, 10.950705 ], [ -74.83148, 10.950574 ], [ -74.831451, 10.950508 ], [ -74.831442, 10.950441 ], [ -74.831602, 10.949261 ], [ -74.830311, 10.948506 ], [ -74.829907, 10.948173 ], [ -74.82964, 10.947919 ], [ -74.829508, 10.947847 ], [ -74.828342, 10.948545 ], [ -74.827752, 10.948597 ], [ -74.82749, 10.94877 ], [ -74.827158, 10.948858 ], [ -74.826863, 10.948913 ], [ -74.826699, 10.948971 ], [ -74.826545, 10.949054 ] ] ] } },
{ "type": "Feature", "properties": { "zona_id": 128, "nombre": "San Pedro Alejandrino", "area_m2": 124058.05, "area_valida_m2": 123986.88, "cobertura_pct": 99.94, "ndvi_medio": 0.263, "pct_vegetacion": 20.39, "pct_vegetacion_densa": 1.16, "pct_vegetacion_rala": 19.22, "pct_impermeable": 79.61, "pct_agua": 0.0, "pct_sombra": null, "temp_superficie_c": 47.46, "m2_vegetacion": 25275.26, "m2_impermeable": 98711.62, "rank_menos_vegetacion": 18, "rank_mas_impermeable": 17 }, "geometry": { "type": "Polygon", "coordinates": [ [ [ -74.831583, 10.950705 ], [ -74.831694, 10.950771 ], [ -74.833534, 10.951482 ], [ -74.834449, 10.951795 ], [ -74.83471, 10.951829 ], [ -74.834007, 10.949431 ], [ -74.833609, 10.947998 ], [ -74.833454, 10.947181 ], [ -74.833423, 10.946875 ], [ -74.833415, 10.9466 ], [ -74.833469, 10.945714 ], [ -74.833362, 10.945705 ], [ -74.833254, 10.945716 ], [ -74.832839, 10.945863 ], [ -74.83278, 10.94607 ], [ -74.832578, 10.946612 ], [ -74.832438, 10.947136 ], [ -74.832221, 10.947694 ], [ -74.831967, 10.948176 ], [ -74.831754, 10.948663 ], [ -74.831657, 10.948949 ], [ -74.831602, 10.949261 ], [ -74.831442, 10.950441 ], [ -74.831451, 10.950508 ], [ -74.83148, 10.950574 ], [ -74.831583, 10.950705 ] ] ] } },
{ "type": "Feature", "properties": { "zona_id": 129, "nombre": "Las Malvinas", "area_m2": 763467.09, "area_valida_m2": 763538.4, "cobertura_pct": 100.0, "ndvi_medio": 0.285, "pct_vegetacion": 34.9, "pct_vegetacion_densa": 3.01, "pct_vegetacion_rala": 31.89, "pct_impermeable": 65.09, "pct_agua": 0.01, "pct_sombra": null, "temp_superficie_c": 45.77, "m2_vegetacion": 266492.98, "m2_impermeable": 496970.41, "rank_menos_vegetacion": 83, "rank_mas_impermeable": 80 }, "geometry": { "type": "Polygon", "coordinates": [ [ [ -74.829563, 10.956803 ], [ -74.830874, 10.956887 ], [ -74.831761, 10.956965 ], [ -74.831872, 10.957001 ], [ -74.831986, 10.957079 ], [ -74.83219, 10.957446 ], [ -74.832453, 10.957428 ], [ -74.833048, 10.957368 ], [ -74.833258, 10.957318 ], [ -74.834078, 10.956978 ], [ -74.834733, 10.956732 ], [ -74.835577, 10.956493 ], [ -74.836068, 10.956334 ], [ -74.835094, 10.952962 ], [ -74.83497, 10.952735 ], [ -74.83471, 10.951829 ], [ -74.834449, 10.951795 ], [ -74.833534, 10.951482 ], [ -74.831694, 10.950771 ], [ -74.831583, 10.950705 ], [ -74.831317, 10.950994 ], [ -74.831256, 10.951015 ], [ -74.831198, 10.950941 ], [ -74.83112, 10.950897 ], [ -74.830871, 10.950878 ], [ -74.83071, 10.950831 ], [ -74.83058, 10.950747 ], [ -74.830429, 10.950592 ], [ -74.829757, 10.94959 ], [ -74.829664, 10.949513 ], [ -74.829551, 10.949457 ], [ -74.829434, 10.94943 ], [ -74.829307, 10.949429 ], [ -74.828462, 10.949657 ], [ -74.828327, 10.949675 ], [ -74.828187, 10.949669 ], [ -74.82799, 10.949612 ], [ -74.827136, 10.949199 ], [ -74.826964, 10.949139 ], [ -74.826744, 10.949083 ], [ -74.826545, 10.949054 ], [ -74.826302, 10.949057 ], [ -74.825994, 10.949032 ], [ -74.825784, 10.94898 ], [ -74.825655, 10.948916 ], [ -74.825273, 10.948674 ], [ -74.825153, 10.948614 ], [ -74.824769, 10.948469 ], [ -74.824652, 10.948452 ], [ -74.824536, 10.948457 ], [ -74.824324, 10.948515 ], [ -74.82428, 10.948493 ], [ -74.824242, 10.94842 ], [ -74.82391, 10.948521 ], [ -74.823909, 10.948598 ], [ -74.824054, 10.949542 ], [ -74.824095, 10.949999 ], [ -74.824148, 10.951585 ], [ -74.824141, 10.951863 ], [ -74.824178, 10.952211 ], [ -74.824154, 10.952217 ], [ -74.824149, 10.952316 ], [ -74.824979, 10.952596 ], [ -74.825964, 10.952749 ], [ -74.826908, 10.952815 ], [ -74.826806, 10.953575 ], [ -74.826797, 10.953825 ], [ -74.826814, 10.953991 ], [ -74.826812, 10.954623 ], [ -74.826797, 10.955128 ], [ -74.826774, 10.955396 ], [ -74.826795, 10.956 ], [ -74.827042, 10.95602 ], [ -74.827275, 10.956012 ], [ -74.827802, 10.95592 ], [ -74.82806, 10.955911 ], [ -74.828235, 10.955937 ], [ -74.829006, 10.956102 ], [ -74.829155, 10.956121 ], [ -74.829483, 10.95612 ], [ -74.829563, 10.956803 ] ] ] } },
{ "type": "Feature", "properties": { "zona_id": 130, "nombre": "El Bosque", "area_m2": 2046928.38, "area_valida_m2": 2046892.32, "cobertura_pct": 100.0, "ndvi_medio": 0.345, "pct_vegetacion": 52.11, "pct_vegetacion_densa": 9.69, "pct_vegetacion_rala": 42.42, "pct_impermeable": 47.89, "pct_agua": 0.0, "pct_sombra": null, "temp_superficie_c": 44.87, "m2_vegetacion": 1066582.41, "m2_impermeable": 980295.02, "rank_menos_vegetacion": 158, "rank_mas_impermeable": 158 }, "geometry": { "type": "Polygon", "coordinates": [ [ [ -74.809447, 10.95711 ], [ -74.810657, 10.957765 ], [ -74.810177, 10.958222 ], [ -74.809899, 10.958532 ], [ -74.809641, 10.958858 ], [ -74.809294, 10.959376 ], [ -74.808974, 10.95997 ], [ -74.809642, 10.960263 ], [ -74.810427, 10.960575 ], [ -74.811002, 10.960883 ], [ -74.811031, 10.960833 ], [ -74.811928, 10.961254 ], [ -74.81247, 10.960505 ], [ -74.813109, 10.960851 ], [ -74.813428, 10.961139 ], [ -74.813527, 10.96118 ], [ -74.813635, 10.96118 ], [ -74.81367, 10.961171 ], [ -74.814284, 10.96045 ], [ -74.814898, 10.960665 ], [ -74.815281, 10.960139 ], [ -74.816341, 10.9609 ], [ -74.816726, 10.96113 ], [ -74.816967, 10.961216 ], [ -74.817037, 10.961001 ], [ -74.817088, 10.960937 ], [ -74.817746, 10.960596 ], [ -74.818134, 10.96034 ], [ -74.818217, 10.960265 ], [ -74.81757, 10.959255 ], [ -74.817176, 10.958709 ], [ -74.817505, 10.95843 ], [ -74.817222, 10.958053 ], [ -74.817128, 10.957665 ], [ -74.817013, 10.957063 ], [ -74.817255, 10.957017 ], [ -74.818158, 10.956422 ], [ -74.819076, 10.955792 ], [ -74.819696, 10.955932 ], [ -74.821299, 10.956012 ], [ -74.822484, 10.956028 ], [ -74.823509, 10.956092 ], [ -74.824336, 10.956078 ], [ -74.825618, 10.956082 ], [ -74.826024, 10.95607 ], [ -74.82637, 10.956045 ], [ -74.826669, 10.955997 ], [ -74.826795, 10.956 ], [ -74.826774, 10.955396 ], [ -74.826797, 10.955128 ], [ -74.826812, 10.954623 ], [ -74.826814, 10.953991 ], [ -74.826797, 10.953825 ], [ -74.826806, 10.953575 ], [ -74.826908, 10.952815 ], [ -74.825964, 10.952749 ], [ -74.824979, 10.952596 ], [ -74.824149, 10.952316 ], [ -74.824154, 10.952217 ], [ -74.824178, 10.952211 ], [ -74.824141, 10.951863 ], [ -74.824148, 10.951585 ], [ -74.824095, 10.949999 ], [ -74.824054, 10.949542 ], [ -74.823909, 10.948598 ], [ -74.82391, 10.948521 ], [ -74.824242, 10.94842 ], [ -74.823927, 10.947329 ], [ -74.823764, 10.947023 ], [ -74.823594, 10.946515 ], [ -74.823494, 10.946159 ], [ -74.823373, 10.945838 ], [ -74.823064, 10.945232 ], [ -74.821778, 10.945681 ], [ -74.816181, 10.947557 ], [ -74.815242, 10.947888 ], [ -74.814509, 10.948214 ], [ -74.813891, 10.948548 ], [ -74.813458, 10.948848 ], [ -74.812978, 10.94923 ], [ -74.812598, 10.949576 ], [ -74.811354, 10.950859 ], [ -74.810835, 10.951369 ], [ -74.807701, 10.9546 ], [ -74.807783, 10.954666 ], [ -74.807903, 10.954851 ], [ -74.808551, 10.955971 ], [ -74.808949, 10.956588 ], [ -74.809164, 10.956855 ], [ -74.809378, 10.957061 ], [ -74.809447, 10.95711 ] ] ] } },
{ "type": "Feature", "properties": { "zona_id": 131, "nombre": "7 de agosto", "area_m2": 132967.62, "area_valida_m2": 132914.88, "cobertura_pct": 99.96, "ndvi_medio": 0.304, "pct_vegetacion": 38.94, "pct_vegetacion_densa": 4.68, "pct_vegetacion_rala": 34.26, "pct_impermeable": 61.06, "pct_agua": 0.0, "pct_sombra": null, "temp_superficie_c": 45.67, "m2_vegetacion": 51753.98, "m2_impermeable": 81160.9, "rank_menos_vegetacion": 113, "rank_mas_impermeable": 111 }, "geometry": { "type": "Polygon", "coordinates": [ [ [ -74.82837, 10.962083 ], [ -74.82943, 10.962108 ], [ -74.829587, 10.962093 ], [ -74.829803, 10.962045 ], [ -74.830088, 10.962314 ], [ -74.830238, 10.962507 ], [ -74.830344, 10.962727 ], [ -74.831077, 10.96222 ], [ -74.831322, 10.962113 ], [ -74.83154, 10.962066 ], [ -74.83244, 10.962057 ], [ -74.832707, 10.962029 ], [ -74.833081, 10.962123 ], [ -74.833491, 10.961088 ], [ -74.833574, 10.960793 ], [ -74.833049, 10.960328 ], [ -74.833019, 10.960282 ], [ -74.832913, 10.960231 ], [ -74.831512, 10.959821 ], [ -74.831345, 10.959788 ], [ -74.831181, 10.959798 ], [ -74.830254, 10.959981 ], [ -74.830172, 10.960024 ], [ -74.829827, 10.960308 ], [ -74.829593, 10.960067 ], [ -74.829487, 10.959782 ], [ -74.828299, 10.960228 ], [ -74.828061, 10.960337 ], [ -74.827981, 10.960399 ], [ -74.828132, 10.960798 ], [ -74.82837, 10.962083 ] ] ] } },
{ "type": "Feature", "properties": { "zona_id": 132, "nombre": "La Ceiba", "area_m2": 291852.11, "area_valida_m2": 291785.76, "cobertura_pct": 99.98, "ndvi_medio": 0.295, "pct_vegetacion": 36.57, "pct_vegetacion_densa": 3.63, "pct_vegetacion_rala": 32.94, "pct_impermeable": 63.43, "pct_agua": 0.0, "pct_sombra": null, "temp_superficie_c": 46.41, "m2_vegetacion": 106692.33, "m2_impermeable": 185091.54, "rank_menos_vegetacion": 88, "rank_mas_impermeable": 87 }, "geometry": { "type": "Polygon", "coordinates": [ [ [ -74.803269, 10.962127 ], [ -74.805085, 10.963156 ], [ -74.806009, 10.961598 ], [ -74.806648, 10.961938 ], [ -74.808775, 10.95824 ], [ -74.809447, 10.95711 ], [ -74.809378, 10.957061 ], [ -74.809164, 10.956855 ], [ -74.808949, 10.956588 ], [ -74.808551, 10.955971 ], [ -74.807903, 10.954851 ], [ -74.807783, 10.954666 ], [ -74.807701, 10.9546 ], [ -74.807384, 10.95494 ], [ -74.806394, 10.955923 ], [ -74.805809, 10.956542 ], [ -74.806094, 10.956722 ], [ -74.805344, 10.957947 ], [ -74.804385, 10.959213 ], [ -74.803698, 10.960626 ], [ -74.80327, 10.96178 ], [ -74.803289, 10.962067 ], [ -74.803269, 10.962127 ] ] ] } },
{ "type": "Feature", "properties": { "zona_id": 133, "nombre": "Los Rosales", "area_m2": 433241.01, "area_valida_m2": 433300.32, "cobertura_pct": 100.0, "ndvi_medio": 0.32, "pct_vegetacion": 50.81, "pct_vegetacion_densa": 6.3, "pct_vegetacion_rala": 44.51, "pct_impermeable": 48.98, "pct_agua": 0.22, "pct_sombra": null, "temp_superficie_c": 44.58, "m2_vegetacion": 220157.07, "m2_impermeable": 212211.24, "rank_menos_vegetacion": 155, "rank_mas_impermeable": 156 }, "geometry": { "type": "Polygon", "coordinates": [ [ [ -74.833273, 10.962183 ], [ -74.834492, 10.962402 ], [ -74.834903, 10.962626 ], [ -74.835299, 10.962884 ], [ -74.836011, 10.963252 ], [ -74.836284, 10.963408 ], [ -74.836462, 10.963546 ], [ -74.836976, 10.963881 ], [ -74.837331, 10.964083 ], [ -74.837635, 10.964292 ], [ -74.837915, 10.964454 ], [ -74.838074, 10.964514 ], [ -74.838255, 10.964501 ], [ -74.83823, 10.964301 ], [ -74.838043, 10.963346 ], [ -74.83652, 10.957884 ], [ -74.836068, 10.956334 ], [ -74.835577, 10.956493 ], [ -74.834733, 10.956732 ], [ -74.834078, 10.956978 ], [ -74.833258, 10.957318 ], [ -74.833048, 10.957368 ], [ -74.832453, 10.957428 ], [ -74.83219, 10.957446 ], [ -74.831986, 10.957079 ], [ -74.831872, 10.957001 ], [ -74.831761, 10.956965 ], [ -74.830874, 10.956887 ], [ -74.829563, 10.956803 ], [ -74.829607, 10.95745 ], [ -74.8296, 10.957513 ], [ -74.829638, 10.957833 ], [ -74.829438, 10.957894 ], [ -74.829471, 10.958062 ], [ -74.82943, 10.958211 ], [ -74.8294, 10.958268 ], [ -74.82929, 10.958396 ], [ -74.829201, 10.958613 ], [ -74.829185, 10.958739 ], [ -74.829128, 10.958747 ], [ -74.829192, 10.95906 ], [ -74.829255, 10.959275 ], [ -74.82945, 10.959797 ], [ -74.829487, 10.959782 ], [ -74.829593, 10.960067 ], [ -74.829827, 10.960308 ], [ -74.830172, 10.960024 ], [ -74.830254, 10.959981 ], [ -74.831181, 10.959798 ], [ -74.831345, 10.959788 ], [ -74.831512, 10.959821 ], [ -74.832173, 10.960011 ], [ -74.832913, 10.960231 ], [ -74.833019, 10.960282 ], [ -74.833049, 10.960328 ], [ -74.833574, 10.960793 ], [ -74.833491, 10.961088 ], [ -74.833081, 10.962123 ], [ -74.833273, 10.962183 ] ] ] } },
{ "type": "Feature", "properties": { "zona_id": 134, "nombre": "Lipaya", "area_m2": 430896.56, "area_valida_m2": 430863.84, "cobertura_pct": 99.99, "ndvi_medio": 0.352, "pct_vegetacion": 54.75, "pct_vegetacion_densa": 9.17, "pct_vegetacion_rala": 45.58, "pct_impermeable": 45.23, "pct_agua": 0.03, "pct_sombra": null, "temp_superficie_c": 44.51, "m2_vegetacion": 235880.62, "m2_impermeable": 194865.36, "rank_menos_vegetacion": 163, "rank_mas_impermeable": 163 }, "geometry": { "type": "Polygon", "coordinates": [ [ [ -74.813538, 10.96395 ], [ -74.813806, 10.96403 ], [ -74.81416, 10.964065 ], [ -74.814659, 10.964072 ], [ -74.814923, 10.964048 ], [ -74.815215, 10.963988 ], [ -74.815408, 10.963973 ], [ -74.816227, 10.963969 ], [ -74.816605, 10.963941 ], [ -74.817726, 10.963744 ], [ -74.818149, 10.963687 ], [ -74.818834, 10.963613 ], [ -74.819139, 10.963605 ], [ -74.819342, 10.963634 ], [ -74.820061, 10.963821 ], [ -74.820933, 10.964166 ], [ -74.821415, 10.964388 ], [ -74.821854, 10.964632 ], [ -74.822156, 10.964884 ], [ -74.822271, 10.964946 ], [ -74.822449, 10.964995 ], [ -74.822705, 10.965027 ], [ -74.82329, 10.964956 ], [ -74.823899, 10.964836 ], [ -74.824774, 10.964628 ], [ -74.824824, 10.964609 ], [ -74.824407, 10.962335 ], [ -74.824346, 10.961373 ], [ -74.824295, 10.960942 ], [ -74.824305, 10.960466 ], [ -74.821658, 10.959965 ], [ -74.819681, 10.959459 ], [ -74.819528, 10.959364 ], [ -74.818208, 10.960271 ], [ -74.818134, 10.96034 ], [ -74.817746, 10.960596 ], [ -74.817088, 10.960937 ], [ -74.817037, 10.961001 ], [ -74.816965, 10.961225 ], [ -74.816816, 10.961535 ], [ -74.816717, 10.961699 ], [ -74.816617, 10.961831 ], [ -74.816336, 10.962094 ], [ -74.816085, 10.962292 ], [ -74.815683, 10.962554 ], [ -74.815399, 10.962704 ], [ -74.814761, 10.963 ], [ -74.814317, 10.963269 ], [ -74.813907, 10.963587 ], [ -74.813538, 10.96395 ] ] ] } },
{ "type": "Feature", "properties": { "zona_id": 135, "nombre": "El Pueblo", "area_m2": 326825.58, "area_valida_m2": 326712.96, "cobertura_pct": 99.97, "ndvi_medio": 0.31, "pct_vegetacion": 39.57, "pct_vegetacion_densa": 4.57, "pct_vegetacion_rala": 35.0, "pct_impermeable": 60.43, "pct_agua": 0.0, "pct_sombra": null, "temp_superficie_c": 46.69, "m2_vegetacion": 129286.83, "m2_impermeable": 197419.64, "rank_menos_vegetacion": 116, "rank_mas_impermeable": 115 }, "geometry": { "type": "Polygon", "coordinates": [ [ [ -74.83823, 10.964301 ], [ -74.838287, 10.964682 ], [ -74.839208, 10.963716 ], [ -74.839736, 10.963215 ], [ -74.840338, 10.962805 ], [ -74.841387, 10.962306 ], [ -74.841705, 10.962211 ], [ -74.841924, 10.96218 ], [ -74.842145, 10.962173 ], [ -74.842365, 10.962193 ], [ -74.842581, 10.962238 ], [ -74.842762, 10.962297 ], [ -74.842935, 10.962373 ], [ -74.843139, 10.962415 ], [ -74.843728, 10.962318 ], [ -74.843055, 10.95798 ], [ -74.836848, 10.959053 ], [ -74.838043, 10.963346 ], [ -74.83823, 10.964301 ] ] ] } },
{ "type": "Feature", "properties": { "zona_id": 136, "nombre": "Evaristo Sourdis", "area_m2": 753044.41, "area_valida_m2": 752965.92, "cobertura_pct": 99.99, "ndvi_medio": 0.338, "pct_vegetacion": 48.97, "pct_vegetacion_densa": 8.82, "pct_vegetacion_rala": 40.15, "pct_impermeable": 51.03, "pct_agua": 0.0, "pct_sombra": null, "temp_superficie_c": 45.09, "m2_vegetacion": 368714.69, "m2_impermeable": 384250.95, "rank_menos_vegetacion": 153, "rank_mas_impermeable": 152 }, "geometry": { "type": "Polygon", "coordinates": [ [ [ -74.818217, 10.960265 ], [ -74.819528, 10.959364 ], [ -74.819681, 10.959459 ], [ -74.821658, 10.959965 ], [ -74.824305, 10.960466 ], [ -74.824295, 10.960942 ], [ -74.824346, 10.961373 ], [ -74.824407, 10.962335 ], [ -74.824824, 10.964609 ], [ -74.825502, 10.964453 ], [ -74.826255, 10.964298 ], [ -74.827126, 10.963585 ], [ -74.827932, 10.963173 ], [ -74.828525, 10.963062 ], [ -74.828402, 10.962363 ], [ -74.828297, 10.961646 ], [ -74.828132, 10.960798 ], [ -74.827981, 10.960399 ], [ -74.828061, 10.960337 ], [ -74.828299, 10.960228 ], [ -74.82945, 10.959797 ], [ -74.829255, 10.959275 ], [ -74.829192, 10.95906 ], [ -74.829128, 10.958747 ], [ -74.829185, 10.958739 ], [ -74.829201, 10.958613 ], [ -74.82929, 10.958396 ], [ -74.8294, 10.958268 ], [ -74.82943, 10.958211 ], [ -74.829471, 10.958062 ], [ -74.829438, 10.957894 ], [ -74.829638, 10.957833 ], [ -74.8296, 10.957513 ], [ -74.829607, 10.95745 ], [ -74.829565, 10.956826 ], [ -74.829483, 10.95612 ], [ -74.829155, 10.956121 ], [ -74.829006, 10.956102 ], [ -74.828235, 10.955937 ], [ -74.82806, 10.955911 ], [ -74.827802, 10.95592 ], [ -74.827275, 10.956012 ], [ -74.827042, 10.95602 ], [ -74.826669, 10.955997 ], [ -74.82637, 10.956045 ], [ -74.826024, 10.95607 ], [ -74.823509, 10.956092 ], [ -74.822484, 10.956028 ], [ -74.821299, 10.956012 ], [ -74.819696, 10.955932 ], [ -74.819076, 10.955792 ], [ -74.818158, 10.956422 ], [ -74.817255, 10.957017 ], [ -74.817013, 10.957063 ], [ -74.817128, 10.957665 ], [ -74.817222, 10.958053 ], [ -74.817505, 10.95843 ], [ -74.817176, 10.958709 ], [ -74.81757, 10.959255 ], [ -74.818217, 10.960265 ] ] ] } },
{ "type": "Feature", "properties": { "zona_id": 137, "nombre": "Ciudad Modesto", "area_m2": 310370.41, "area_valida_m2": 310368.96, "cobertura_pct": 100.0, "ndvi_medio": 0.327, "pct_vegetacion": 47.81, "pct_vegetacion_densa": 5.86, "pct_vegetacion_rala": 41.95, "pct_impermeable": 52.19, "pct_agua": 0.0, "pct_sombra": null, "temp_superficie_c": 45.62, "m2_vegetacion": 148378.86, "m2_impermeable": 161990.1, "rank_menos_vegetacion": 150, "rank_mas_impermeable": 148 }, "geometry": { "type": "Polygon", "coordinates": [ [ [ -74.826676, 10.96799 ], [ -74.826745, 10.968312 ], [ -74.826842, 10.968291 ], [ -74.82725, 10.968257 ], [ -74.827275, 10.9682 ], [ -74.827521, 10.968094 ], [ -74.828272, 10.967907 ], [ -74.828258, 10.967668 ], [ -74.82827, 10.967464 ], [ -74.828245, 10.96728 ], [ -74.828718, 10.96712 ], [ -74.829062, 10.96697 ], [ -74.829254, 10.966882 ], [ -74.829294, 10.966842 ], [ -74.829455, 10.966787 ], [ -74.829624, 10.966679 ], [ -74.829792, 10.966615 ], [ -74.829837, 10.96658 ], [ -74.830168, 10.965922 ], [ -74.830402, 10.965416 ], [ -74.831199, 10.964203 ], [ -74.831391, 10.963973 ], [ -74.832215, 10.963335 ], [ -74.83259, 10.963497 ], [ -74.833273, 10.962183 ], [ -74.832942, 10.962079 ], [ -74.832707, 10.962029 ], [ -74.83244, 10.962057 ], [ -74.83154, 10.962066 ], [ -74.831322, 10.962113 ], [ -74.831077, 10.96222 ], [ -74.830344, 10.962727 ], [ -74.830238, 10.962507 ], [ -74.830088, 10.962314 ], [ -74.829803, 10.962045 ], [ -74.829587, 10.962093 ], [ -74.82943, 10.962108 ], [ -74.82837, 10.962083 ], [ -74.828402, 10.962363 ], [ -74.828525, 10.963062 ], [ -74.827932, 10.963173 ], [ -74.827126, 10.963585 ], [ -74.826255, 10.964298 ], [ -74.8251, 10.964541 ], [ -74.824774, 10.964628 ], [ -74.824975, 10.965636 ], [ -74.825062, 10.96566 ], [ -74.825342, 10.96696 ], [ -74.826451, 10.966597 ], [ -74.826473, 10.966647 ], [ -74.826537, 10.966969 ], [ -74.826676, 10.96799 ] ] ] } },
{ "type": "Feature", "properties": { "zona_id": 138, "nombre": "Los Ángeles II", "area_m2": 217401.0, "area_valida_m2": 217457.28, "cobertura_pct": 100.0, "ndvi_medio": 0.3, "pct_vegetacion": 38.53, "pct_vegetacion_densa": 2.5, "pct_vegetacion_rala": 36.03, "pct_impermeable": 61.47, "pct_agua": 0.0, "pct_sombra": null, "temp_superficie_c": 45.84, "m2_vegetacion": 83789.6, "m2_impermeable": 133667.68, "rank_menos_vegetacion": 108, "rank_mas_impermeable": 102 }, "geometry": { "type": "Polygon", "coordinates": [ [ [ -74.841123, 10.969408 ], [ -74.841809, 10.96941 ], [ -74.842259, 10.969395 ], [ -74.843125, 10.969418 ], [ -74.843081, 10.969165 ], [ -74.843077, 10.96886 ], [ -74.843176, 10.96837 ], [ -74.843254, 10.968084 ], [ -74.843109, 10.967949 ], [ -74.84321, 10.967431 ], [ -74.843198, 10.967008 ], [ -74.843161, 10.96664 ], [ -74.843201, 10.965978 ], [ -74.843116, 10.965969 ], [ -74.843052, 10.965914 ], [ -74.842852, 10.965484 ], [ -74.842814, 10.965431 ], [ -74.842242, 10.965002 ], [ -74.842086, 10.964914 ], [ -74.841959, 10.964877 ], [ -74.841819, 10.964865 ], [ -74.841662, 10.964892 ], [ -74.841566, 10.964949 ], [ -74.841504, 10.964968 ], [ -74.841325, 10.964962 ], [ -74.840663, 10.964824 ], [ -74.840257, 10.964703 ], [ -74.839558, 10.96441 ], [ -74.839359, 10.964378 ], [ -74.839028, 10.964395 ], [ -74.838907, 10.964371 ], [ -74.838838, 10.964339 ], [ -74.838717, 10.964236 ], [ -74.838287, 10.964682 ], [ -74.838333, 10.965982 ], [ -74.838308, 10.966685 ], [ -74.838506, 10.966663 ], [ -74.839298, 10.967454 ], [ -74.839769, 10.967896 ], [ -74.840631, 10.968763 ], [ -74.841078, 10.969366 ], [ -74.841123, 10.969408 ] ] ] } },
{ "type": "Feature", "properties": { "zona_id": 139, "nombre": "La Esmeralda", "area_m2": 810098.3, "area_valida_m2": 810185.76, "cobertura_pct": 100.0, "ndvi_medio": 0.387, "pct_vegetacion": 60.1, "pct_vegetacion_densa": 16.41, "pct_vegetacion_rala": 43.68, "pct_impermeable": 39.9, "pct_agua": 0.0, "pct_sombra": null, "temp_superficie_c": 43.67, "m2_vegetacion": 486881.2, "m2_impermeable": 323304.56, "rank_menos_vegetacion": 174, "rank_mas_impermeable": 174 }, "geometry": { "type": "Polygon", "coordinates": [ [ [ -74.812539, 10.968942 ], [ -74.813739, 10.969052 ], [ -74.81517, 10.969134 ], [ -74.816127, 10.969123 ], [ -74.817925, 10.969132 ], [ -74.819219, 10.969312 ], [ -74.820434, 10.96943 ], [ -74.820575, 10.969471 ], [ -74.82074, 10.969549 ], [ -74.821467, 10.970133 ], [ -74.821987, 10.970639 ], [ -74.822273, 10.97098 ], [ -74.822694, 10.970656 ], [ -74.82305, 10.970353 ], [ -74.822415, 10.96953 ], [ -74.822726, 10.969412 ], [ -74.82286, 10.969391 ], [ -74.823287, 10.969034 ], [ -74.823526, 10.968803 ], [ -74.823611, 10.968661 ], [ -74.82381, 10.968422 ], [ -74.824128, 10.968128 ], [ -74.824198, 10.968088 ], [ -74.824736, 10.968098 ], [ -74.824992, 10.968082 ], [ -74.825151, 10.968104 ], [ -74.825347, 10.968055 ], [ -74.826211, 10.967956 ], [ -74.826676, 10.96799 ], [ -74.826537, 10.966969 ], [ -74.826473, 10.966647 ], [ -74.826451, 10.966597 ], [ -74.825342, 10.96696 ], [ -74.825062, 10.96566 ], [ -74.824975, 10.965636 ], [ -74.824774, 10.964628 ], [ -74.823899, 10.964836 ], [ -74.82329, 10.964956 ], [ -74.822705, 10.965027 ], [ -74.822449, 10.964995 ], [ -74.822271, 10.964946 ], [ -74.822156, 10.964884 ], [ -74.821854, 10.964632 ], [ -74.821415, 10.964388 ], [ -74.820933, 10.964166 ], [ -74.820061, 10.963821 ], [ -74.819342, 10.963634 ], [ -74.819139, 10.963605 ], [ -74.818834, 10.963613 ], [ -74.818149, 10.963687 ], [ -74.817726, 10.963744 ], [ -74.816605, 10.963941 ], [ -74.816227, 10.963969 ], [ -74.815408, 10.963973 ], [ -74.815215, 10.963988 ], [ -74.814923, 10.964048 ], [ -74.814659, 10.964072 ], [ -74.81416, 10.964065 ], [ -74.813806, 10.96403 ], [ -74.813538, 10.96395 ], [ -74.813399, 10.963949 ], [ -74.813015, 10.964337 ], [ -74.812961, 10.964413 ], [ -74.812951, 10.964578 ], [ -74.812779, 10.964807 ], [ -74.811618, 10.967845 ], [ -74.811321, 10.968866 ], [ -74.81226, 10.968904 ], [ -74.812539, 10.968942 ] ] ] } },
{ "type": "Feature", "properties": { "zona_id": 140, "nombre": "La Paz", "area_m2": 643201.1, "area_valida_m2": 643178.88, "cobertura_pct": 100.0, "ndvi_medio": 0.323, "pct_vegetacion": 46.36, "pct_vegetacion_densa": 5.39, "pct_vegetacion_rala": 40.97, "pct_impermeable": 53.64, "pct_agua": 0.0, "pct_sombra": null, "temp_superficie_c": 45.36, "m2_vegetacion": 298177.29, "m2_impermeable": 344989.21, "rank_menos_vegetacion": 143, "rank_mas_impermeable": 142 }, "geometry": { "type": "Polygon", "coordinates": [ [ [ -74.830094, 10.970696 ], [ -74.830304, 10.971553 ], [ -74.830423, 10.972136 ], [ -74.830548, 10.972424 ], [ -74.830849, 10.972228 ], [ -74.831271, 10.971907 ], [ -74.83151, 10.971781 ], [ -74.831762, 10.97161 ], [ -74.831951, 10.971401 ], [ -74.832313, 10.971182 ], [ -74.833998, 10.969964 ], [ -74.834219, 10.969736 ], [ -74.834778, 10.969241 ], [ -74.835201, 10.9689 ], [ -74.835694, 10.968539 ], [ -74.836054, 10.968306 ], [ -74.836878, 10.967663 ], [ -74.838025, 10.968286 ], [ -74.838163, 10.967764 ], [ -74.838264, 10.96713 ], [ -74.838307, 10.966704 ], [ -74.838333, 10.965982 ], [ -74.838287, 10.964682 ], [ -74.838255, 10.964501 ], [ -74.838074, 10.964514 ], [ -74.837915, 10.964454 ], [ -74.837635, 10.964292 ], [ -74.837331, 10.964083 ], [ -74.836976, 10.963881 ], [ -74.836462, 10.963546 ], [ -74.836284, 10.963408 ], [ -74.836011, 10.963252 ], [ -74.835299, 10.962884 ], [ -74.834903, 10.962626 ], [ -74.834492, 10.962402 ], [ -74.833273, 10.962183 ], [ -74.83259, 10.963497 ], [ -74.832215, 10.963335 ], [ -74.831391, 10.963973 ], [ -74.831199, 10.964203 ], [ -74.830402, 10.965416 ], [ -74.830168, 10.965922 ], [ -74.829837, 10.96658 ], [ -74.829792, 10.966615 ], [ -74.829624, 10.966679 ], [ -74.829455, 10.966787 ], [ -74.829294, 10.966842 ], [ -74.829254, 10.966882 ], [ -74.829443, 10.967427 ], [ -74.829637, 10.968171 ], [ -74.829892, 10.969421 ], [ -74.830011, 10.970245 ], [ -74.830094, 10.970696 ] ] ] } },
{ "type": "Feature", "properties": { "zona_id": 141, "nombre": "Nueva Colombia", "area_m2": 368477.61, "area_valida_m2": 368569.44, "cobertura_pct": 100.0, "ndvi_medio": 0.404, "pct_vegetacion": 62.22, "pct_vegetacion_densa": 20.43, "pct_vegetacion_rala": 41.8, "pct_impermeable": 37.78, "pct_agua": 0.0, "pct_sombra": null, "temp_superficie_c": 43.39, "m2_vegetacion": 229337.7, "m2_impermeable": 139231.74, "rank_menos_vegetacion": 176, "rank_mas_impermeable": 175 }, "geometry": { "type": "Polygon", "coordinates": [ [ [ -74.813833, 10.971706 ], [ -74.814847, 10.971827 ], [ -74.815135, 10.971879 ], [ -74.815236, 10.971923 ], [ -74.815461, 10.972124 ], [ -74.815609, 10.971804 ], [ -74.816419, 10.971928 ], [ -74.81688, 10.972038 ], [ -74.816995, 10.972099 ], [ -74.817015, 10.972178 ], [ -74.817665, 10.972628 ], [ -74.817889, 10.972746 ], [ -74.81815, 10.972806 ], [ -74.819035, 10.973216 ], [ -74.819169, 10.973391 ], [ -74.819469, 10.973512 ], [ -74.82024, 10.973896 ], [ -74.820239, 10.973973 ], [ -74.820471, 10.974129 ], [ -74.82076, 10.973774 ], [ -74.82139, 10.973144 ], [ -74.821696, 10.9728 ], [ -74.821239, 10.972391 ], [ -74.821469, 10.972004 ], [ -74.821604, 10.971824 ], [ -74.82177, 10.971668 ], [ -74.821949, 10.971422 ], [ -74.822107, 10.971166 ], [ -74.822273, 10.97098 ], [ -74.821987, 10.970639 ], [ -74.821467, 10.970133 ], [ -74.82074, 10.969549 ], [ -74.820575, 10.969471 ], [ -74.820434, 10.96943 ], [ -74.819219, 10.969312 ], [ -74.817925, 10.969132 ], [ -74.816127, 10.969123 ], [ -74.81517, 10.969134 ], [ -74.813739, 10.969052 ], [ -74.812539, 10.968942 ], [ -74.812473, 10.969946 ], [ -74.812243, 10.97142 ], [ -74.812245, 10.971477 ], [ -74.813267, 10.971641 ], [ -74.8134, 10.971675 ], [ -74.813833, 10.971706 ] ] ] } },
{ "type": "Feature", "properties": { "zona_id": 142, "nombre": "Los Ángeles I", "area_m2": 94515.68, "area_valida_m2": 94507.2, "cobertura_pct": 99.99, "ndvi_medio": 0.303, "pct_vegetacion": 39.37, "pct_vegetacion_densa": 3.02, "pct_vegetacion_rala": 36.35, "pct_impermeable": 60.63, "pct_agua": 0.0, "pct_sombra": null, "temp_superficie_c": 45.82, "m2_vegetacion": 37203.4, "m2_impermeable": 57303.8, "rank_menos_vegetacion": 115, "rank_mas_impermeable": 114 }, "geometry": { "type": "Polygon", "coordinates": [ [ [ -74.842559, 10.972871 ], [ -74.844017, 10.974095 ], [ -74.84447, 10.973604 ], [ -74.844293, 10.973479 ], [ -74.844106, 10.971059 ], [ -74.843754, 10.970621 ], [ -74.843932, 10.970466 ], [ -74.843468, 10.96999 ], [ -74.843288, 10.969773 ], [ -74.84317, 10.969551 ], [ -74.843125, 10.969418 ], [ -74.842259, 10.969395 ], [ -74.841809, 10.96941 ], [ -74.841123, 10.969408 ], [ -74.842658, 10.970863 ], [ -74.841545, 10.971879 ], [ -74.841724, 10.972034 ], [ -74.842252, 10.972556 ], [ -74.842334, 10.972668 ], [ -74.842559, 10.972871 ] ] ] } },
{ "type": "Feature", "properties": { "zona_id": 143, "nombre": "Los Olivos I", "area_m2": 394239.46, "area_valida_m2": 394187.04, "cobertura_pct": 99.99, "ndvi_medio": 0.322, "pct_vegetacion": 46.47, "pct_vegetacion_densa": 4.82, "pct_vegetacion_rala": 41.65, "pct_impermeable": 53.53, "pct_agua": 0.0, "pct_sombra": null, "temp_superficie_c": 45.71, "m2_vegetacion": 183168.43, "m2_impermeable": 211011.17, "rank_menos_vegetacion": 144, "rank_mas_impermeable": 143 }, "geometry": { "type": "Polygon", "coordinates": [ [ [ -74.830548, 10.972424 ], [ -74.830865, 10.973043 ], [ -74.830909, 10.97317 ], [ -74.831134, 10.973647 ], [ -74.831374, 10.97407 ], [ -74.831462, 10.974291 ], [ -74.831742, 10.974853 ], [ -74.83196, 10.97532 ], [ -74.832199, 10.975951 ], [ -74.83336, 10.975548 ], [ -74.834096, 10.975314 ], [ -74.83535, 10.974868 ], [ -74.836257, 10.974562 ], [ -74.836307, 10.974523 ], [ -74.837276, 10.971135 ], [ -74.838025, 10.968286 ], [ -74.836878, 10.967663 ], [ -74.836054, 10.968306 ], [ -74.835694, 10.968539 ], [ -74.835201, 10.9689 ], [ -74.834778, 10.969241 ], [ -74.834219, 10.969736 ], [ -74.833998, 10.969964 ], [ -74.832313, 10.971182 ], [ -74.831951, 10.971401 ], [ -74.831762, 10.97161 ], [ -74.83151, 10.971781 ], [ -74.831271, 10.971907 ], [ -74.830849, 10.972228 ], [ -74.830548, 10.972424 ] ] ] } },
{ "type": "Feature", "properties": { "zona_id": 144, "nombre": "Carlos Meisel", "area_m2": 295994.69, "area_valida_m2": 295990.56, "cobertura_pct": 100.0, "ndvi_medio": 0.384, "pct_vegetacion": 57.51, "pct_vegetacion_densa": 17.18, "pct_vegetacion_rala": 40.33, "pct_impermeable": 42.49, "pct_agua": 0.0, "pct_sombra": null, "temp_superficie_c": 43.71, "m2_vegetacion": 170211.66, "m2_impermeable": 125771.7, "rank_menos_vegetacion": 168, "rank_mas_impermeable": 168 }, "geometry": { "type": "Polygon", "coordinates": [ [ [ -74.81324, 10.975671 ], [ -74.813629, 10.97566 ], [ -74.81375, 10.975669 ], [ -74.814187, 10.975747 ], [ -74.814643, 10.975873 ], [ -74.815014, 10.97603 ], [ -74.815513, 10.976297 ], [ -74.816034, 10.976548 ], [ -74.816113, 10.976549 ], [ -74.816358, 10.976485 ], [ -74.816608, 10.976482 ], [ -74.817247, 10.97655 ], [ -74.817763, 10.976556 ], [ -74.818472, 10.97653 ], [ -74.818737, 10.976489 ], [ -74.818954, 10.976425 ], [ -74.819043, 10.976381 ], [ -74.819234, 10.976214 ], [ -74.819734, 10.975299 ], [ -74.820471, 10.974129 ], [ -74.820239, 10.973973 ], [ -74.82024, 10.973896 ], [ -74.819469, 10.973512 ], [ -74.819169, 10.973391 ], [ -74.819035, 10.973216 ], [ -74.81815, 10.972806 ], [ -74.817889, 10.972746 ], [ -74.817665, 10.972628 ], [ -74.817015, 10.972178 ], [ -74.816995, 10.972099 ], [ -74.81688, 10.972038 ], [ -74.816419, 10.971928 ], [ -74.815609, 10.971804 ], [ -74.815461, 10.972124 ], [ -74.815236, 10.971923 ], [ -74.815135, 10.971879 ], [ -74.814847, 10.971827 ], [ -74.813833, 10.971706 ], [ -74.813815, 10.972069 ], [ -74.813832, 10.97209 ], [ -74.813948, 10.972106 ], [ -74.813877, 10.972581 ], [ -74.813855, 10.97263 ], [ -74.813639, 10.973745 ], [ -74.81324, 10.975671 ] ] ] } },
{ "type": "Feature", "properties": { "zona_id": 145, "nombre": "La Manga", "area_m2": 436690.69, "area_valida_m2": 436783.68, "cobertura_pct": 100.0, "ndvi_medio": 0.368, "pct_vegetacion": 56.25, "pct_vegetacion_densa": 12.83, "pct_vegetacion_rala": 43.43, "pct_impermeable": 43.75, "pct_agua": 0.0, "pct_sombra": null, "temp_superficie_c": 44.86, "m2_vegetacion": 245701.99, "m2_impermeable": 191081.69, "rank_menos_vegetacion": 165, "rank_mas_impermeable": 165 }, "geometry": { "type": "Polygon", "coordinates": [ [ [ -74.819043, 10.976381 ], [ -74.819252, 10.976428 ], [ -74.81941, 10.976447 ], [ -74.819588, 10.976508 ], [ -74.819646, 10.976564 ], [ -74.819667, 10.976657 ], [ -74.819848, 10.976709 ], [ -74.819934, 10.976445 ], [ -74.820057, 10.976469 ], [ -74.820316, 10.976435 ], [ -74.820406, 10.976363 ], [ -74.82057, 10.976267 ], [ -74.820599, 10.976212 ], [ -74.820632, 10.976182 ], [ -74.82066, 10.976182 ], [ -74.820764, 10.976025 ], [ -74.820908, 10.975858 ], [ -74.821018, 10.97567 ], [ -74.821918, 10.975138 ], [ -74.822348, 10.974791 ], [ -74.82256, 10.974525 ], [ -74.822793, 10.97431 ], [ -74.823443, 10.973841 ], [ -74.823376, 10.97367 ], [ -74.82363, 10.973485 ], [ -74.823606, 10.973443 ], [ -74.823878, 10.973251 ], [ -74.82331, 10.971739 ], [ -74.82379, 10.971506 ], [ -74.82406, 10.971413 ], [ -74.824213, 10.971397 ], [ -74.824319, 10.971402 ], [ -74.825077, 10.971471 ], [ -74.825066, 10.971815 ], [ -74.825275, 10.972448 ], [ -74.825319, 10.972544 ], [ -74.825853, 10.972325 ], [ -74.826026, 10.97228 ], [ -74.826105, 10.972449 ], [ -74.826244, 10.972416 ], [ -74.826483, 10.972329 ], [ -74.826917, 10.972091 ], [ -74.827401, 10.971905 ], [ -74.82736, 10.971731 ], [ -74.82743, 10.971673 ], [ -74.827606, 10.971317 ], [ -74.827856, 10.971224 ], [ -74.82868, 10.971027 ], [ -74.828724, 10.971279 ], [ -74.828845, 10.971211 ], [ -74.829418, 10.970962 ], [ -74.830094, 10.970696 ], [ -74.830011, 10.970245 ], [ -74.829892, 10.969421 ], [ -74.829637, 10.968171 ], [ -74.829443, 10.967427 ], [ -74.829254, 10.966882 ], [ -74.828718, 10.96712 ], [ -74.828245, 10.96728 ], [ -74.82827, 10.967464 ], [ -74.828258, 10.967668 ], [ -74.828272, 10.967907 ], [ -74.827521, 10.968094 ], [ -74.827275, 10.9682 ], [ -74.82725, 10.968257 ], [ -74.826842, 10.968291 ], [ -74.826745, 10.968312 ], [ -74.826676, 10.96799 ], [ -74.826211, 10.967956 ], [ -74.825347, 10.968055 ], [ -74.825151, 10.968104 ], [ -74.824992, 10.968082 ], [ -74.824736, 10.968098 ], [ -74.824198, 10.968088 ], [ -74.824128, 10.968128 ], [ -74.82381, 10.968422 ], [ -74.823611, 10.968661 ], [ -74.823526, 10.968803 ], [ -74.823287, 10.969034 ], [ -74.82286, 10.969391 ], [ -74.822726, 10.969412 ], [ -74.822415, 10.96953 ], [ -74.82305, 10.970353 ], [ -74.822694, 10.970656 ], [ -74.822273, 10.97098 ], [ -74.822107, 10.971166 ], [ -74.821949, 10.971422 ], [ -74.82177, 10.971668 ], [ -74.821604, 10.971824 ], [ -74.821469, 10.972004 ], [ -74.821239, 10.972391 ], [ -74.821696, 10.9728 ], [ -74.82139, 10.973144 ], [ -74.82076, 10.973774 ], [ -74.820471, 10.974129 ], [ -74.819734, 10.975299 ], [ -74.819234, 10.976214 ], [ -74.819043, 10.976381 ] ] ] } },
{ "type": "Feature", "properties": { "zona_id": 146, "nombre": "La Libertad", "area_m2": 47858.05, "area_valida_m2": 47854.08, "cobertura_pct": 99.99, "ndvi_medio": 0.293, "pct_vegetacion": 38.14, "pct_vegetacion_densa": 2.9, "pct_vegetacion_rala": 35.24, "pct_impermeable": 61.86, "pct_agua": 0.0, "pct_sombra": null, "temp_superficie_c": 45.3, "m2_vegetacion": 18253.62, "m2_impermeable": 29600.46, "rank_menos_vegetacion": 104, "rank_mas_impermeable": 99 }, "geometry": { "type": "Polygon", "coordinates": [ [ [ -74.813136, 10.976159 ], [ -74.813556, 10.976244 ], [ -74.814468, 10.976392 ], [ -74.814662, 10.97646 ], [ -74.815236, 10.976801 ], [ -74.815894, 10.977156 ], [ -74.81804, 10.977094 ], [ -74.819728, 10.977082 ], [ -74.819848, 10.976709 ], [ -74.819667, 10.976657 ], [ -74.819646, 10.976564 ], [ -74.819588, 10.976508 ], [ -74.81941, 10.976447 ], [ -74.819252, 10.976428 ], [ -74.819043, 10.976381 ], [ -74.818954, 10.976425 ], [ -74.818737, 10.976489 ], [ -74.818472, 10.97653 ], [ -74.817763, 10.976556 ], [ -74.817247, 10.97655 ], [ -74.816608, 10.976482 ], [ -74.816358, 10.976485 ], [ -74.816113, 10.976549 ], [ -74.816034, 10.976548 ], [ -74.815513, 10.976297 ], [ -74.815014, 10.97603 ], [ -74.814643, 10.975873 ], [ -74.814187, 10.975747 ], [ -74.81375, 10.975669 ], [ -74.813629, 10.97566 ], [ -74.81324, 10.975671 ], [ -74.813136, 10.976159 ] ] ] } },
{ "type": "Feature", "properties": { "zona_id": 147, "nombre": "Por Fin", "area_m2": 480998.5, "area_valida_m2": 480975.84, "cobertura_pct": 100.0, "ndvi_medio": 0.34, "pct_vegetacion": 50.19, "pct_vegetacion_densa": 8.17, "pct_vegetacion_rala": 42.02, "pct_impermeable": 49.81, "pct_agua": 0.0, "pct_sombra": null, "temp_superficie_c": 45.37, "m2_vegetacion": 241397.45, "m2_impermeable": 239577.94, "rank_menos_vegetacion": 154, "rank_mas_impermeable": 154 }, "geometry": { "type": "Polygon", "coordinates": [ [ [ -74.82331, 10.971739 ], [ -74.825334, 10.977123 ], [ -74.825796, 10.978489 ], [ -74.827512, 10.977635 ], [ -74.830381, 10.976577 ], [ -74.832199, 10.975951 ], [ -74.83196, 10.97532 ], [ -74.831462, 10.974291 ], [ -74.831374, 10.97407 ], [ -74.831134, 10.973647 ], [ -74.830909, 10.97317 ], [ -74.830865, 10.973043 ], [ -74.830678, 10.972693 ], [ -74.830423, 10.972136 ], [ -74.830304, 10.971553 ], [ -74.830094, 10.970696 ], [ -74.829418, 10.970962 ], [ -74.828845, 10.971211 ], [ -74.828724, 10.971279 ], [ -74.82868, 10.971027 ], [ -74.827856, 10.971224 ], [ -74.827606, 10.971317 ], [ -74.82743, 10.971673 ], [ -74.82736, 10.971731 ], [ -74.827401, 10.971905 ], [ -74.826917, 10.972091 ], [ -74.826483, 10.972329 ], [ -74.826244, 10.972416 ], [ -74.826105, 10.972449 ], [ -74.826026, 10.97228 ], [ -74.825853, 10.972325 ], [ -74.825319, 10.972544 ], [ -74.825275, 10.972448 ], [ -74.825066, 10.971815 ], [ -74.825077, 10.971471 ], [ -74.824213, 10.971397 ], [ -74.824007, 10.971424 ], [ -74.82379, 10.971506 ], [ -74.82331, 10.971739 ] ] ] } },
{ "type": "Feature", "properties": { "zona_id": 148, "nombre": "Kalamary", "area_m2": 89421.5, "area_valida_m2": 89526.24, "cobertura_pct": 100.0, "ndvi_medio": 0.264, "pct_vegetacion": 25.96, "pct_vegetacion_densa": 4.33, "pct_vegetacion_rala": 21.63, "pct_impermeable": 74.04, "pct_agua": 0.01, "pct_sombra": null, "temp_superficie_c": 43.82, "m2_vegetacion": 23238.02, "m2_impermeable": 66283.51, "rank_menos_vegetacion": 42, "rank_mas_impermeable": 38 }, "geometry": { "type": "Polygon", "coordinates": [ [ [ -74.825796, 10.978489 ], [ -74.826205, 10.979706 ], [ -74.826543, 10.97967 ], [ -74.826688, 10.979591 ], [ -74.827146, 10.979216 ], [ -74.827568, 10.978961 ], [ -74.827827, 10.97883 ], [ -74.829209, 10.97822 ], [ -74.829524, 10.978118 ], [ -74.830258, 10.977944 ], [ -74.831306, 10.977744 ], [ -74.831716, 10.97768 ], [ -74.831233, 10.976278 ], [ -74.83009, 10.976682 ], [ -74.827512, 10.977635 ], [ -74.825796, 10.978489 ] ] ] } },
{ "type": "Feature", "properties": { "zona_id": 149, "nombre": "Me Quejo", "area_m2": 373594.57, "area_valida_m2": 373531.68, "cobertura_pct": 99.98, "ndvi_medio": 0.414, "pct_vegetacion": 64.88, "pct_vegetacion_densa": 22.53, "pct_vegetacion_rala": 42.36, "pct_impermeable": 35.12, "pct_agua": 0.0, "pct_sombra": null, "temp_superficie_c": 43.0, "m2_vegetacion": 242354.2, "m2_impermeable": 131177.48, "rank_menos_vegetacion": 179, "rank_mas_impermeable": 178 }, "geometry": { "type": "Polygon", "coordinates": [ [ [ -74.819728, 10.977082 ], [ -74.819699, 10.977526 ], [ -74.820258, 10.977541 ], [ -74.820172, 10.977903 ], [ -74.820043, 10.978275 ], [ -74.819988, 10.978513 ], [ -74.819943, 10.978627 ], [ -74.819758, 10.978832 ], [ -74.819573, 10.979426 ], [ -74.819285, 10.980449 ], [ -74.818885, 10.981727 ], [ -74.81879, 10.982004 ], [ -74.818677, 10.982268 ], [ -74.818583, 10.982358 ], [ -74.818584, 10.982507 ], [ -74.818658, 10.982416 ], [ -74.818802, 10.982386 ], [ -74.819056, 10.982033 ], [ -74.819876, 10.982434 ], [ -74.820464, 10.981518 ], [ -74.821065, 10.980619 ], [ -74.822388, 10.980178 ], [ -74.823773, 10.979745 ], [ -74.82482, 10.979392 ], [ -74.825977, 10.979026 ], [ -74.825334, 10.977123 ], [ -74.823878, 10.973251 ], [ -74.823606, 10.973443 ], [ -74.82363, 10.973485 ], [ -74.823376, 10.97367 ], [ -74.823443, 10.973841 ], [ -74.822793, 10.97431 ], [ -74.82256, 10.974525 ], [ -74.822348, 10.974791 ], [ -74.821918, 10.975138 ], [ -74.821018, 10.97567 ], [ -74.820908, 10.975858 ], [ -74.820764, 10.976025 ], [ -74.82066, 10.976182 ], [ -74.820632, 10.976182 ], [ -74.820599, 10.976212 ], [ -74.82057, 10.976267 ], [ -74.820406, 10.976363 ], [ -74.820316, 10.976435 ], [ -74.820057, 10.976469 ], [ -74.819934, 10.976445 ], [ -74.819728, 10.977082 ] ] ] } },
{ "type": "Feature", "properties": { "zona_id": 150, "nombre": "La Pradera", "area_m2": 890594.97, "area_valida_m2": 890690.4, "cobertura_pct": 100.0, "ndvi_medio": 0.314, "pct_vegetacion": 44.14, "pct_vegetacion_densa": 5.3, "pct_vegetacion_rala": 38.84, "pct_impermeable": 55.86, "pct_agua": 0.0, "pct_sombra": null, "temp_superficie_c": 44.63, "m2_vegetacion": 393175.6, "m2_impermeable": 497514.8, "rank_menos_vegetacion": 135, "rank_mas_impermeable": 134 }, "geometry": { "type": "Polygon", "coordinates": [ [ [ -74.836047, 10.977431 ], [ -74.836024, 10.979987 ], [ -74.836069, 10.980542 ], [ -74.836087, 10.982665 ], [ -74.837236, 10.982414 ], [ -74.846292, 10.980125 ], [ -74.846965, 10.979822 ], [ -74.85046, 10.978136 ], [ -74.850427, 10.978075 ], [ -74.850351, 10.977843 ], [ -74.850364, 10.977686 ], [ -74.850442, 10.977352 ], [ -74.850436, 10.97726 ], [ -74.850392, 10.977079 ], [ -74.850401, 10.976982 ], [ -74.8505, 10.976574 ], [ -74.850506, 10.976396 ], [ -74.850542, 10.97619 ], [ -74.850597, 10.976131 ], [ -74.850756, 10.976049 ], [ -74.850799, 10.975979 ], [ -74.850802, 10.975944 ], [ -74.850767, 10.975869 ], [ -74.850678, 10.975792 ], [ -74.8506, 10.975755 ], [ -74.850335, 10.975678 ], [ -74.848649, 10.976485 ], [ -74.847241, 10.975546 ], [ -74.846487, 10.975018 ], [ -74.845746, 10.975338 ], [ -74.845031, 10.975724 ], [ -74.84489, 10.975781 ], [ -74.844792, 10.975795 ], [ -74.843708, 10.97562 ], [ -74.842585, 10.975415 ], [ -74.8425, 10.975411 ], [ -74.842312, 10.975416 ], [ -74.841839, 10.975528 ], [ -74.841626, 10.975543 ], [ -74.841523, 10.97552 ], [ -74.841409, 10.975435 ], [ -74.841316, 10.975425 ], [ -74.841262, 10.975436 ], [ -74.841137, 10.975494 ], [ -74.840888, 10.975635 ], [ -74.840368, 10.975042 ], [ -74.83914, 10.975736 ], [ -74.838805, 10.975334 ], [ -74.837969, 10.975973 ], [ -74.837647, 10.975614 ], [ -74.837619, 10.97561 ], [ -74.837502, 10.975613 ], [ -74.836783, 10.975773 ], [ -74.836591, 10.975803 ], [ -74.836522, 10.975804 ], [ -74.836319, 10.975759 ], [ -74.836171, 10.975742 ], [ -74.836109, 10.976406 ], [ -74.836047, 10.977431 ] ] ] } },
{ "type": "Feature", "properties": { "zona_id": 151, "nombre": "Villa del Rosario", "area_m2": 207386.01, "area_valida_m2": 207443.52, "cobertura_pct": 100.0, "ndvi_medio": 0.391, "pct_vegetacion": 59.3, "pct_vegetacion_densa": 18.51, "pct_vegetacion_rala": 40.79, "pct_impermeable": 40.7, "pct_agua": 0.0, "pct_sombra": null, "temp_superficie_c": 42.38, "m2_vegetacion": 123019.49, "m2_impermeable": 84424.03, "rank_menos_vegetacion": 169, "rank_mas_impermeable": 169 }, "geometry": { "type": "Polygon", "coordinates": [ [ [ -74.822118, 10.980269 ], [ -74.822279, 10.980686 ], [ -74.822825, 10.982258 ], [ -74.823156, 10.982659 ], [ -74.823248, 10.982844 ], [ -74.823344, 10.983136 ], [ -74.823388, 10.983441 ], [ -74.823629, 10.983491 ], [ -74.823997, 10.983513 ], [ -74.824384, 10.983468 ], [ -74.824738, 10.983382 ], [ -74.825247, 10.98418 ], [ -74.825227, 10.984379 ], [ -74.825341, 10.984777 ], [ -74.826375, 10.98471 ], [ -74.826586, 10.984727 ], [ -74.82675, 10.984757 ], [ -74.826821, 10.982561 ], [ -74.826729, 10.982053 ], [ -74.826486, 10.981131 ], [ -74.826282, 10.980096 ], [ -74.826303, 10.979882 ], [ -74.826295, 10.979832 ], [ -74.82623, 10.97978 ], [ -74.825977, 10.979026 ], [ -74.82482, 10.979392 ], [ -74.823773, 10.979745 ], [ -74.823234, 10.979905 ], [ -74.822118, 10.980269 ] ] ] } },
{ "type": "Feature", "properties": { "zona_id": 152, "nombre": "Las Estrellas", "area_m2": 203430.22, "area_valida_m2": 203425.92, "cobertura_pct": 100.0, "ndvi_medio": 0.315, "pct_vegetacion": 42.1, "pct_vegetacion_densa": 6.29, "pct_vegetacion_rala": 35.82, "pct_impermeable": 57.9, "pct_agua": 0.0, "pct_sombra": null, "temp_superficie_c": 44.18, "m2_vegetacion": 85645.31, "m2_impermeable": 117780.61, "rank_menos_vegetacion": 129, "rank_mas_impermeable": 129 }, "geometry": { "type": "Polygon", "coordinates": [ [ [ -74.831336, 10.981224 ], [ -74.831263, 10.982008 ], [ -74.831306, 10.982255 ], [ -74.83141, 10.982483 ], [ -74.831126, 10.98364 ], [ -74.830365, 10.984502 ], [ -74.830548, 10.985177 ], [ -74.830585, 10.985218 ], [ -74.830673, 10.985256 ], [ -74.831908, 10.983678 ], [ -74.832131, 10.983363 ], [ -74.832347, 10.983155 ], [ -74.832549, 10.983035 ], [ -74.832717, 10.982974 ], [ -74.83295, 10.982929 ], [ -74.836087, 10.982665 ], [ -74.836069, 10.980542 ], [ -74.836024, 10.979987 ], [ -74.836032, 10.97844 ], [ -74.834213, 10.978401 ], [ -74.834225, 10.980008 ], [ -74.83374, 10.980004 ], [ -74.83222, 10.980449 ], [ -74.832268, 10.981052 ], [ -74.831336, 10.981224 ] ] ] } },
{ "type": "Feature", "properties": { "zona_id": 153, "nombre": "Colina Campestre", "area_m2": 260316.95, "area_valida_m2": 260202.24, "cobertura_pct": 99.96, "ndvi_medio": 0.448, "pct_vegetacion": 68.32, "pct_vegetacion_densa": 27.32, "pct_vegetacion_rala": 41.0, "pct_impermeable": 31.65, "pct_agua": 0.03, "pct_sombra": null, "temp_superficie_c": 41.73, "m2_vegetacion": 177776.11, "m2_impermeable": 82355.52, "rank_menos_vegetacion": 180, "rank_mas_impermeable": 180 }, "geometry": { "type": "Polygon", "coordinates": [ [ [ -74.82907, 10.980015 ], [ -74.829208, 10.980288 ], [ -74.829542, 10.981433 ], [ -74.831391, 10.981217 ], [ -74.832268, 10.981052 ], [ -74.83222, 10.980449 ], [ -74.83374, 10.980004 ], [ -74.834225, 10.980008 ], [ -74.834213, 10.978401 ], [ -74.836032, 10.97844 ], [ -74.836047, 10.977431 ], [ -74.836109, 10.976406 ], [ -74.836171, 10.975742 ], [ -74.835936, 10.975719 ], [ -74.835741, 10.975735 ], [ -74.835474, 10.975806 ], [ -74.835305, 10.975883 ], [ -74.835143, 10.975984 ], [ -74.834467, 10.976531 ], [ -74.833398, 10.977328 ], [ -74.833237, 10.977427 ], [ -74.83312, 10.977475 ], [ -74.832979, 10.977505 ], [ -74.83201, 10.977634 ], [ -74.831306, 10.977744 ], [ -74.830258, 10.977944 ], [ -74.829524, 10.978118 ], [ -74.829209, 10.97822 ], [ -74.827827, 10.97883 ], [ -74.827751, 10.978867 ], [ -74.827809, 10.97884 ], [ -74.828376, 10.979367 ], [ -74.828632, 10.979586 ], [ -74.82907, 10.980015 ] ] ] } },
{ "type": "Feature", "properties": { "zona_id": 154, "nombre": "Bernardo Hoyos", "area_m2": 35581.49, "area_valida_m2": 35579.52, "cobertura_pct": 99.99, "ndvi_medio": 0.292, "pct_vegetacion": 36.28, "pct_vegetacion_densa": 0.91, "pct_vegetacion_rala": 35.37, "pct_impermeable": 63.72, "pct_agua": 0.0, "pct_sombra": null, "temp_superficie_c": 45.91, "m2_vegetacion": 12908.54, "m2_impermeable": 22670.98, "rank_menos_vegetacion": 87, "rank_mas_impermeable": 85 }, "geometry": { "type": "Polygon", "coordinates": [ [ [ -74.840148, 10.9704 ], [ -74.840674, 10.97101 ], [ -74.841545, 10.971879 ], [ -74.842658, 10.970863 ], [ -74.841207, 10.969488 ], [ -74.840921, 10.96976 ], [ -74.840148, 10.9704 ] ] ] } },
{ "type": "Feature", "properties": { "zona_id": 155, "nombre": "Villa San Carlos II", "area_m2": 16766.24, "area_valida_m2": 16718.4, "cobertura_pct": 99.71, "ndvi_medio": 0.339, "pct_vegetacion": 47.51, "pct_vegetacion_densa": 8.8, "pct_vegetacion_rala": 38.71, "pct_impermeable": 52.49, "pct_agua": 0.0, "pct_sombra": null, "temp_superficie_c": 45.8, "m2_vegetacion": 7943.53, "m2_impermeable": 8774.87, "rank_menos_vegetacion": 147, "rank_mas_impermeable": 146 }, "geometry": { "type": "Polygon", "coordinates": [ [ [ -74.840631, 10.968763 ], [ -74.839479, 10.969626 ], [ -74.840148, 10.9704 ], [ -74.840921, 10.96976 ], [ -74.841207, 10.969488 ], [ -74.841078, 10.969366 ], [ -74.840631, 10.968763 ] ] ] } },
{ "type": "Feature", "properties": { "zona_id": 156, "nombre": "Los Olivos II", "area_m2": 366576.01, "area_valida_m2": 366586.56, "cobertura_pct": 100.0, "ndvi_medio": 0.3, "pct_vegetacion": 41.68, "pct_vegetacion_densa": 3.12, "pct_vegetacion_rala": 38.56, "pct_impermeable": 58.32, "pct_agua": 0.0, "pct_sombra": null, "temp_superficie_c": 45.74, "m2_vegetacion": 152779.41, "m2_impermeable": 213807.15, "rank_menos_vegetacion": 125, "rank_mas_impermeable": 125 }, "geometry": { "type": "Polygon", "coordinates": [ [ [ -74.836171, 10.975742 ], [ -74.836319, 10.975759 ], [ -74.836522, 10.975804 ], [ -74.836591, 10.975803 ], [ -74.836783, 10.975773 ], [ -74.837502, 10.975613 ], [ -74.837619, 10.97561 ], [ -74.837647, 10.975614 ], [ -74.837969, 10.975973 ], [ -74.838805, 10.975334 ], [ -74.83914, 10.975736 ], [ -74.840368, 10.975042 ], [ -74.841476, 10.974094 ], [ -74.842559, 10.972871 ], [ -74.842334, 10.972668 ], [ -74.842252, 10.972556 ], [ -74.841724, 10.972034 ], [ -74.841544, 10.971878 ], [ -74.840674, 10.97101 ], [ -74.839479, 10.969626 ], [ -74.840631, 10.968763 ], [ -74.839769, 10.967896 ], [ -74.839298, 10.967454 ], [ -74.838506, 10.966663 ], [ -74.838308, 10.966685 ], [ -74.838264, 10.96713 ], [ -74.838163, 10.967764 ], [ -74.837276, 10.971135 ], [ -74.836307, 10.974523 ], [ -74.836171, 10.975742 ] ] ] } },
{ "type": "Feature", "properties": { "zona_id": 157, "nombre": "El Golfo", "area_m2": 112211.77, "area_valida_m2": 112232.16, "cobertura_pct": 100.0, "ndvi_medio": 0.302, "pct_vegetacion": 38.64, "pct_vegetacion_densa": 2.96, "pct_vegetacion_rala": 35.68, "pct_impermeable": 61.36, "pct_agua": 0.0, "pct_sombra": null, "temp_superficie_c": 45.85, "m2_vegetacion": 43370.94, "m2_impermeable": 68861.22, "rank_menos_vegetacion": 110, "rank_mas_impermeable": 106 }, "geometry": { "type": "Polygon", "coordinates": [ [ [ -74.840368, 10.975042 ], [ -74.840888, 10.975635 ], [ -74.841137, 10.975494 ], [ -74.841262, 10.975436 ], [ -74.841316, 10.975425 ], [ -74.841409, 10.975435 ], [ -74.841523, 10.97552 ], [ -74.841626, 10.975543 ], [ -74.841839, 10.975528 ], [ -74.842312, 10.975416 ], [ -74.8425, 10.975411 ], [ -74.842585, 10.975415 ], [ -74.843708, 10.97562 ], [ -74.844792, 10.975795 ], [ -74.84489, 10.975781 ], [ -74.845031, 10.975724 ], [ -74.845746, 10.975338 ], [ -74.846487, 10.975018 ], [ -74.84447, 10.973604 ], [ -74.844017, 10.974095 ], [ -74.842559, 10.972871 ], [ -74.841476, 10.974094 ], [ -74.840368, 10.975042 ] ] ] } },
{ "type": "Feature", "properties": { "zona_id": 158, "nombre": "Los Ángeles III", "area_m2": 118157.08, "area_valida_m2": 118110.24, "cobertura_pct": 99.96, "ndvi_medio": 0.293, "pct_vegetacion": 37.66, "pct_vegetacion_densa": 1.51, "pct_vegetacion_rala": 36.15, "pct_impermeable": 62.34, "pct_agua": 0.0, "pct_sombra": null, "temp_superficie_c": 45.59, "m2_vegetacion": 44483.26, "m2_impermeable": 73626.98, "rank_menos_vegetacion": 100, "rank_mas_impermeable": 97 }, "geometry": { "type": "Polygon", "coordinates": [ [ [ -74.838717, 10.964236 ], [ -74.838838, 10.964339 ], [ -74.838907, 10.964371 ], [ -74.839028, 10.964395 ], [ -74.839359, 10.964378 ], [ -74.839558, 10.96441 ], [ -74.840257, 10.964703 ], [ -74.840663, 10.964824 ], [ -74.841325, 10.964962 ], [ -74.841504, 10.964968 ], [ -74.841566, 10.964949 ], [ -74.841662, 10.964892 ], [ -74.841819, 10.964865 ], [ -74.841959, 10.964877 ], [ -74.842086, 10.964914 ], [ -74.842242, 10.965002 ], [ -74.842814, 10.965431 ], [ -74.842852, 10.965484 ], [ -74.843052, 10.965914 ], [ -74.843116, 10.965969 ], [ -74.843201, 10.965978 ], [ -74.843418, 10.962369 ], [ -74.843139, 10.962415 ], [ -74.842935, 10.962373 ], [ -74.842762, 10.962297 ], [ -74.842581, 10.962238 ], [ -74.842365, 10.962193 ], [ -74.842145, 10.962173 ], [ -74.841924, 10.96218 ], [ -74.841705, 10.962211 ], [ -74.841387, 10.962306 ], [ -74.840338, 10.962805 ], [ -74.839736, 10.963215 ], [ -74.839208, 10.963716 ], [ -74.838717, 10.964236 ] ] ] } },
{ "type": "Feature", "properties": { "zona_id": 159, "nombre": "El Rubí", "area_m2": 240699.63, "area_valida_m2": 240773.76, "cobertura_pct": 100.0, "ndvi_medio": 0.336, "pct_vegetacion": 40.79, "pct_vegetacion_densa": 19.32, "pct_vegetacion_rala": 21.47, "pct_impermeable": 59.2, "pct_agua": 0.01, "pct_sombra": null, "temp_superficie_c": 42.05, "m2_vegetacion": 98204.53, "m2_impermeable": 142539.31, "rank_menos_vegetacion": 120, "rank_mas_impermeable": 118 }, "geometry": { "type": "Polygon", "coordinates": [ [ [ -74.82675, 10.984757 ], [ -74.826901, 10.984806 ], [ -74.827083, 10.984897 ], [ -74.827249, 10.985012 ], [ -74.827398, 10.985149 ], [ -74.827464, 10.985226 ], [ -74.82762, 10.985476 ], [ -74.827752, 10.98574 ], [ -74.827857, 10.986015 ], [ -74.827943, 10.986182 ], [ -74.828118, 10.986403 ], [ -74.828339, 10.986578 ], [ -74.828506, 10.986666 ], [ -74.828674, 10.986721 ], [ -74.828837, 10.986746 ], [ -74.829002, 10.986747 ], [ -74.829165, 10.986724 ], [ -74.829323, 10.986678 ], [ -74.829472, 10.986608 ], [ -74.829629, 10.986509 ], [ -74.829832, 10.986322 ], [ -74.830673, 10.985256 ], [ -74.830585, 10.985218 ], [ -74.830548, 10.985177 ], [ -74.830365, 10.984502 ], [ -74.831126, 10.98364 ], [ -74.83141, 10.982483 ], [ -74.831306, 10.982255 ], [ -74.831263, 10.982008 ], [ -74.831336, 10.981224 ], [ -74.829542, 10.981433 ], [ -74.829208, 10.980288 ], [ -74.82907, 10.980015 ], [ -74.826821, 10.982561 ], [ -74.82675, 10.984757 ] ] ] } },
{ "type": "Feature", "properties": { "zona_id": 160, "nombre": "El Edén I", "area_m2": 83242.98, "area_valida_m2": 83296.8, "cobertura_pct": 100.0, "ndvi_medio": 0.328, "pct_vegetacion": 44.11, "pct_vegetacion_densa": 9.93, "pct_vegetacion_rala": 34.17, "pct_impermeable": 55.88, "pct_agua": 0.01, "pct_sombra": null, "temp_superficie_c": 44.0, "m2_vegetacion": 36738.49, "m2_impermeable": 46549.67, "rank_menos_vegetacion": 134, "rank_mas_impermeable": 133 }, "geometry": { "type": "Polygon", "coordinates": [ [ [ -74.831233, 10.976278 ], [ -74.831716, 10.97768 ], [ -74.832979, 10.977505 ], [ -74.83312, 10.977475 ], [ -74.833237, 10.977427 ], [ -74.833398, 10.977328 ], [ -74.834467, 10.976531 ], [ -74.835143, 10.975984 ], [ -74.835305, 10.975883 ], [ -74.835474, 10.975806 ], [ -74.835741, 10.975735 ], [ -74.835936, 10.975719 ], [ -74.836171, 10.975742 ], [ -74.836307, 10.974523 ], [ -74.836257, 10.974562 ], [ -74.83535, 10.974868 ], [ -74.834096, 10.975314 ], [ -74.83336, 10.975548 ], [ -74.831233, 10.976278 ] ] ] } },
{ "type": "Feature", "properties": { "zona_id": 161, "nombre": "El Edén 2000", "area_m2": 65449.29, "area_valida_m2": 65429.28, "cobertura_pct": 99.97, "ndvi_medio": 0.245, "pct_vegetacion": 19.26, "pct_vegetacion_densa": 1.98, "pct_vegetacion_rala": 17.28, "pct_impermeable": 80.74, "pct_agua": 0.0, "pct_sombra": null, "temp_superficie_c": 44.84, "m2_vegetacion": 12598.72, "m2_impermeable": 52830.56, "rank_menos_vegetacion": 14, "rank_mas_impermeable": 14 }, "geometry": { "type": "Polygon", "coordinates": [ [ [ -74.826205, 10.979706 ], [ -74.82623, 10.97978 ], [ -74.826295, 10.979832 ], [ -74.826303, 10.979882 ], [ -74.826282, 10.980096 ], [ -74.826486, 10.981131 ], [ -74.826729, 10.982053 ], [ -74.826821, 10.982561 ], [ -74.82907, 10.980015 ], [ -74.828632, 10.979586 ], [ -74.828376, 10.979367 ], [ -74.827809, 10.97884 ], [ -74.827392, 10.97906 ], [ -74.827146, 10.979216 ], [ -74.826688, 10.979591 ], [ -74.826592, 10.979651 ], [ -74.826491, 10.979682 ], [ -74.826205, 10.979706 ] ] ] } },
{ "type": "Feature", "properties": { "zona_id": 162, "nombre": "Las Terrazas", "area_m2": 196488.49, "area_valida_m2": 196449.12, "cobertura_pct": 99.98, "ndvi_medio": 0.489, "pct_vegetacion": 76.69, "pct_vegetacion_densa": 38.17, "pct_vegetacion_rala": 38.52, "pct_impermeable": 23.31, "pct_agua": 0.0, "pct_sombra": null, "temp_superficie_c": 40.39, "m2_vegetacion": 150660.66, "m2_impermeable": 45787.15, "rank_menos_vegetacion": 186, "rank_mas_impermeable": 186 }, "geometry": { "type": "Polygon", "coordinates": [ [ [ -74.819152, 10.985191 ], [ -74.820447, 10.98434 ], [ -74.820958, 10.984089 ], [ -74.821167, 10.984189 ], [ -74.821319, 10.984291 ], [ -74.821454, 10.984414 ], [ -74.82157, 10.984557 ], [ -74.821715, 10.984792 ], [ -74.822041, 10.985601 ], [ -74.822514, 10.985299 ], [ -74.822872, 10.985088 ], [ -74.823203, 10.984969 ], [ -74.823545, 10.984906 ], [ -74.825341, 10.984777 ], [ -74.825227, 10.984379 ], [ -74.825247, 10.98418 ], [ -74.824738, 10.983382 ], [ -74.824384, 10.983468 ], [ -74.823997, 10.983513 ], [ -74.823629, 10.983491 ], [ -74.823388, 10.983441 ], [ -74.823344, 10.983136 ], [ -74.823248, 10.982844 ], [ -74.823156, 10.982659 ], [ -74.822825, 10.982258 ], [ -74.822279, 10.980686 ], [ -74.822118, 10.980269 ], [ -74.821065, 10.980619 ], [ -74.820464, 10.981518 ], [ -74.819415, 10.983169 ], [ -74.818654, 10.984465 ], [ -74.818917, 10.984669 ], [ -74.818938, 10.984805 ], [ -74.819152, 10.985191 ] ] ] } },
{ "type": "Feature", "properties": { "zona_id": 163, "nombre": "Cuchilla de Villate", "area_m2": 175065.86, "area_valida_m2": 175056.48, "cobertura_pct": 99.99, "ndvi_medio": 0.388, "pct_vegetacion": 59.82, "pct_vegetacion_densa": 16.9, "pct_vegetacion_rala": 42.92, "pct_impermeable": 40.18, "pct_agua": 0.0, "pct_sombra": null, "temp_superficie_c": 43.66, "m2_vegetacion": 104718.32, "m2_impermeable": 70338.16, "rank_menos_vegetacion": 173, "rank_mas_impermeable": 172 }, "geometry": { "type": "Polygon", "coordinates": [ [ [ -74.813399, 10.963949 ], [ -74.813538, 10.96395 ], [ -74.813907, 10.963587 ], [ -74.814176, 10.96337 ], [ -74.814461, 10.963173 ], [ -74.814761, 10.963 ], [ -74.815399, 10.962704 ], [ -74.815683, 10.962554 ], [ -74.815954, 10.962384 ], [ -74.816213, 10.962196 ], [ -74.816617, 10.961831 ], [ -74.816795, 10.961575 ], [ -74.816967, 10.961216 ], [ -74.816726, 10.96113 ], [ -74.816341, 10.9609 ], [ -74.815281, 10.960139 ], [ -74.814898, 10.960665 ], [ -74.814284, 10.96045 ], [ -74.81367, 10.961171 ], [ -74.813635, 10.96118 ], [ -74.813527, 10.96118 ], [ -74.813428, 10.961139 ], [ -74.813109, 10.960851 ], [ -74.81247, 10.960505 ], [ -74.811753, 10.961492 ], [ -74.810733, 10.962614 ], [ -74.810461, 10.96294 ], [ -74.810245, 10.963275 ], [ -74.810084, 10.96359 ], [ -74.810345, 10.963709 ], [ -74.810599, 10.963754 ], [ -74.811664, 10.963775 ], [ -74.812402, 10.96388 ], [ -74.812591, 10.963812 ], [ -74.81306, 10.963914 ], [ -74.813399, 10.963949 ] ] ] } },
{ "type": "Feature", "properties": { "zona_id": 164, "nombre": "Villate", "area_m2": 172084.58, "area_valida_m2": 172143.36, "cobertura_pct": 100.0, "ndvi_medio": 0.295, "pct_vegetacion": 38.19, "pct_vegetacion_densa": 3.1, "pct_vegetacion_rala": 35.09, "pct_impermeable": 61.81, "pct_agua": 0.0, "pct_sombra": null, "temp_superficie_c": 46.37, "m2_vegetacion": 65739.89, "m2_impermeable": 106403.47, "rank_menos_vegetacion": 105, "rank_mas_impermeable": 100 }, "geometry": { "type": "Polygon", "coordinates": [ [ [ -74.809425, 10.963217 ], [ -74.810084, 10.96359 ], [ -74.810245, 10.963275 ], [ -74.810461, 10.96294 ], [ -74.810733, 10.962614 ], [ -74.811753, 10.961492 ], [ -74.811928, 10.961254 ], [ -74.811031, 10.960833 ], [ -74.811002, 10.960883 ], [ -74.810427, 10.960575 ], [ -74.809642, 10.960263 ], [ -74.808974, 10.95997 ], [ -74.809294, 10.959376 ], [ -74.809641, 10.958858 ], [ -74.809899, 10.958532 ], [ -74.810177, 10.958222 ], [ -74.810657, 10.957765 ], [ -74.809447, 10.95711 ], [ -74.808775, 10.95824 ], [ -74.806648, 10.961938 ], [ -74.80718, 10.962212 ], [ -74.807657, 10.962436 ], [ -74.808057, 10.962603 ], [ -74.808407, 10.962728 ], [ -74.80902, 10.963005 ], [ -74.809425, 10.963217 ] ] ] } },
{ "type": "Feature", "properties": { "zona_id": 165, "nombre": "Las Granjas", "area_m2": 419793.47, "area_valida_m2": 419817.6, "cobertura_pct": 100.0, "ndvi_medio": 0.427, "pct_vegetacion": 64.45, "pct_vegetacion_densa": 28.59, "pct_vegetacion_rala": 35.86, "pct_impermeable": 35.55, "pct_agua": 0.0, "pct_sombra": null, "temp_superficie_c": 42.87, "m2_vegetacion": 270579.54, "m2_impermeable": 149238.06, "rank_menos_vegetacion": 178, "rank_mas_impermeable": 177 }, "geometry": { "type": "Polygon", "coordinates": [ [ [ -74.822489, 10.92554 ], [ -74.827612, 10.927939 ], [ -74.827974, 10.926911 ], [ -74.827968, 10.926797 ], [ -74.828007, 10.926631 ], [ -74.828099, 10.926487 ], [ -74.828282, 10.926298 ], [ -74.828459, 10.926077 ], [ -74.828707, 10.925632 ], [ -74.828593, 10.925457 ], [ -74.82852, 10.925383 ], [ -74.828439, 10.925331 ], [ -74.828248, 10.925262 ], [ -74.828392, 10.924321 ], [ -74.828456, 10.924129 ], [ -74.82879, 10.923551 ], [ -74.828966, 10.923203 ], [ -74.829116, 10.922652 ], [ -74.829271, 10.92219 ], [ -74.829345, 10.921831 ], [ -74.829031, 10.921799 ], [ -74.828778, 10.92175 ], [ -74.827875, 10.921486 ], [ -74.827643, 10.921431 ], [ -74.826039, 10.921108 ], [ -74.823548, 10.920416 ], [ -74.822745, 10.921863 ], [ -74.822528, 10.922449 ], [ -74.822548, 10.923163 ], [ -74.822489, 10.92554 ] ] ] } },
{ "type": "Feature", "properties": { "zona_id": 166, "nombre": "7 de abril", "area_m2": 1145550.33, "area_valida_m2": 1145687.04, "cobertura_pct": 100.0, "ndvi_medio": 0.361, "pct_vegetacion": 55.62, "pct_vegetacion_densa": 11.47, "pct_vegetacion_rala": 44.15, "pct_impermeable": 44.38, "pct_agua": 0.0, "pct_sombra": null, "temp_superficie_c": 45.62, "m2_vegetacion": 637257.64, "m2_impermeable": 508425.08, "rank_menos_vegetacion": 164, "rank_mas_impermeable": 164 }, "geometry": { "type": "Polygon", "coordinates": [ [ [ -74.81656, 10.932271 ], [ -74.818355, 10.932734 ], [ -74.818406, 10.932329 ], [ -74.818383, 10.931823 ], [ -74.818271, 10.931808 ], [ -74.818238, 10.931497 ], [ -74.81832, 10.930827 ], [ -74.818404, 10.930824 ], [ -74.818649, 10.930713 ], [ -74.819422, 10.929838 ], [ -74.819931, 10.930183 ], [ -74.820508, 10.930334 ], [ -74.822365, 10.931485 ], [ -74.822479, 10.93133 ], [ -74.822602, 10.931057 ], [ -74.822649, 10.930903 ], [ -74.822706, 10.930592 ], [ -74.822713, 10.930365 ], [ -74.822628, 10.929345 ], [ -74.822622, 10.928589 ], [ -74.822632, 10.928523 ], [ -74.823419, 10.926709 ], [ -74.823734, 10.926123 ], [ -74.819563, 10.924162 ], [ -74.818708, 10.923743 ], [ -74.817651, 10.923153 ], [ -74.816875, 10.922826 ], [ -74.816005, 10.922592 ], [ -74.815264, 10.922452 ], [ -74.814504, 10.922431 ], [ -74.81226, 10.922525 ], [ -74.812134, 10.922997 ], [ -74.811976, 10.923438 ], [ -74.811669, 10.9244 ], [ -74.811532, 10.924768 ], [ -74.811501, 10.924907 ], [ -74.811488, 10.925056 ], [ -74.811495, 10.925483 ], [ -74.811485, 10.925648 ], [ -74.811285, 10.926387 ], [ -74.810855, 10.927845 ], [ -74.81075, 10.928282 ], [ -74.810645, 10.928819 ], [ -74.809746, 10.931028 ], [ -74.809687, 10.9311 ], [ -74.810303, 10.931206 ], [ -74.810844, 10.931221 ], [ -74.81138, 10.931259 ], [ -74.811984, 10.931419 ], [ -74.81261, 10.931473 ], [ -74.81269, 10.931485 ], [ -74.812921, 10.93156 ], [ -74.812993, 10.931545 ], [ -74.813122, 10.931468 ], [ -74.813186, 10.931446 ], [ -74.813416, 10.931516 ], [ -74.813714, 10.931674 ], [ -74.814237, 10.931827 ], [ -74.815589, 10.932127 ], [ -74.81656, 10.932271 ] ] ] } },
{ "type": "Feature", "properties": { "zona_id": 167, "nombre": "20 de julio", "area_m2": 322407.0, "area_valida_m2": 322276.32, "cobertura_pct": 99.96, "ndvi_medio": 0.462, "pct_vegetacion": 75.38, "pct_vegetacion_densa": 31.92, "pct_vegetacion_rala": 43.46, "pct_impermeable": 24.62, "pct_agua": 0.0, "pct_sombra": null, "temp_superficie_c": 43.95, "m2_vegetacion": 242921.83, "m2_impermeable": 79354.49, "rank_menos_vegetacion": 185, "rank_mas_impermeable": 185 }, "geometry": { "type": "Polygon", "coordinates": [ [ [ -74.827804, 10.933268 ], [ -74.82822, 10.933237 ], [ -74.828612, 10.933132 ], [ -74.829635, 10.933074 ], [ -74.830153, 10.933089 ], [ -74.830311, 10.933119 ], [ -74.83184, 10.933598 ], [ -74.832726, 10.933979 ], [ -74.833393, 10.934405 ], [ -74.83438, 10.934841 ], [ -74.834366, 10.934679 ], [ -74.834241, 10.934039 ], [ -74.834143, 10.933677 ], [ -74.833904, 10.932985 ], [ -74.833725, 10.932573 ], [ -74.833424, 10.932016 ], [ -74.83317, 10.931621 ], [ -74.832825, 10.931145 ], [ -74.832344, 10.930613 ], [ -74.831819, 10.93013 ], [ -74.831028, 10.929561 ], [ -74.829584, 10.928858 ], [ -74.827612, 10.927939 ], [ -74.827604, 10.92796 ], [ -74.827479, 10.928048 ], [ -74.827354, 10.928204 ], [ -74.827162, 10.928555 ], [ -74.826996, 10.928909 ], [ -74.826866, 10.929292 ], [ -74.826817, 10.929533 ], [ -74.826912, 10.930073 ], [ -74.827056, 10.930524 ], [ -74.827205, 10.931823 ], [ -74.827205, 10.932832 ], [ -74.827789, 10.932832 ], [ -74.827804, 10.933268 ] ] ] } },
{ "type": "Feature", "properties": { "zona_id": 168, "nombre": "Villa San Carlos", "area_m2": 139550.17, "area_valida_m2": 139547.52, "cobertura_pct": 100.0, "ndvi_medio": 0.309, "pct_vegetacion": 44.44, "pct_vegetacion_densa": 5.43, "pct_vegetacion_rala": 39.01, "pct_impermeable": 55.56, "pct_agua": 0.0, "pct_sombra": null, "temp_superficie_c": 45.02, "m2_vegetacion": 62017.16, "m2_impermeable": 77530.36, "rank_menos_vegetacion": 138, "rank_mas_impermeable": 136 }, "geometry": { "type": "Polygon", "coordinates": [ [ [ -74.827851, 10.934587 ], [ -74.828595, 10.934797 ], [ -74.82864, 10.93452 ], [ -74.829315, 10.934753 ], [ -74.829396, 10.935132 ], [ -74.8303, 10.93534 ], [ -74.830623, 10.936417 ], [ -74.830761, 10.93548 ], [ -74.831301, 10.935557 ], [ -74.831335, 10.935365 ], [ -74.833132, 10.93568 ], [ -74.833287, 10.935729 ], [ -74.834356, 10.935973 ], [ -74.834375, 10.93575 ], [ -74.834422, 10.935715 ], [ -74.834402, 10.935093 ], [ -74.83438, 10.934841 ], [ -74.833393, 10.934405 ], [ -74.832726, 10.933979 ], [ -74.83184, 10.933598 ], [ -74.830311, 10.933119 ], [ -74.830153, 10.933089 ], [ -74.829635, 10.933074 ], [ -74.828612, 10.933132 ], [ -74.82822, 10.933237 ], [ -74.827804, 10.933268 ], [ -74.827851, 10.934587 ] ] ] } },
{ "type": "Feature", "properties": { "zona_id": 169, "nombre": "Santa María", "area_m2": 763382.86, "area_valida_m2": 763351.2, "cobertura_pct": 100.0, "ndvi_medio": 0.374, "pct_vegetacion": 59.43, "pct_vegetacion_densa": 14.51, "pct_vegetacion_rala": 44.91, "pct_impermeable": 40.57, "pct_agua": 0.0, "pct_sombra": null, "temp_superficie_c": 44.92, "m2_vegetacion": 453629.11, "m2_impermeable": 309722.09, "rank_menos_vegetacion": 170, "rank_mas_impermeable": 170 }, "geometry": { "type": "Polygon", "coordinates": [ [ [ -74.824151, 10.936312 ], [ -74.825716, 10.936382 ], [ -74.826199, 10.936363 ], [ -74.826391, 10.93635 ], [ -74.82693, 10.93621 ], [ -74.826983, 10.936866 ], [ -74.827406, 10.936883 ], [ -74.827657, 10.93692 ], [ -74.827915, 10.93692 ], [ -74.827864, 10.934957 ], [ -74.827789, 10.932832 ], [ -74.827205, 10.932832 ], [ -74.827205, 10.931823 ], [ -74.827056, 10.930524 ], [ -74.826912, 10.930073 ], [ -74.826817, 10.929533 ], [ -74.826866, 10.929292 ], [ -74.826996, 10.928909 ], [ -74.827162, 10.928555 ], [ -74.827354, 10.928204 ], [ -74.827479, 10.928048 ], [ -74.827604, 10.92796 ], [ -74.827612, 10.927939 ], [ -74.823734, 10.926123 ], [ -74.823419, 10.926709 ], [ -74.822632, 10.928523 ], [ -74.822622, 10.928589 ], [ -74.822628, 10.929345 ], [ -74.822713, 10.930365 ], [ -74.822706, 10.930592 ], [ -74.822649, 10.930903 ], [ -74.822602, 10.931057 ], [ -74.822479, 10.93133 ], [ -74.822365, 10.931485 ], [ -74.820508, 10.930334 ], [ -74.819931, 10.930183 ], [ -74.819422, 10.929838 ], [ -74.818649, 10.930713 ], [ -74.818404, 10.930824 ], [ -74.81832, 10.930827 ], [ -74.818238, 10.931497 ], [ -74.818271, 10.931808 ], [ -74.818383, 10.931823 ], [ -74.818406, 10.932329 ], [ -74.818355, 10.932734 ], [ -74.818639, 10.932806 ], [ -74.818905, 10.932849 ], [ -74.818943, 10.933618 ], [ -74.819371, 10.933635 ], [ -74.819354, 10.933847 ], [ -74.819377, 10.935762 ], [ -74.820923, 10.935737 ], [ -74.820923, 10.93568 ], [ -74.821613, 10.935713 ], [ -74.821717, 10.935779 ], [ -74.822538, 10.935766 ], [ -74.822554, 10.935529 ], [ -74.823172, 10.935613 ], [ -74.824172, 10.935779 ], [ -74.824151, 10.936312 ] ] ] } },
{ "type": "Feature", "properties": { "zona_id": 170, "nombre": "Villa San Pedro II", "area_m2": 362015.5, "area_valida_m2": 361988.64, "cobertura_pct": 99.99, "ndvi_medio": 0.433, "pct_vegetacion": 68.76, "pct_vegetacion_densa": 22.0, "pct_vegetacion_rala": 46.76, "pct_impermeable": 31.24, "pct_agua": 0.0, "pct_sombra": null, "temp_superficie_c": 43.88, "m2_vegetacion": 248897.69, "m2_impermeable": 113090.95, "rank_menos_vegetacion": 181, "rank_mas_impermeable": 181 }, "geometry": { "type": "Polygon", "coordinates": [ [ [ -74.830623, 10.936417 ], [ -74.830336, 10.938045 ], [ -74.829982, 10.939826 ], [ -74.829732, 10.941731 ], [ -74.829708, 10.941949 ], [ -74.829963, 10.941983 ], [ -74.829899, 10.94229 ], [ -74.829694, 10.942948 ], [ -74.829568, 10.943598 ], [ -74.831041, 10.943317 ], [ -74.831343, 10.943244 ], [ -74.831661, 10.943205 ], [ -74.832027, 10.943191 ], [ -74.832316, 10.943197 ], [ -74.833726, 10.943318 ], [ -74.83385, 10.942083 ], [ -74.8339, 10.940159 ], [ -74.834356, 10.935973 ], [ -74.833287, 10.935729 ], [ -74.833132, 10.93568 ], [ -74.831335, 10.935365 ], [ -74.831301, 10.935557 ], [ -74.830761, 10.93548 ], [ -74.830623, 10.936417 ] ] ] } },
{ "type": "Feature", "properties": { "zona_id": 171, "nombre": "Carrizal", "area_m2": 1078746.09, "area_valida_m2": 1078693.92, "cobertura_pct": 100.0, "ndvi_medio": 0.322, "pct_vegetacion": 45.21, "pct_vegetacion_densa": 6.68, "pct_vegetacion_rala": 38.54, "pct_impermeable": 54.79, "pct_agua": 0.0, "pct_sombra": null, "temp_superficie_c": 46.7, "m2_vegetacion": 487699.39, "m2_impermeable": 590994.53, "rank_menos_vegetacion": 141, "rank_mas_impermeable": 140 }, "geometry": { "type": "Polygon", "coordinates": [ [ [ -74.801538, 10.94091 ], [ -74.803962, 10.942644 ], [ -74.80486, 10.943228 ], [ -74.806283, 10.944082 ], [ -74.806462, 10.944283 ], [ -74.80666, 10.944467 ], [ -74.806987, 10.944705 ], [ -74.807223, 10.944837 ], [ -74.808578, 10.945471 ], [ -74.808941, 10.944668 ], [ -74.809456, 10.943827 ], [ -74.809259, 10.943682 ], [ -74.808144, 10.943109 ], [ -74.808518, 10.942486 ], [ -74.8082, 10.942352 ], [ -74.808464, 10.941323 ], [ -74.808681, 10.940837 ], [ -74.809268, 10.940111 ], [ -74.809395, 10.939917 ], [ -74.809498, 10.939711 ], [ -74.809867, 10.938708 ], [ -74.81014, 10.937719 ], [ -74.810274, 10.937429 ], [ -74.810465, 10.937171 ], [ -74.810602, 10.937032 ], [ -74.811089, 10.93662 ], [ -74.811301, 10.936386 ], [ -74.811419, 10.936195 ], [ -74.811768, 10.935477 ], [ -74.811855, 10.935354 ], [ -74.811964, 10.935249 ], [ -74.812091, 10.935167 ], [ -74.812381, 10.93504 ], [ -74.812608, 10.934919 ], [ -74.813146, 10.934573 ], [ -74.813908, 10.934057 ], [ -74.813947, 10.934079 ], [ -74.814555, 10.933774 ], [ -74.815408, 10.933392 ], [ -74.816605, 10.932829 ], [ -74.816953, 10.93237 ], [ -74.81656, 10.932271 ], [ -74.815589, 10.932127 ], [ -74.814237, 10.931827 ], [ -74.813714, 10.931674 ], [ -74.813416, 10.931516 ], [ -74.813186, 10.931446 ], [ -74.813122, 10.931468 ], [ -74.812993, 10.931545 ], [ -74.812921, 10.93156 ], [ -74.81269, 10.931485 ], [ -74.81261, 10.931473 ], [ -74.811984, 10.931419 ], [ -74.81138, 10.931259 ], [ -74.810844, 10.931221 ], [ -74.810303, 10.931206 ], [ -74.809687, 10.9311 ], [ -74.809171, 10.931563 ], [ -74.808748, 10.931879 ], [ -74.806309, 10.933611 ], [ -74.805722, 10.934077 ], [ -74.80551, 10.934328 ], [ -74.805334, 10.934483 ], [ -74.804687, 10.93498 ], [ -74.804998, 10.9354 ], [ -74.80472, 10.935631 ], [ -74.804593, 10.935704 ], [ -74.804539, 10.935685 ], [ -74.804491, 10.935707 ], [ -74.804418, 10.935801 ], [ -74.80434, 10.935856 ], [ -74.804029, 10.935946 ], [ -74.803998, 10.936006 ], [ -74.804001, 10.936095 ], [ -74.80397, 10.936148 ], [ -74.803887, 10.936185 ], [ -74.803619, 10.936247 ], [ -74.803451, 10.936344 ], [ -74.803326, 10.936552 ], [ -74.803081, 10.937066 ], [ -74.802908, 10.937271 ], [ -74.802713, 10.937421 ], [ -74.802691, 10.93832 ], [ -74.802388, 10.938319 ], [ -74.802398, 10.938406 ], [ -74.802443, 10.938485 ], [ -74.802502, 10.938544 ], [ -74.802896, 10.938813 ], [ -74.80239, 10.939553 ], [ -74.802246, 10.939657 ], [ -74.802116, 10.939778 ], [ -74.801953, 10.939989 ], [ -74.801657, 10.940515 ], [ -74.801538, 10.94091 ] ] ] } },
{ "type": "Feature", "properties": { "zona_id": 172, "nombre": "Las Gardenias", "area_m2": 237881.45, "area_valida_m2": 238165.92, "cobertura_pct": 100.0, "ndvi_medio": 0.295, "pct_vegetacion": 37.41, "pct_vegetacion_densa": 4.2, "pct_vegetacion_rala": 33.21, "pct_impermeable": 62.59, "pct_agua": 0.0, "pct_sombra": null, "temp_superficie_c": 42.71, "m2_vegetacion": 89106.47, "m2_impermeable": 149059.45, "rank_menos_vegetacion": 98, "rank_mas_impermeable": 93 }, "geometry": { "type": "Polygon", "coordinates": [ [ [ -74.827851, 10.934587 ], [ -74.827931, 10.937606 ], [ -74.827927, 10.940401 ], [ -74.82794, 10.942191 ], [ -74.827903, 10.942714 ], [ -74.827628, 10.943283 ], [ -74.827556, 10.943894 ], [ -74.827506, 10.944022 ], [ -74.829568, 10.943598 ], [ -74.829694, 10.942948 ], [ -74.829899, 10.94229 ], [ -74.829963, 10.941983 ], [ -74.829708, 10.941949 ], [ -74.829732, 10.941731 ], [ -74.829982, 10.939826 ], [ -74.830336, 10.938045 ], [ -74.830623, 10.936417 ], [ -74.8303, 10.93534 ], [ -74.829396, 10.935132 ], [ -74.829315, 10.934753 ], [ -74.82864, 10.93452 ], [ -74.828595, 10.934797 ], [ -74.827851, 10.934587 ] ] ] } },
{ "type": "Feature", "properties": { "zona_id": 173, "nombre": "San Luís", "area_m2": 291534.61, "area_valida_m2": 291519.36, "cobertura_pct": 99.99, "ndvi_medio": 0.32, "pct_vegetacion": 50.96, "pct_vegetacion_densa": 4.25, "pct_vegetacion_rala": 46.7, "pct_impermeable": 49.04, "pct_agua": 0.0, "pct_sombra": null, "temp_superficie_c": 46.12, "m2_vegetacion": 148543.76, "m2_impermeable": 142975.6, "rank_menos_vegetacion": 156, "rank_mas_impermeable": 155 }, "geometry": { "type": "Polygon", "coordinates": [ [ [ -74.824997, 10.936348 ], [ -74.824762, 10.940792 ], [ -74.824609, 10.943103 ], [ -74.824614, 10.943734 ], [ -74.824659, 10.94447 ], [ -74.824728, 10.944682 ], [ -74.825512, 10.944448 ], [ -74.827506, 10.944022 ], [ -74.827556, 10.943894 ], [ -74.827628, 10.943283 ], [ -74.827903, 10.942714 ], [ -74.82794, 10.942191 ], [ -74.827927, 10.940401 ], [ -74.827931, 10.937606 ], [ -74.827915, 10.93692 ], [ -74.827657, 10.93692 ], [ -74.827406, 10.936883 ], [ -74.826983, 10.936866 ], [ -74.82693, 10.93621 ], [ -74.826391, 10.93635 ], [ -74.826199, 10.936363 ], [ -74.825716, 10.936382 ], [ -74.824997, 10.936348 ] ] ] } },
{ "type": "Feature", "properties": { "zona_id": 174, "nombre": "Santo Domingo de Guzmán", "area_m2": 1127750.04, "area_valida_m2": 1127743.2, "cobertura_pct": 100.0, "ndvi_medio": 0.355, "pct_vegetacion": 56.83, "pct_vegetacion_densa": 9.25, "pct_vegetacion_rala": 47.57, "pct_impermeable": 43.17, "pct_agua": 0.0, "pct_sombra": null, "temp_superficie_c": 45.37, "m2_vegetacion": 640878.55, "m2_impermeable": 486855.66, "rank_menos_vegetacion": 167, "rank_mas_impermeable": 167 }, "geometry": { "type": "Polygon", "coordinates": [ [ [ -74.817166, 10.943604 ], [ -74.817469, 10.943833 ], [ -74.817517, 10.943847 ], [ -74.81761, 10.943837 ], [ -74.817671, 10.943783 ], [ -74.817823, 10.943526 ], [ -74.817998, 10.943308 ], [ -74.818104, 10.943218 ], [ -74.818179, 10.943176 ], [ -74.818392, 10.943091 ], [ -74.818457, 10.942852 ], [ -74.818878, 10.942968 ], [ -74.819637, 10.942795 ], [ -74.81973, 10.942805 ], [ -74.819958, 10.942868 ], [ -74.820012, 10.942913 ], [ -74.820049, 10.942979 ], [ -74.820123, 10.943458 ], [ -74.820225, 10.943913 ], [ -74.820257, 10.943988 ], [ -74.82038, 10.944119 ], [ -74.820469, 10.944174 ], [ -74.820561, 10.944204 ], [ -74.820635, 10.944201 ], [ -74.820856, 10.944121 ], [ -74.82092, 10.944117 ], [ -74.821285, 10.944223 ], [ -74.821615, 10.944959 ], [ -74.821866, 10.94565 ], [ -74.823056, 10.945234 ], [ -74.824728, 10.944682 ], [ -74.824659, 10.94447 ], [ -74.824614, 10.943734 ], [ -74.824609, 10.943103 ], [ -74.824762, 10.940792 ], [ -74.824997, 10.936348 ], [ -74.824151, 10.936312 ], [ -74.824172, 10.935779 ], [ -74.823172, 10.935613 ], [ -74.822554, 10.935529 ], [ -74.822538, 10.935766 ], [ -74.821717, 10.935779 ], [ -74.821613, 10.935713 ], [ -74.820923, 10.93568 ], [ -74.820923, 10.935737 ], [ -74.819377, 10.935762 ], [ -74.819354, 10.933847 ], [ -74.819371, 10.933635 ], [ -74.818943, 10.933618 ], [ -74.818905, 10.932849 ], [ -74.818639, 10.932806 ], [ -74.816953, 10.93237 ], [ -74.816605, 10.932829 ], [ -74.815408, 10.933392 ], [ -74.814555, 10.933774 ], [ -74.813947, 10.934079 ], [ -74.813908, 10.934057 ], [ -74.813146, 10.934573 ], [ -74.812608, 10.934919 ], [ -74.812026, 10.935205 ], [ -74.811907, 10.935299 ], [ -74.811768, 10.935477 ], [ -74.811376, 10.936266 ], [ -74.811912, 10.93649 ], [ -74.812507, 10.93671 ], [ -74.812727, 10.936811 ], [ -74.813282, 10.937215 ], [ -74.814095, 10.937703 ], [ -74.814242, 10.937829 ], [ -74.814567, 10.938165 ], [ -74.815037, 10.938757 ], [ -74.81532, 10.939038 ], [ -74.815511, 10.939189 ], [ -74.816235, 10.939636 ], [ -74.816344, 10.93975 ], [ -74.816565, 10.940108 ], [ -74.816727, 10.940402 ], [ -74.816876, 10.940561 ], [ -74.817149, 10.940773 ], [ -74.817599, 10.941053 ], [ -74.81804, 10.941282 ], [ -74.81785, 10.9417 ], [ -74.817523, 10.942515 ], [ -74.817294, 10.943137 ], [ -74.817166, 10.943604 ] ] ] } },
{ "type": "Feature", "properties": { "zona_id": 175, "nombre": "Las Américas", "area_m2": 728728.0, "area_valida_m2": 728707.68, "cobertura_pct": 100.0, "ndvi_medio": 0.351, "pct_vegetacion": 53.2, "pct_vegetacion_densa": 10.05, "pct_vegetacion_rala": 43.15, "pct_impermeable": 46.8, "pct_agua": 0.0, "pct_sombra": null, "temp_superficie_c": 45.0, "m2_vegetacion": 387639.52, "m2_impermeable": 341068.16, "rank_menos_vegetacion": 160, "rank_mas_impermeable": 160 }, "geometry": { "type": "Polygon", "coordinates": [ [ [ -74.809456, 10.943827 ], [ -74.81, 10.94414 ], [ -74.810225, 10.943846 ], [ -74.810731, 10.943323 ], [ -74.810823, 10.943415 ], [ -74.811155, 10.943919 ], [ -74.811724, 10.944526 ], [ -74.811761, 10.944982 ], [ -74.811783, 10.945761 ], [ -74.811804, 10.945844 ], [ -74.811844, 10.945919 ], [ -74.81279, 10.947026 ], [ -74.812899, 10.946953 ], [ -74.81358, 10.947373 ], [ -74.813893, 10.946769 ], [ -74.814586, 10.945969 ], [ -74.814904, 10.946031 ], [ -74.815155, 10.945603 ], [ -74.815397, 10.945359 ], [ -74.81577, 10.945053 ], [ -74.816076, 10.944701 ], [ -74.816392, 10.944416 ], [ -74.816748, 10.944137 ], [ -74.816897, 10.943973 ], [ -74.816986, 10.943898 ], [ -74.817099, 10.943752 ], [ -74.817166, 10.943604 ], [ -74.817294, 10.943137 ], [ -74.817523, 10.942515 ], [ -74.81785, 10.9417 ], [ -74.81804, 10.941282 ], [ -74.817599, 10.941053 ], [ -74.817149, 10.940773 ], [ -74.816876, 10.940561 ], [ -74.816727, 10.940402 ], [ -74.816565, 10.940108 ], [ -74.816344, 10.93975 ], [ -74.816235, 10.939636 ], [ -74.815511, 10.939189 ], [ -74.81532, 10.939038 ], [ -74.815037, 10.938757 ], [ -74.814567, 10.938165 ], [ -74.814242, 10.937829 ], [ -74.814095, 10.937703 ], [ -74.813282, 10.937215 ], [ -74.812727, 10.936811 ], [ -74.812507, 10.93671 ], [ -74.811912, 10.93649 ], [ -74.811376, 10.936266 ], [ -74.811301, 10.936386 ], [ -74.811089, 10.93662 ], [ -74.810602, 10.937032 ], [ -74.810465, 10.937171 ], [ -74.810332, 10.937339 ], [ -74.810223, 10.937522 ], [ -74.81014, 10.937719 ], [ -74.809867, 10.938708 ], [ -74.809498, 10.939711 ], [ -74.809395, 10.939917 ], [ -74.809268, 10.940111 ], [ -74.808681, 10.940837 ], [ -74.808464, 10.941323 ], [ -74.8082, 10.942352 ], [ -74.808518, 10.942486 ], [ -74.808144, 10.943109 ], [ -74.809259, 10.943682 ], [ -74.809456, 10.943827 ] ] ] } },
{ "type": "Feature", "properties": { "zona_id": 176, "nombre": "El Santuario", "area_m2": 478937.12, "area_valida_m2": 479196.0, "cobertura_pct": 100.0, "ndvi_medio": 0.316, "pct_vegetacion": 44.41, "pct_vegetacion_densa": 5.09, "pct_vegetacion_rala": 39.33, "pct_impermeable": 55.58, "pct_agua": 0.0, "pct_sombra": null, "temp_superficie_c": 46.84, "m2_vegetacion": 212827.0, "m2_impermeable": 266358.74, "rank_menos_vegetacion": 137, "rank_mas_impermeable": 135 }, "geometry": { "type": "Polygon", "coordinates": [ [ [ -74.800542, 10.948317 ], [ -74.80089, 10.948322 ], [ -74.801584, 10.948283 ], [ -74.802023, 10.948322 ], [ -74.801913, 10.948607 ], [ -74.803056, 10.949126 ], [ -74.803566, 10.948309 ], [ -74.803574, 10.947776 ], [ -74.807318, 10.947755 ], [ -74.807545, 10.947777 ], [ -74.807768, 10.947822 ], [ -74.807986, 10.947889 ], [ -74.808228, 10.947998 ], [ -74.808392, 10.94776 ], [ -74.808416, 10.947665 ], [ -74.808389, 10.946727 ], [ -74.808433, 10.946107 ], [ -74.808578, 10.945471 ], [ -74.807223, 10.944837 ], [ -74.806987, 10.944705 ], [ -74.80666, 10.944467 ], [ -74.806462, 10.944283 ], [ -74.806283, 10.944082 ], [ -74.80486, 10.943228 ], [ -74.803962, 10.942644 ], [ -74.801538, 10.94091 ], [ -74.801473, 10.941122 ], [ -74.801401, 10.941178 ], [ -74.801293, 10.941201 ], [ -74.801227, 10.941407 ], [ -74.800513, 10.942421 ], [ -74.800555, 10.943307 ], [ -74.800523, 10.943644 ], [ -74.800542, 10.948317 ] ] ] } },
{ "type": "Feature", "properties": { "zona_id": 177, "nombre": "Kennedy", "area_m2": 221623.12, "area_valida_m2": 221457.6, "cobertura_pct": 99.93, "ndvi_medio": 0.307, "pct_vegetacion": 41.57, "pct_vegetacion_densa": 4.36, "pct_vegetacion_rala": 37.21, "pct_impermeable": 58.43, "pct_agua": 0.0, "pct_sombra": null, "temp_superficie_c": 46.45, "m2_vegetacion": 92058.28, "m2_impermeable": 129399.32, "rank_menos_vegetacion": 124, "rank_mas_impermeable": 124 }, "geometry": { "type": "Polygon", "coordinates": [ [ [ -74.807068, 10.95236 ], [ -74.808037, 10.953069 ], [ -74.808432, 10.952526 ], [ -74.808521, 10.952362 ], [ -74.808584, 10.952187 ], [ -74.808621, 10.952005 ], [ -74.808628, 10.951463 ], [ -74.808591, 10.951287 ], [ -74.808468, 10.951009 ], [ -74.808451, 10.950888 ], [ -74.808455, 10.950728 ], [ -74.808481, 10.950532 ], [ -74.808614, 10.950115 ], [ -74.808652, 10.949926 ], [ -74.808705, 10.949481 ], [ -74.808723, 10.949094 ], [ -74.808748, 10.948927 ], [ -74.808754, 10.948602 ], [ -74.808785, 10.948435 ], [ -74.808838, 10.948273 ], [ -74.808536, 10.948258 ], [ -74.808352, 10.948078 ], [ -74.808091, 10.947931 ], [ -74.807768, 10.947822 ], [ -74.807432, 10.947763 ], [ -74.807204, 10.947753 ], [ -74.803574, 10.947776 ], [ -74.803565, 10.948338 ], [ -74.803696, 10.948711 ], [ -74.803729, 10.948934 ], [ -74.804752, 10.949504 ], [ -74.804123, 10.950347 ], [ -74.804101, 10.950397 ], [ -74.805012, 10.950957 ], [ -74.807068, 10.95236 ] ] ] } },
{ "type": "Feature", "properties": { "zona_id": 178, "nombre": "Los Continentes", "area_m2": 142316.45, "area_valida_m2": 142349.76, "cobertura_pct": 100.0, "ndvi_medio": 0.318, "pct_vegetacion": 43.5, "pct_vegetacion_densa": 5.22, "pct_vegetacion_rala": 38.28, "pct_impermeable": 56.49, "pct_agua": 0.01, "pct_sombra": null, "temp_superficie_c": 46.34, "m2_vegetacion": 61927.31, "m2_impermeable": 80407.96, "rank_menos_vegetacion": 132, "rank_mas_impermeable": 131 }, "geometry": { "type": "Polygon", "coordinates": [ [ [ -74.802938, 10.952313 ], [ -74.803563, 10.952556 ], [ -74.803917, 10.952757 ], [ -74.805169, 10.953562 ], [ -74.805539, 10.953121 ], [ -74.806046, 10.953449 ], [ -74.806756, 10.952672 ], [ -74.807068, 10.95236 ], [ -74.805012, 10.950957 ], [ -74.804101, 10.950397 ], [ -74.804123, 10.950347 ], [ -74.804752, 10.949504 ], [ -74.803729, 10.948934 ], [ -74.803696, 10.948711 ], [ -74.803565, 10.948338 ], [ -74.803566, 10.948309 ], [ -74.803056, 10.949126 ], [ -74.802902, 10.949407 ], [ -74.802141, 10.950683 ], [ -74.802071, 10.950652 ], [ -74.801685, 10.951518 ], [ -74.802998, 10.952155 ], [ -74.802938, 10.952313 ] ] ] } },
{ "type": "Feature", "properties": { "zona_id": 179, "nombre": "La Sierrita", "area_m2": 644254.04, "area_valida_m2": 644205.6, "cobertura_pct": 99.99, "ndvi_medio": 0.35, "pct_vegetacion": 53.62, "pct_vegetacion_densa": 9.48, "pct_vegetacion_rala": 44.14, "pct_impermeable": 46.38, "pct_agua": 0.0, "pct_sombra": null, "temp_superficie_c": 45.37, "m2_vegetacion": 345442.14, "m2_impermeable": 298763.46, "rank_menos_vegetacion": 161, "rank_mas_impermeable": 161 }, "geometry": { "type": "Polygon", "coordinates": [ [ [ -74.808037, 10.953069 ], [ -74.808685, 10.953591 ], [ -74.810835, 10.951369 ], [ -74.811354, 10.950859 ], [ -74.812598, 10.949576 ], [ -74.812978, 10.94923 ], [ -74.813458, 10.948848 ], [ -74.813891, 10.948548 ], [ -74.814174, 10.948392 ], [ -74.814509, 10.948214 ], [ -74.815242, 10.947888 ], [ -74.815408, 10.947827 ], [ -74.818305, 10.946836 ], [ -74.819148, 10.946567 ], [ -74.821866, 10.94565 ], [ -74.821615, 10.944959 ], [ -74.821285, 10.944223 ], [ -74.82092, 10.944117 ], [ -74.820856, 10.944121 ], [ -74.820635, 10.944201 ], [ -74.820561, 10.944204 ], [ -74.820469, 10.944174 ], [ -74.820322, 10.944068 ], [ -74.820257, 10.943988 ], [ -74.820225, 10.943913 ], [ -74.820123, 10.943458 ], [ -74.820049, 10.942979 ], [ -74.820012, 10.942913 ], [ -74.819958, 10.942868 ], [ -74.81973, 10.942805 ], [ -74.819637, 10.942795 ], [ -74.818878, 10.942968 ], [ -74.818457, 10.942852 ], [ -74.818392, 10.943091 ], [ -74.818179, 10.943176 ], [ -74.818104, 10.943218 ], [ -74.817998, 10.943308 ], [ -74.817823, 10.943526 ], [ -74.817671, 10.943783 ], [ -74.81761, 10.943837 ], [ -74.817517, 10.943847 ], [ -74.817469, 10.943833 ], [ -74.817166, 10.943604 ], [ -74.817099, 10.943752 ], [ -74.816986, 10.943898 ], [ -74.816897, 10.943973 ], [ -74.816748, 10.944137 ], [ -74.816392, 10.944416 ], [ -74.816076, 10.944701 ], [ -74.81577, 10.945053 ], [ -74.815397, 10.945359 ], [ -74.815155, 10.945603 ], [ -74.814904, 10.946031 ], [ -74.814586, 10.945969 ], [ -74.813893, 10.946769 ], [ -74.81358, 10.947373 ], [ -74.812899, 10.946953 ], [ -74.81279, 10.947026 ], [ -74.811844, 10.945919 ], [ -74.811804, 10.945844 ], [ -74.811783, 10.945761 ], [ -74.811761, 10.944982 ], [ -74.811724, 10.944526 ], [ -74.811155, 10.943919 ], [ -74.810823, 10.943415 ], [ -74.810731, 10.943323 ], [ -74.810225, 10.943846 ], [ -74.81, 10.94414 ], [ -74.809456, 10.943827 ], [ -74.808941, 10.944668 ], [ -74.808564, 10.945502 ], [ -74.808433, 10.946107 ], [ -74.808389, 10.946727 ], [ -74.808416, 10.947665 ], [ -74.808392, 10.94776 ], [ -74.808228, 10.947998 ], [ -74.80841, 10.948124 ], [ -74.808536, 10.948258 ], [ -74.808838, 10.948273 ], [ -74.808785, 10.948435 ], [ -74.808754, 10.948602 ], [ -74.808748, 10.948927 ], [ -74.808723, 10.949094 ], [ -74.808705, 10.949481 ], [ -74.808652, 10.949926 ], [ -74.808614, 10.950115 ], [ -74.808481, 10.950532 ], [ -74.808455, 10.950728 ], [ -74.808451, 10.950888 ], [ -74.808468, 10.951009 ], [ -74.808591, 10.951287 ], [ -74.808622, 10.951403 ], [ -74.80863, 10.951912 ], [ -74.808606, 10.952097 ], [ -74.808556, 10.952276 ], [ -74.808479, 10.952446 ], [ -74.808037, 10.953069 ] ] ] } },
{ "type": "Feature", "properties": { "zona_id": 180, "nombre": "La Sierra", "area_m2": 351484.15, "area_valida_m2": 351620.64, "cobertura_pct": 100.0, "ndvi_medio": 0.284, "pct_vegetacion": 33.83, "pct_vegetacion_densa": 4.27, "pct_vegetacion_rala": 29.56, "pct_impermeable": 66.12, "pct_agua": 0.05, "pct_sombra": null, "temp_superficie_c": 45.85, "m2_vegetacion": 118965.51, "m2_impermeable": 232481.72, "rank_menos_vegetacion": 78, "rank_mas_impermeable": 76 }, "geometry": { "type": "Polygon", "coordinates": [ [ [ -74.800581, 10.955649 ], [ -74.80152, 10.956698 ], [ -74.802036, 10.957314 ], [ -74.802405, 10.957718 ], [ -74.803339, 10.958804 ], [ -74.803501, 10.958908 ], [ -74.803636, 10.958942 ], [ -74.804126, 10.958936 ], [ -74.804196, 10.958946 ], [ -74.804474, 10.959094 ], [ -74.805344, 10.957947 ], [ -74.806094, 10.956722 ], [ -74.805809, 10.956542 ], [ -74.806394, 10.955923 ], [ -74.807526, 10.954796 ], [ -74.808198, 10.954078 ], [ -74.808685, 10.953591 ], [ -74.808006, 10.953044 ], [ -74.807068, 10.95236 ], [ -74.806756, 10.952672 ], [ -74.806046, 10.953449 ], [ -74.805539, 10.953121 ], [ -74.805169, 10.953562 ], [ -74.803917, 10.952757 ], [ -74.803563, 10.952556 ], [ -74.802938, 10.952313 ], [ -74.802598, 10.953158 ], [ -74.80239, 10.953746 ], [ -74.802288, 10.953889 ], [ -74.802031, 10.954087 ], [ -74.801627, 10.954205 ], [ -74.801412, 10.954337 ], [ -74.800306, 10.955319 ], [ -74.800581, 10.955649 ] ] ] } },
{ "type": "Feature", "properties": { "zona_id": 181, "nombre": "Villa Sevilla", "area_m2": 80707.6, "area_valida_m2": 59751.36, "cobertura_pct": 74.03, "ndvi_medio": 0.286, "pct_vegetacion": 34.19, "pct_vegetacion_densa": 1.15, "pct_vegetacion_rala": 33.04, "pct_impermeable": 65.81, "pct_agua": 0.0, "pct_sombra": null, "temp_superficie_c": 46.11, "m2_vegetacion": 20429.33, "m2_impermeable": 39322.03, "rank_menos_vegetacion": 80, "rank_mas_impermeable": 77 }, "geometry": { "type": "Polygon", "coordinates": [ [ [ -74.802038, 10.921762 ], [ -74.801714, 10.921796 ], [ -74.801516, 10.921836 ], [ -74.800817, 10.921817 ], [ -74.800615, 10.921785 ], [ -74.799742, 10.921462 ], [ -74.799534, 10.921415 ], [ -74.799155, 10.921292 ], [ -74.799153, 10.921619 ], [ -74.799007, 10.921658 ], [ -74.798862, 10.921813 ], [ -74.798453, 10.922031 ], [ -74.798314, 10.922153 ], [ -74.798233, 10.922278 ], [ -74.798183, 10.922404 ], [ -74.798105, 10.922955 ], [ -74.798026, 10.923136 ], [ -74.797927, 10.923211 ], [ -74.797824, 10.923262 ], [ -74.797603, 10.923305 ], [ -74.797449, 10.923351 ], [ -74.797245, 10.923449 ], [ -74.79722, 10.923473 ], [ -74.797208, 10.923534 ], [ -74.80211, 10.923277 ], [ -74.802038, 10.921762 ] ] ] } },
{ "type": "Feature", "properties": { "zona_id": 182, "nombre": "Los Girasoles", "area_m2": 166258.21, "area_valida_m2": 166190.4, "cobertura_pct": 99.96, "ndvi_medio": 0.271, "pct_vegetacion": 24.58, "pct_vegetacion_densa": 1.98, "pct_vegetacion_rala": 22.59, "pct_impermeable": 75.42, "pct_agua": 0.0, "pct_sombra": null, "temp_superficie_c": 48.06, "m2_vegetacion": 40843.72, "m2_impermeable": 125346.68, "rank_menos_vegetacion": 34, "rank_mas_impermeable": 31 }, "geometry": { "type": "Polygon", "coordinates": [ [ [ -74.80686, 10.923029 ], [ -74.80268, 10.923248 ], [ -74.802692, 10.92608 ], [ -74.805032, 10.926134 ], [ -74.805035, 10.9264 ], [ -74.806151, 10.926403 ], [ -74.807192, 10.926203 ], [ -74.807383, 10.926415 ], [ -74.807619, 10.926406 ], [ -74.80785, 10.926238 ], [ -74.807056, 10.925139 ], [ -74.806952, 10.924586 ], [ -74.80686, 10.923029 ] ] ] } },
{ "type": "Feature", "properties": { "zona_id": 183, "nombre": "Las Cayenas", "area_m2": 128820.76, "area_valida_m2": 128802.24, "cobertura_pct": 99.99, "ndvi_medio": 0.349, "pct_vegetacion": 52.68, "pct_vegetacion_densa": 10.34, "pct_vegetacion_rala": 42.34, "pct_impermeable": 47.32, "pct_agua": 0.0, "pct_sombra": null, "temp_superficie_c": 43.34, "m2_vegetacion": 67854.19, "m2_impermeable": 60948.05, "rank_menos_vegetacion": 159, "rank_mas_impermeable": 159 }, "geometry": { "type": "Polygon", "coordinates": [ [ [ -74.806947, 10.924502 ], [ -74.80699, 10.924448 ], [ -74.807053, 10.924417 ], [ -74.807125, 10.9244 ], [ -74.807216, 10.924424 ], [ -74.807667, 10.924649 ], [ -74.809187, 10.925254 ], [ -74.809574, 10.925377 ], [ -74.80981, 10.925417 ], [ -74.810248, 10.925428 ], [ -74.810512, 10.925417 ], [ -74.810821, 10.925332 ], [ -74.811017, 10.925253 ], [ -74.811171, 10.92517 ], [ -74.811488, 10.925052 ], [ -74.811501, 10.924907 ], [ -74.811532, 10.924768 ], [ -74.811669, 10.9244 ], [ -74.811976, 10.923438 ], [ -74.812134, 10.922997 ], [ -74.8122, 10.92275 ], [ -74.80686, 10.923029 ], [ -74.806947, 10.924502 ] ] ] } },
{ "type": "Feature", "properties": { "zona_id": 184, "nombre": "Vía a Juan Mina", "area_m2": 3438408.79, "area_valida_m2": 3438112.32, "cobertura_pct": 99.99, "ndvi_medio": 0.552, "pct_vegetacion": 83.8, "pct_vegetacion_densa": 52.35, "pct_vegetacion_rala": 31.44, "pct_impermeable": 16.13, "pct_agua": 0.07, "pct_sombra": null, "temp_superficie_c": 41.39, "m2_vegetacion": 2881085.78, "m2_impermeable": 554666.83, "rank_menos_vegetacion": 188, "rank_mas_impermeable": 188 }, "geometry": { "type": "Polygon", "coordinates": [ [ [ -74.836078, 10.984955 ], [ -74.836383, 10.984936 ], [ -74.836664, 10.984882 ], [ -74.846904, 10.982294 ], [ -74.847067, 10.982246 ], [ -74.847302, 10.982152 ], [ -74.848331, 10.981676 ], [ -74.850405, 10.980667 ], [ -74.869586, 10.971455 ], [ -74.873767, 10.969417 ], [ -74.887721, 10.962705 ], [ -74.902379, 10.955581 ], [ -74.902397, 10.955428 ], [ -74.902314, 10.95512 ], [ -74.902395, 10.955004 ], [ -74.902576, 10.954959 ], [ -74.902893, 10.955039 ], [ -74.903073, 10.955021 ], [ -74.903227, 10.954905 ], [ -74.903435, 10.95461 ], [ -74.903444, 10.954458 ], [ -74.903426, 10.954289 ], [ -74.903353, 10.95411 ], [ -74.903227, 10.953914 ], [ -74.903019, 10.953485 ], [ -74.90291, 10.953315 ], [ -74.902612, 10.952958 ], [ -74.902512, 10.952762 ], [ -74.902567, 10.952672 ], [ -74.902775, 10.952601 ], [ -74.903037, 10.952565 ], [ -74.90319, 10.95236 ], [ -74.903254, 10.952243 ], [ -74.903498, 10.952208 ], [ -74.903696, 10.952154 ], [ -74.903796, 10.952065 ], [ -74.903841, 10.951824 ], [ -74.903687, 10.951699 ], [ -74.903633, 10.951511 ], [ -74.903642, 10.951386 ], [ -74.903678, 10.951288 ], [ -74.903768, 10.951154 ], [ -74.903886, 10.951047 ], [ -74.90413, 10.950921 ], [ -74.904094, 10.950636 ], [ -74.904347, 10.950636 ], [ -74.904428, 10.95077 ], [ -74.904428, 10.950975 ], [ -74.904455, 10.95118 ], [ -74.904564, 10.95135 ], [ -74.904745, 10.951261 ], [ -74.904772, 10.951073 ], [ -74.904835, 10.95093 ], [ -74.90497, 10.950787 ], [ -74.905251, 10.950734 ], [ -74.905359, 10.950537 ], [ -74.905278, 10.95035 ], [ -74.905119, 10.950098 ], [ -74.90349, 10.950004 ], [ -74.895987, 10.95365 ], [ -74.896021, 10.953805 ], [ -74.896018, 10.953933 ], [ -74.895988, 10.954057 ], [ -74.895933, 10.954173 ], [ -74.896163, 10.95482 ], [ -74.896937, 10.955732 ], [ -74.889775, 10.959211 ], [ -74.889529, 10.959353 ], [ -74.889468, 10.959222 ], [ -74.889458, 10.959157 ], [ -74.889539, 10.959067 ], [ -74.889595, 10.958972 ], [ -74.889635, 10.958841 ], [ -74.889635, 10.958766 ], [ -74.889554, 10.958641 ], [ -74.889549, 10.958575 ], [ -74.889615, 10.958455 ], [ -74.889691, 10.95838 ], [ -74.889864, 10.95836 ], [ -74.890031, 10.958365 ], [ -74.890158, 10.958324 ], [ -74.890194, 10.958209 ], [ -74.890163, 10.957968 ], [ -74.890057, 10.957823 ], [ -74.889859, 10.957637 ], [ -74.889523, 10.957582 ], [ -74.889437, 10.957472 ], [ -74.889452, 10.957336 ], [ -74.889544, 10.957131 ], [ -74.889762, 10.9568 ], [ -74.889889, 10.956704 ], [ -74.890046, 10.956619 ], [ -74.890062, 10.95653 ], [ -74.885706, 10.958647 ], [ -74.87176, 10.965355 ], [ -74.867953, 10.967211 ], [ -74.850335, 10.975678 ], [ -74.8506, 10.975755 ], [ -74.850678, 10.975792 ], [ -74.850767, 10.975869 ], [ -74.850802, 10.975944 ], [ -74.850799, 10.975979 ], [ -74.850756, 10.976049 ], [ -74.850597, 10.976131 ], [ -74.850542, 10.97619 ], [ -74.850506, 10.976396 ], [ -74.8505, 10.976574 ], [ -74.850401, 10.976982 ], [ -74.850392, 10.977079 ], [ -74.850436, 10.97726 ], [ -74.850442, 10.977352 ], [ -74.850364, 10.977686 ], [ -74.850351, 10.977843 ], [ -74.850427, 10.978075 ], [ -74.85046, 10.978136 ], [ -74.846965, 10.979822 ], [ -74.846292, 10.980125 ], [ -74.837236, 10.982414 ], [ -74.836087, 10.982665 ], [ -74.836078, 10.984955 ] ] ] } },
{ "type": "Feature", "properties": { "zona_id": 185, "nombre": "La Playa", "area_m2": 1795774.53, "area_valida_m2": 1795785.12, "cobertura_pct": 100.0, "ndvi_medio": 0.338, "pct_vegetacion": 47.59, "pct_vegetacion_densa": 9.62, "pct_vegetacion_rala": 37.97, "pct_impermeable": 52.4, "pct_agua": 0.01, "pct_sombra": null, "temp_superficie_c": 41.15, "m2_vegetacion": 854573.95, "m2_impermeable": 940982.64, "rank_menos_vegetacion": 148, "rank_mas_impermeable": 147 }, "geometry": { "type": "Polygon", "coordinates": [ [ [ -74.872479, 11.034513 ], [ -74.872544, 11.034359 ], [ -74.872726, 11.034091 ], [ -74.873363, 11.033005 ], [ -74.873633, 11.031377 ], [ -74.873175, 11.031107 ], [ -74.871981, 11.029574 ], [ -74.872437, 11.028759 ], [ -74.87106, 11.027135 ], [ -74.869254, 11.02681 ], [ -74.868798, 11.026702 ], [ -74.868293, 11.026605 ], [ -74.871826, 11.022326 ], [ -74.870124, 11.021089 ], [ -74.869642, 11.021903 ], [ -74.869446, 11.02215 ], [ -74.869157, 11.022558 ], [ -74.868785, 11.022938 ], [ -74.868479, 11.023209 ], [ -74.868173, 11.023452 ], [ -74.867744, 11.023853 ], [ -74.867471, 11.024327 ], [ -74.866535, 11.025213 ], [ -74.865107, 11.025343 ], [ -74.864465, 11.024621 ], [ -74.862551, 11.027338 ], [ -74.862186, 11.027791 ], [ -74.860706, 11.028381 ], [ -74.859724, 11.031233 ], [ -74.859241, 11.031352 ], [ -74.856258, 11.030608 ], [ -74.855673, 11.032524 ], [ -74.858122, 11.033282 ], [ -74.85821, 11.033248 ], [ -74.858263, 11.033172 ], [ -74.858438, 11.033105 ], [ -74.85852, 11.033057 ], [ -74.858578, 11.032976 ], [ -74.858651, 11.032913 ], [ -74.858815, 11.032808 ], [ -74.858912, 11.032813 ], [ -74.858999, 11.032784 ], [ -74.859091, 11.032789 ], [ -74.859154, 11.032856 ], [ -74.85944, 11.03288 ], [ -74.859716, 11.032966 ], [ -74.859803, 11.032932 ], [ -74.859963, 11.032837 ], [ -74.860089, 11.032698 ], [ -74.860181, 11.032698 ], [ -74.860452, 11.032789 ], [ -74.860612, 11.032889 ], [ -74.860752, 11.033009 ], [ -74.860844, 11.033033 ], [ -74.861043, 11.033239 ], [ -74.86112, 11.033291 ], [ -74.861179, 11.033372 ], [ -74.861271, 11.033382 ], [ -74.861363, 11.033358 ], [ -74.861639, 11.033358 ], [ -74.861726, 11.033396 ], [ -74.861798, 11.033459 ], [ -74.861847, 11.03354 ], [ -74.861915, 11.033712 ], [ -74.862002, 11.03375 ], [ -74.862065, 11.033817 ], [ -74.862089, 11.033908 ], [ -74.86207, 11.033999 ], [ -74.861895, 11.03409 ], [ -74.861842, 11.034166 ], [ -74.86175, 11.034167 ], [ -74.861658, 11.034186 ], [ -74.861576, 11.034243 ], [ -74.861518, 11.034315 ], [ -74.861489, 11.034401 ], [ -74.861416, 11.034458 ], [ -74.861372, 11.03454 ], [ -74.861193, 11.034602 ], [ -74.861116, 11.034655 ], [ -74.861077, 11.034741 ], [ -74.861014, 11.034808 ], [ -74.860927, 11.034851 ], [ -74.860854, 11.034908 ], [ -74.860731, 11.034953 ], [ -74.86069, 11.035013 ], [ -74.860307, 11.035119 ], [ -74.860118, 11.035109 ], [ -74.860041, 11.035056 ], [ -74.859954, 11.035028 ], [ -74.859866, 11.035061 ], [ -74.859721, 11.035176 ], [ -74.859668, 11.035257 ], [ -74.859634, 11.035344 ], [ -74.859552, 11.035396 ], [ -74.859092, 11.035549 ], [ -74.858903, 11.035564 ], [ -74.858714, 11.035525 ], [ -74.858462, 11.035382 ], [ -74.85837, 11.035363 ], [ -74.858283, 11.035391 ], [ -74.858041, 11.035545 ], [ -74.857973, 11.035607 ], [ -74.857934, 11.035693 ], [ -74.857992, 11.035765 ], [ -74.858157, 11.035669 ], [ -74.858239, 11.035717 ], [ -74.858307, 11.035779 ], [ -74.858336, 11.035865 ], [ -74.858414, 11.035918 ], [ -74.858443, 11.036004 ], [ -74.858385, 11.036076 ], [ -74.858293, 11.03609 ], [ -74.858322, 11.036176 ], [ -74.858414, 11.036353 ], [ -74.858496, 11.036406 ], [ -74.858588, 11.036396 ], [ -74.858653, 11.036417 ], [ -74.858792, 11.036364 ], [ -74.858859, 11.036248 ], [ -74.859009, 11.036128 ], [ -74.859097, 11.036166 ], [ -74.859121, 11.036262 ], [ -74.859179, 11.036339 ], [ -74.859251, 11.036401 ], [ -74.859523, 11.036516 ], [ -74.859615, 11.036511 ], [ -74.859678, 11.036444 ], [ -74.85975, 11.036272 ], [ -74.859837, 11.036243 ], [ -74.859929, 11.036233 ], [ -74.859944, 11.036142 ], [ -74.860002, 11.036071 ], [ -74.860278, 11.036032 ], [ -74.860365, 11.036061 ], [ -74.860612, 11.036195 ], [ -74.860685, 11.036252 ], [ -74.860782, 11.036248 ], [ -74.86084, 11.036176 ], [ -74.860908, 11.036004 ], [ -74.860961, 11.035922 ], [ -74.861033, 11.03586 ], [ -74.861222, 11.03586 ], [ -74.861406, 11.035898 ], [ -74.861484, 11.035951 ], [ -74.861547, 11.036023 ], [ -74.861634, 11.035994 ], [ -74.861707, 11.035937 ], [ -74.861789, 11.03598 ], [ -74.861876, 11.035946 ], [ -74.861963, 11.03598 ], [ -74.862109, 11.036094 ], [ -74.862171, 11.036161 ], [ -74.862201, 11.036247 ], [ -74.862274, 11.036317 ], [ -74.862409, 11.036353 ], [ -74.862501, 11.036329 ], [ -74.862593, 11.036329 ], [ -74.862578, 11.03642 ], [ -74.862603, 11.03651 ], [ -74.862699, 11.036683 ], [ -74.862782, 11.036735 ], [ -74.862908, 11.036874 ], [ -74.863092, 11.036907 ], [ -74.863169, 11.036965 ], [ -74.863227, 11.037037 ], [ -74.863266, 11.037123 ], [ -74.863445, 11.037199 ], [ -74.863503, 11.037276 ], [ -74.863595, 11.037295 ], [ -74.863682, 11.037343 ], [ -74.863707, 11.037438 ], [ -74.863712, 11.037529 ], [ -74.863804, 11.037563 ], [ -74.863896, 11.037568 ], [ -74.863973, 11.03763 ], [ -74.864147, 11.037716 ], [ -74.864196, 11.037797 ], [ -74.864288, 11.037816 ], [ -74.864433, 11.037697 ], [ -74.864515, 11.037654 ], [ -74.864607, 11.03762 ], [ -74.86469, 11.037663 ], [ -74.864782, 11.03763 ], [ -74.864859, 11.037567 ], [ -74.865188, 11.037483 ], [ -74.866391, 11.038038 ], [ -74.867599, 11.038494 ], [ -74.867998, 11.037765 ], [ -74.868855, 11.0381 ], [ -74.868788, 11.038232 ], [ -74.869121, 11.038388 ], [ -74.869952, 11.037228 ], [ -74.871473, 11.035696 ], [ -74.872479, 11.034513 ] ] ] } },
{ "type": "Feature", "properties": { "zona_id": 186, "nombre": "Juan Mina", "area_m2": 342168.94, "area_valida_m2": 342079.2, "cobertura_pct": 99.97, "ndvi_medio": 0.473, "pct_vegetacion": 72.6, "pct_vegetacion_densa": 34.38, "pct_vegetacion_rala": 38.22, "pct_impermeable": 27.3, "pct_agua": 0.1, "pct_sombra": null, "temp_superficie_c": 42.72, "m2_vegetacion": 248344.05, "m2_impermeable": 93379.74, "rank_menos_vegetacion": 182, "rank_mas_impermeable": 182 }, "geometry": { "type": "Polygon", "coordinates": [ [ [ -74.895189, 10.954035 ], [ -74.89336, 10.953803 ], [ -74.893391, 10.953646 ], [ -74.893075, 10.953365 ], [ -74.893152, 10.95198 ], [ -74.891563, 10.952073 ], [ -74.891255, 10.953067 ], [ -74.891181, 10.953504 ], [ -74.890799, 10.953478 ], [ -74.890571, 10.95483 ], [ -74.890088, 10.954876 ], [ -74.889652, 10.954962 ], [ -74.88929, 10.955082 ], [ -74.888921, 10.955227 ], [ -74.888647, 10.955367 ], [ -74.888482, 10.95548 ], [ -74.888626, 10.955687 ], [ -74.888757, 10.955832 ], [ -74.888945, 10.955997 ], [ -74.889102, 10.956098 ], [ -74.889427, 10.956198 ], [ -74.889731, 10.956193 ], [ -74.890005, 10.956388 ], [ -74.890066, 10.956504 ], [ -74.890046, 10.956619 ], [ -74.889889, 10.956704 ], [ -74.889762, 10.9568 ], [ -74.889544, 10.957131 ], [ -74.889452, 10.957336 ], [ -74.889437, 10.957472 ], [ -74.889523, 10.957582 ], [ -74.889859, 10.957637 ], [ -74.890057, 10.957823 ], [ -74.890163, 10.957968 ], [ -74.890194, 10.958209 ], [ -74.890158, 10.958324 ], [ -74.890031, 10.958365 ], [ -74.889864, 10.95836 ], [ -74.889691, 10.95838 ], [ -74.889615, 10.958455 ], [ -74.889549, 10.958575 ], [ -74.889554, 10.958641 ], [ -74.889635, 10.958766 ], [ -74.889635, 10.958841 ], [ -74.889595, 10.958972 ], [ -74.889539, 10.959067 ], [ -74.889458, 10.959157 ], [ -74.889468, 10.959222 ], [ -74.889529, 10.959353 ], [ -74.889775, 10.959211 ], [ -74.896937, 10.955732 ], [ -74.896163, 10.95482 ], [ -74.895933, 10.954173 ], [ -74.895988, 10.954057 ], [ -74.896018, 10.953933 ], [ -74.896021, 10.953805 ], [ -74.895987, 10.95365 ], [ -74.895189, 10.954035 ] ] ] } },
{ "type": "Feature", "properties": { "zona_id": 187, "nombre": "Villas de San Pablo", "area_m2": 130874.77, "area_valida_m2": 130890.24, "cobertura_pct": 100.0, "ndvi_medio": 0.455, "pct_vegetacion": 79.73, "pct_vegetacion_densa": 26.96, "pct_vegetacion_rala": 52.78, "pct_impermeable": 20.27, "pct_agua": 0.0, "pct_sombra": null, "temp_superficie_c": 41.9, "m2_vegetacion": 104362.79, "m2_impermeable": 26527.45, "rank_menos_vegetacion": 187, "rank_mas_impermeable": 187 }, "geometry": { "type": "Polygon", "coordinates": [ [ [ -74.866046, 10.959945 ], [ -74.867321, 10.958726 ], [ -74.866807, 10.95604 ], [ -74.866137, 10.955984 ], [ -74.866023, 10.956054 ], [ -74.865531, 10.956561 ], [ -74.864323, 10.957882 ], [ -74.86323, 10.957954 ], [ -74.86196, 10.957984 ], [ -74.861305, 10.958741 ], [ -74.862671, 10.95994 ], [ -74.864142, 10.958284 ], [ -74.866046, 10.959945 ] ] ] } },
{ "type": "Feature", "properties": { "zona_id": 188, "nombre": "Alameda del Río ", "area_m2": 1251328.62, "area_valida_m2": 1251342.72, "cobertura_pct": 100.0, "ndvi_medio": 0.312, "pct_vegetacion": 41.22, "pct_vegetacion_densa": 10.68, "pct_vegetacion_rala": 30.55, "pct_impermeable": 58.77, "pct_agua": 0.0, "pct_sombra": null, "temp_superficie_c": 40.64, "m2_vegetacion": 515850.69, "m2_impermeable": 735472.76, "rank_menos_vegetacion": 123, "rank_mas_impermeable": 122 }, "geometry": { "type": "Polygon", "coordinates": [ [ [ -74.839822, 10.9974 ], [ -74.84067, 10.99975 ], [ -74.840964, 10.999753 ], [ -74.84257, 10.999058 ], [ -74.843494, 10.998872 ], [ -74.844921, 10.998291 ], [ -74.845813, 10.998322 ], [ -74.847104, 10.99769 ], [ -74.848772, 10.996767 ], [ -74.849748, 10.995771 ], [ -74.850168, 10.995605 ], [ -74.851942, 10.995004 ], [ -74.85317, 10.994672 ], [ -74.853568, 10.993179 ], [ -74.854827, 10.991043 ], [ -74.854292, 10.990576 ], [ -74.852791, 10.990732 ], [ -74.851532, 10.991333 ], [ -74.851259, 10.988565 ], [ -74.85106, 10.988471 ], [ -74.845214, 10.990535 ], [ -74.843682, 10.988855 ], [ -74.841793, 10.990183 ], [ -74.842601, 10.991997 ], [ -74.841352, 10.992526 ], [ -74.838141, 10.992879 ], [ -74.838972, 10.995145 ], [ -74.839822, 10.9974 ] ] ] } },
{ "type": "Feature", "properties": { "zona_id": 189, "nombre": "Caribe Verde", "area_m2": 1767184.82, "area_valida_m2": 1767198.24, "cobertura_pct": 100.0, "ndvi_medio": 0.41, "pct_vegetacion": 59.59, "pct_vegetacion_densa": 26.12, "pct_vegetacion_rala": 33.47, "pct_impermeable": 40.41, "pct_agua": 0.0, "pct_sombra": null, "temp_superficie_c": 40.85, "m2_vegetacion": 1053026.3, "m2_impermeable": 714171.94, "rank_menos_vegetacion": 171, "rank_mas_impermeable": 171 }, "geometry": { "type": "Polygon", "coordinates": [ [ [ -74.844267, 10.95727 ], [ -74.844342, 10.957437 ], [ -74.844898, 10.960185 ], [ -74.848844, 10.960704 ], [ -74.849064, 10.958163 ], [ -74.854143, 10.958806 ], [ -74.85386, 10.961284 ], [ -74.854479, 10.961273 ], [ -74.856378, 10.960465 ], [ -74.85684, 10.960869 ], [ -74.856043, 10.961916 ], [ -74.858845, 10.964342 ], [ -74.860985, 10.96204 ], [ -74.861594, 10.962517 ], [ -74.863829, 10.959977 ], [ -74.864763, 10.960723 ], [ -74.865695, 10.959639 ], [ -74.864142, 10.958284 ], [ -74.862671, 10.95994 ], [ -74.861305, 10.958741 ], [ -74.86196, 10.957984 ], [ -74.86323, 10.957954 ], [ -74.864323, 10.957882 ], [ -74.865531, 10.956561 ], [ -74.865856, 10.956226 ], [ -74.863944, 10.954388 ], [ -74.863178, 10.955829 ], [ -74.86323, 10.957042 ], [ -74.86003, 10.956773 ], [ -74.861121, 10.953517 ], [ -74.862422, 10.950178 ], [ -74.860732, 10.949369 ], [ -74.858938, 10.952532 ], [ -74.856808, 10.951527 ], [ -74.857668, 10.949816 ], [ -74.856178, 10.948997 ], [ -74.855003, 10.949754 ], [ -74.852301, 10.952376 ], [ -74.851924, 10.955844 ], [ -74.849563, 10.955682 ], [ -74.844645, 10.955034 ], [ -74.844267, 10.95727 ] ] ] } },
{ "type": "Feature", "properties": { "zona_id": 190, "nombre": "Sin nombre", "area_m2": 790215.51, "area_valida_m2": 0.0, "cobertura_pct": 0.0, "ndvi_medio": null, "pct_vegetacion": null, "pct_vegetacion_densa": null, "pct_vegetacion_rala": null, "pct_impermeable": null, "pct_agua": null, "pct_sombra": null, "temp_superficie_c": 32.49, "m2_vegetacion": null, "m2_impermeable": null, "rank_menos_vegetacion": null, "rank_mas_impermeable": null }, "geometry": { "type": "Polygon", "coordinates": [ [ [ -74.828192, 11.045232 ], [ -74.82847, 11.045486 ], [ -74.828722, 11.04561 ], [ -74.828863, 11.045735 ], [ -74.82909, 11.045902 ], [ -74.829211, 11.046041 ], [ -74.829366, 11.046151 ], [ -74.829449, 11.046318 ], [ -74.829637, 11.046524 ], [ -74.829676, 11.04661 ], [ -74.829826, 11.046787 ], [ -74.830025, 11.047108 ], [ -74.830093, 11.047175 ], [ -74.830243, 11.047285 ], [ -74.830519, 11.047543 ], [ -74.830601, 11.047591 ], [ -74.830742, 11.04771 ], [ -74.830911, 11.047806 ], [ -74.83111, 11.048002 ], [ -74.83126, 11.048117 ], [ -74.831372, 11.048264 ], [ -74.831536, 11.04843 ], [ -74.831817, 11.048684 ], [ -74.831938, 11.048828 ], [ -74.832083, 11.048942 ], [ -74.832185, 11.0491 ], [ -74.832432, 11.049378 ], [ -74.832708, 11.04976 ], [ -74.832829, 11.049899 ], [ -74.832843, 11.04999 ], [ -74.832887, 11.050076 ], [ -74.833022, 11.050205 ], [ -74.833066, 11.050287 ], [ -74.833187, 11.05043 ], [ -74.833265, 11.050483 ], [ -74.833386, 11.050626 ], [ -74.833526, 11.050746 ], [ -74.833647, 11.050894 ], [ -74.83372, 11.050952 ], [ -74.833749, 11.051038 ], [ -74.833821, 11.051095 ], [ -74.833991, 11.051181 ], [ -74.834054, 11.051248 ], [ -74.834141, 11.051277 ], [ -74.834243, 11.051435 ], [ -74.834403, 11.051545 ], [ -74.834674, 11.051803 ], [ -74.834727, 11.05188 ], [ -74.834887, 11.05199 ], [ -74.83494, 11.052066 ], [ -74.835163, 11.052229 ], [ -74.835216, 11.052305 ], [ -74.835371, 11.052411 ], [ -74.835492, 11.052554 ], [ -74.835565, 11.052612 ], [ -74.835608, 11.052693 ], [ -74.83573, 11.052841 ], [ -74.835797, 11.052908 ], [ -74.83588, 11.052951 ], [ -74.835957, 11.053013 ], [ -74.83601, 11.05309 ], [ -74.836083, 11.053152 ], [ -74.836127, 11.053233 ], [ -74.8365, 11.05364 ], [ -74.836558, 11.053712 ], [ -74.836596, 11.053798 ], [ -74.836611, 11.053889 ], [ -74.836669, 11.053961 ], [ -74.836766, 11.053984 ], [ -74.836805, 11.054071 ], [ -74.836969, 11.054157 ], [ -74.837008, 11.054219 ], [ -74.837095, 11.054295 ], [ -74.837148, 11.054372 ], [ -74.837308, 11.054477 ], [ -74.837429, 11.054621 ], [ -74.837507, 11.054673 ], [ -74.837628, 11.054822 ], [ -74.837705, 11.054874 ], [ -74.837754, 11.054956 ], [ -74.837817, 11.055027 ], [ -74.837894, 11.055085 ], [ -74.83801, 11.055233 ], [ -74.838083, 11.05529 ], [ -74.838195, 11.055439 ], [ -74.83834, 11.055554 ], [ -74.838379, 11.05564 ], [ -74.838466, 11.055692 ], [ -74.838519, 11.055778 ], [ -74.838601, 11.055826 ], [ -74.838669, 11.055888 ], [ -74.838718, 11.05597 ], [ -74.838785, 11.056037 ], [ -74.838863, 11.056209 ], [ -74.839221, 11.056639 ], [ -74.839274, 11.056716 ], [ -74.839357, 11.056883 ], [ -74.839429, 11.056941 ], [ -74.839604, 11.057271 ], [ -74.839681, 11.057539 ], [ -74.839686, 11.057721 ], [ -74.839633, 11.057797 ], [ -74.839555, 11.057969 ], [ -74.839638, 11.057926 ], [ -74.839725, 11.057764 ], [ -74.839788, 11.057697 ], [ -74.83988, 11.057697 ], [ -74.839952, 11.057759 ], [ -74.840195, 11.058051 ], [ -74.840321, 11.058299 ], [ -74.840427, 11.058467 ], [ -74.840543, 11.05861 ], [ -74.840727, 11.05894 ], [ -74.840921, 11.059141 ], [ -74.841168, 11.059538 ], [ -74.842659, 11.061675 ], [ -74.844408, 11.064128 ], [ -74.845799, 11.066386 ], [ -74.846197, 11.067368 ], [ -74.846535, 11.068722 ], [ -74.847091, 11.071588 ], [ -74.849198, 11.08107 ], [ -74.850449, 11.086492 ], [ -74.850555, 11.087197 ], [ -74.850638, 11.087633 ], [ -74.850687, 11.088024 ], [ -74.851137, 11.090923 ], [ -74.851783, 11.094772 ], [ -74.852138, 11.096501 ], [ -74.853542, 11.102146 ], [ -74.854854, 11.106806 ], [ -74.855329, 11.106613 ], [ -74.852313, 11.094563 ], [ -74.851965, 11.092635 ], [ -74.851948, 11.09214 ], [ -74.851763, 11.090517 ], [ -74.850553, 11.084387 ], [ -74.850302, 11.083229 ], [ -74.849743, 11.08083 ], [ -74.849213, 11.078211 ], [ -74.848962, 11.077135 ], [ -74.848654, 11.07526 ], [ -74.848096, 11.073109 ], [ -74.847482, 11.0698 ], [ -74.846979, 11.067374 ], [ -74.846616, 11.066491 ], [ -74.84589, 11.065306 ], [ -74.844941, 11.063679 ], [ -74.844847, 11.063597 ], [ -74.84464, 11.063362 ], [ -74.844466, 11.063199 ], [ -74.844201, 11.062995 ], [ -74.844074, 11.062839 ], [ -74.844023, 11.062712 ], [ -74.843906, 11.06277 ], [ -74.843674, 11.062655 ], [ -74.843558, 11.062425 ], [ -74.843558, 11.062311 ], [ -74.8435, 11.062196 ], [ -74.8435, 11.061966 ], [ -74.843383, 11.061737 ], [ -74.843267, 11.061679 ], [ -74.843151, 11.06145 ], [ -74.843035, 11.061335 ], [ -74.842977, 11.06122 ], [ -74.84286, 11.06122 ], [ -74.84286, 11.061105 ], [ -74.842744, 11.061048 ], [ -74.842686, 11.060933 ], [ -74.842686, 11.060703 ], [ -74.842628, 11.060589 ], [ -74.842628, 11.060359 ], [ -74.84257, 11.060244 ], [ -74.84257, 11.06002 ], [ -74.842556, 11.059933 ], [ -74.842469, 11.059771 ], [ -74.842382, 11.059742 ], [ -74.84229, 11.059737 ], [ -74.842256, 11.059646 ], [ -74.842251, 11.059555 ], [ -74.842207, 11.059474 ], [ -74.842183, 11.059383 ], [ -74.842178, 11.059292 ], [ -74.842139, 11.059201 ], [ -74.842144, 11.05911 ], [ -74.842173, 11.059024 ], [ -74.842081, 11.059015 ], [ -74.842076, 11.058924 ], [ -74.842115, 11.058838 ], [ -74.84197, 11.058594 ], [ -74.841892, 11.058541 ], [ -74.841636, 11.058417 ], [ -74.841568, 11.058355 ], [ -74.841408, 11.058249 ], [ -74.841321, 11.058221 ], [ -74.841229, 11.058058 ], [ -74.840871, 11.057929 ], [ -74.840803, 11.057779 ], [ -74.840711, 11.057709 ], [ -74.840624, 11.057546 ], [ -74.840381, 11.057383 ], [ -74.840289, 11.057388 ], [ -74.840202, 11.057427 ], [ -74.84011, 11.057412 ], [ -74.840164, 11.057331 ], [ -74.840348, 11.057307 ], [ -74.840512, 11.057077 ], [ -74.840599, 11.057039 ], [ -74.840633, 11.056953 ], [ -74.840561, 11.056891 ], [ -74.840377, 11.056886 ], [ -74.840367, 11.056795 ], [ -74.840609, 11.056637 ], [ -74.840861, 11.056503 ], [ -74.840953, 11.056489 ], [ -74.841114, 11.056508 ], [ -74.841117, 11.056449 ], [ -74.841092, 11.056401 ], [ -74.840967, 11.056369 ], [ -74.840871, 11.056369 ], [ -74.840779, 11.056384 ], [ -74.840619, 11.056479 ], [ -74.840532, 11.056513 ], [ -74.840251, 11.056556 ], [ -74.840256, 11.056465 ], [ -74.840294, 11.056379 ], [ -74.840357, 11.056307 ], [ -74.840628, 11.056231 ], [ -74.841757, 11.056216 ], [ -74.841781, 11.056198 ], [ -74.841771, 11.056109 ], [ -74.84072, 11.056116 ], [ -74.840701, 11.056025 ], [ -74.840662, 11.055939 ], [ -74.840648, 11.055757 ], [ -74.840551, 11.055594 ], [ -74.840498, 11.055417 ], [ -74.840435, 11.055346 ], [ -74.840289, 11.05535 ], [ -74.840304, 11.055259 ], [ -74.840357, 11.055183 ], [ -74.840377, 11.055092 ], [ -74.840377, 11.055001 ], [ -74.84028, 11.054982 ], [ -74.840222, 11.05491 ], [ -74.840183, 11.054728 ], [ -74.840086, 11.054724 ], [ -74.840013, 11.054781 ], [ -74.839999, 11.05469 ], [ -74.840009, 11.054599 ], [ -74.839916, 11.054599 ], [ -74.839849, 11.054662 ], [ -74.839757, 11.054647 ], [ -74.839679, 11.054595 ], [ -74.839592, 11.054623 ], [ -74.839519, 11.054681 ], [ -74.839447, 11.054623 ], [ -74.83936, 11.054662 ], [ -74.839268, 11.054666 ], [ -74.839176, 11.054623 ], [ -74.839084, 11.054614 ], [ -74.838822, 11.054499 ], [ -74.838788, 11.054413 ], [ -74.83872, 11.054351 ], [ -74.838667, 11.054274 ], [ -74.838599, 11.054212 ], [ -74.838289, 11.053997 ], [ -74.838125, 11.053906 ], [ -74.83795, 11.053834 ], [ -74.837631, 11.053633 ], [ -74.837548, 11.053597 ], [ -74.837403, 11.053595 ], [ -74.83733, 11.053533 ], [ -74.837224, 11.053269 ], [ -74.837316, 11.053274 ], [ -74.837384, 11.053212 ], [ -74.837393, 11.053121 ], [ -74.837292, 11.052954 ], [ -74.837205, 11.052906 ], [ -74.837161, 11.052992 ], [ -74.837088, 11.053049 ], [ -74.837035, 11.052973 ], [ -74.836924, 11.052719 ], [ -74.836866, 11.052638 ], [ -74.836686, 11.052581 ], [ -74.836706, 11.05249 ], [ -74.836788, 11.052442 ], [ -74.836841, 11.052365 ], [ -74.836899, 11.052184 ], [ -74.836909, 11.052093 ], [ -74.836885, 11.051906 ], [ -74.83688, 11.051715 ], [ -74.836909, 11.051523 ], [ -74.836909, 11.051155 ], [ -74.83687, 11.050964 ], [ -74.836851, 11.050691 ], [ -74.836803, 11.05061 ], [ -74.836527, 11.050351 ], [ -74.83641, 11.050208 ], [ -74.836376, 11.050122 ], [ -74.836459, 11.05017 ], [ -74.836599, 11.050304 ], [ -74.836769, 11.050399 ], [ -74.836856, 11.050366 ], [ -74.836793, 11.050299 ], [ -74.836706, 11.050265 ], [ -74.836623, 11.050213 ], [ -74.83642, 11.050036 ], [ -74.836328, 11.049873 ], [ -74.836265, 11.049796 ], [ -74.835989, 11.049552 ], [ -74.835926, 11.049476 ], [ -74.835781, 11.049361 ], [ -74.835718, 11.049294 ], [ -74.835674, 11.049213 ], [ -74.83565, 11.049122 ], [ -74.8355, 11.049002 ], [ -74.835384, 11.048849 ], [ -74.83534, 11.048763 ], [ -74.835335, 11.048672 ], [ -74.83538, 11.048501 ], [ -74.835388, 11.048184 ], [ -74.835379, 11.048003 ], [ -74.835403, 11.047912 ], [ -74.835505, 11.047649 ], [ -74.835655, 11.047414 ], [ -74.835694, 11.047328 ], [ -74.835713, 11.047237 ], [ -74.835781, 11.047175 ], [ -74.835863, 11.047003 ], [ -74.835882, 11.046912 ], [ -74.835819, 11.046644 ], [ -74.835737, 11.046601 ], [ -74.835674, 11.046529 ], [ -74.835611, 11.046352 ], [ -74.835597, 11.04617 ], [ -74.835572, 11.046079 ], [ -74.835505, 11.046012 ], [ -74.835413, 11.045998 ], [ -74.835229, 11.046032 ], [ -74.835141, 11.046065 ], [ -74.835049, 11.046075 ], [ -74.834773, 11.04607 ], [ -74.834672, 11.046041 ], [ -74.834512, 11.045969 ], [ -74.834367, 11.045845 ], [ -74.834318, 11.045764 ], [ -74.83425, 11.045702 ], [ -74.834066, 11.045692 ], [ -74.833887, 11.045625 ], [ -74.833732, 11.04552 ], [ -74.833655, 11.045572 ], [ -74.83365, 11.045663 ], [ -74.833572, 11.045716 ], [ -74.833384, 11.04574 ], [ -74.833321, 11.045807 ], [ -74.833204, 11.04606 ], [ -74.833171, 11.046146 ], [ -74.833164, 11.046238 ], [ -74.83318, 11.0464 ], [ -74.833204, 11.046491 ], [ -74.833248, 11.046572 ], [ -74.833253, 11.046663 ], [ -74.833238, 11.046754 ], [ -74.833146, 11.046921 ], [ -74.833078, 11.047094 ], [ -74.833049, 11.04728 ], [ -74.833006, 11.047361 ], [ -74.832938, 11.047424 ], [ -74.832846, 11.047428 ], [ -74.832744, 11.047405 ], [ -74.832662, 11.047357 ], [ -74.832207, 11.047223 ], [ -74.831945, 11.047118 ], [ -74.831723, 11.046945 ], [ -74.831543, 11.046883 ], [ -74.831456, 11.046926 ], [ -74.831408, 11.047007 ], [ -74.831379, 11.047189 ], [ -74.83135, 11.047275 ], [ -74.831267, 11.047318 ], [ -74.831083, 11.047113 ], [ -74.830914, 11.047031 ], [ -74.830822, 11.047003 ], [ -74.830638, 11.046979 ], [ -74.83058, 11.046907 ], [ -74.830589, 11.046725 ], [ -74.83058, 11.046634 ], [ -74.830502, 11.046582 ], [ -74.830226, 11.046591 ], [ -74.830221, 11.046409 ], [ -74.830129, 11.046247 ], [ -74.83, 11.046174 ], [ -74.829916, 11.046166 ], [ -74.829601, 11.045826 ], [ -74.829543, 11.045649 ], [ -74.829539, 11.045558 ], [ -74.829703, 11.045472 ], [ -74.829737, 11.045386 ], [ -74.829703, 11.0453 ], [ -74.829645, 11.045228 ], [ -74.829577, 11.045056 ], [ -74.829471, 11.044697 ], [ -74.829461, 11.044515 ], [ -74.82935, 11.044357 ], [ -74.829219, 11.044223 ], [ -74.829175, 11.044137 ], [ -74.829229, 11.044061 ], [ -74.829321, 11.044061 ], [ -74.829118, 11.04394 ], [ -74.828165, 11.044685 ], [ -74.828429, 11.04497 ], [ -74.828192, 11.045232 ] ] ] } },
{ "type": "Feature", "properties": { "zona_id": 191, "nombre": "Sin nombre", "area_m2": 1439897.09, "area_valida_m2": 1439550.72, "cobertura_pct": 99.98, "ndvi_medio": 0.442, "pct_vegetacion": 63.85, "pct_vegetacion_densa": 37.14, "pct_vegetacion_rala": 26.7, "pct_impermeable": 36.15, "pct_agua": 0.0, "pct_sombra": null, "temp_superficie_c": 42.21, "m2_vegetacion": 919102.84, "m2_impermeable": 520447.88, "rank_menos_vegetacion": 177, "rank_mas_impermeable": 176 }, "geometry": { "type": "Polygon", "coordinates": [ [ [ -74.835094, 10.952962 ], [ -74.83585, 10.950267 ], [ -74.836578, 10.9505 ], [ -74.837251, 10.947821 ], [ -74.838161, 10.94805 ], [ -74.838248, 10.947668 ], [ -74.837289, 10.947395 ], [ -74.837362, 10.947108 ], [ -74.837751, 10.945945 ], [ -74.838048, 10.945966 ], [ -74.83873, 10.945971 ], [ -74.839422, 10.945863 ], [ -74.840093, 10.945685 ], [ -74.84169, 10.945213 ], [ -74.8424, 10.945023 ], [ -74.843718, 10.944598 ], [ -74.844195, 10.944388 ], [ -74.845463, 10.943757 ], [ -74.848404, 10.942241 ], [ -74.849467, 10.941573 ], [ -74.850228, 10.941071 ], [ -74.8504, 10.940986 ], [ -74.852242, 10.940869 ], [ -74.853139, 10.940746 ], [ -74.854196, 10.940471 ], [ -74.855941, 10.939966 ], [ -74.857756, 10.939417 ], [ -74.858215, 10.939238 ], [ -74.858467, 10.939117 ], [ -74.859026, 10.938797 ], [ -74.859457, 10.938493 ], [ -74.859743, 10.938254 ], [ -74.860593, 10.937359 ], [ -74.85826, 10.936707 ], [ -74.858106, 10.936651 ], [ -74.857791, 10.936888 ], [ -74.857542, 10.93704 ], [ -74.857309, 10.93716 ], [ -74.856873, 10.937329 ], [ -74.852881, 10.938493 ], [ -74.852635, 10.938551 ], [ -74.85214, 10.938606 ], [ -74.850003, 10.938747 ], [ -74.849641, 10.937454 ], [ -74.849255, 10.936581 ], [ -74.848991, 10.936652 ], [ -74.848851, 10.936704 ], [ -74.847932, 10.937156 ], [ -74.846158, 10.938302 ], [ -74.843394, 10.939725 ], [ -74.84203, 10.940394 ], [ -74.841058, 10.940701 ], [ -74.840412, 10.940873 ], [ -74.838841, 10.941337 ], [ -74.838403, 10.941452 ], [ -74.83822, 10.941448 ], [ -74.833878, 10.94108 ], [ -74.83385, 10.942083 ], [ -74.833496, 10.945444 ], [ -74.833429, 10.946293 ], [ -74.833415, 10.9466 ], [ -74.833423, 10.946875 ], [ -74.833454, 10.947181 ], [ -74.833609, 10.947998 ], [ -74.834007, 10.949431 ], [ -74.83497, 10.952735 ], [ -74.835094, 10.952962 ] ] ] } }
]
}
